ISO-10303-21;
HEADER;
FILE_DESCRIPTION(('FreeCAD Model'),'2;1');
FILE_NAME('Open CASCADE Shape Model','2026-02-08T14:26:38',(''),(''),
  'Open CASCADE STEP processor 7.7','FreeCAD','Unknown');
FILE_SCHEMA(('AUTOMOTIVE_DESIGN { 1 0 10303 214 1 1 1 1 }'));
ENDSEC;
DATA;
#1 = APPLICATION_PROTOCOL_DEFINITION('international standard',
  'automotive_design',2000,#2);
#2 = APPLICATION_CONTEXT(
  'core data for automotive mechanical design processes');
#3 = SHAPE_DEFINITION_REPRESENTATION(#4,#10);
#4 = PRODUCT_DEFINITION_SHAPE('','',#5);
#5 = PRODUCT_DEFINITION('design','',#6,#9);
#6 = PRODUCT_DEFINITION_FORMATION('','',#7);
#7 = PRODUCT('Chamfer009','Chamfer009','',(#8));
#8 = PRODUCT_CONTEXT('',#2,'mechanical');
#9 = PRODUCT_DEFINITION_CONTEXT('part definition',#2,'design');
#10 = ADVANCED_BREP_SHAPE_REPRESENTATION('',(#11,#15),#11422);
#11 = AXIS2_PLACEMENT_3D('',#12,#13,#14);
#12 = CARTESIAN_POINT('',(0.,0.,0.));
#13 = DIRECTION('',(0.,0.,1.));
#14 = DIRECTION('',(1.,0.,-0.));
#15 = MANIFOLD_SOLID_BREP('',#16);
#16 = CLOSED_SHELL('',(#17,#517,#548,#573,#598,#622,#646,#671,#696,#713,
    #745,#769,#793,#818,#843,#867,#891,#909,#940,#965,#989,#1014,#1038,
    #1063,#1087,#1105,#1136,#1161,#1185,#1210,#1234,#1259,#1283,#1308,
    #1332,#1357,#1381,#1406,#1430,#1455,#1479,#1504,#1528,#1553,#1577,
    #1602,#1626,#1651,#1675,#1693,#1718,#1743,#1768,#1793,#1824,#1848,
    #1872,#1889,#1920,#1945,#1970,#1994,#2018,#2043,#2068,#2085,#2117,
    #2141,#2165,#2190,#2215,#2239,#2263,#2281,#2412,#2437,#2461,#2494,
    #2518,#2559,#2679,#2697,#2728,#2753,#2777,#2802,#2826,#2851,#2875,
    #2900,#2924,#2949,#2973,#2998,#3022,#3047,#3071,#3096,#3120,#3145,
    #3169,#3194,#3218,#3251,#3275,#3309,#3436,#3470,#3563,#3656,#3687,
    #3711,#3735,#3752,#3848,#3930,#3954,#4196,#4221,#4245,#4269,#4294,
    #4319,#4343,#4367,#4392,#4448,#4465,#4478,#4502,#4526,#4550,#4574,
    #4598,#4622,#4646,#4670,#4710,#4734,#4751,#4799,#4812,#4905,#4945,
    #4970,#5010,#5060,#5085,#5631,#5665,#5715,#5740,#5774,#5800,#5833,
    #5875,#5900,#5942,#5975,#6000,#6033,#6073,#6098,#6138,#6171,#6196,
    #6229,#6284,#6316,#6340,#6365,#6389,#6414,#6438,#6463,#6480,#6515,
    #6539,#6665,#6689,#6739,#6763,#6793,#6830,#6854,#6913,#6969,#6993,
    #7049,#7073,#7126,#7167,#7191,#7215,#7257,#7281,#7305,#7329,#7370,
    #7394,#7418,#7450,#7500,#7517,#7541,#7610,#7627,#7644,#7702,#7734,
    #7752,#7777,#7802,#7820,#7838,#7875,#7887,#7905,#7939,#7956,#7987,
    #8011,#8035,#8069,#8094,#8118,#8142,#8173,#8211,#8242,#8266,#8290,
    #8315,#8339,#8363,#8387,#8412,#8452,#8476,#8500,#8531,#8556,#8580,
    #8604,#8628,#8653,#8693,#8717,#8741,#8772,#8790,#8837,#8862,#8895,
    #8913,#8931,#8956,#8979,#8991,#9009,#9034,#9074,#9125,#9165,#9190,
    #9223,#9255,#9279,#9304,#9328,#9353,#9377,#9402,#9419,#9438,#9450,
    #9479,#9491,#9520,#9532,#9555,#9567,#9585,#9597,#9636,#9662,#9694,
    #9711,#9733,#9750,#9767,#9784,#9801,#9818,#9835,#9847,#9859,#9890,
    #9907,#9918,#9930,#9947,#9977,#9997,#10010,#10026,#10038,#10058,
    #10081,#10093,#10110,#10122,#10139,#10159,#10176,#10233,#10258,
    #10276,#10293,#10313,#10333,#10350,#10367,#10384,#10404,#10424,
    #10441,#10459,#10476,#10496,#10514,#10526,#10550,#10562,#10602,
    #10627,#10660,#10688,#10710,#10748,#10779,#10803,#10827,#10844,
    #10875,#10899,#10923,#10940,#10958,#10970,#10988,#11006,#11018,
    #11030,#11055,#11080,#11105,#11130,#11155,#11180,#11194,#11206,
    #11218,#11243,#11268,#11293,#11318,#11343,#11368,#11377,#11386,
    #11395,#11404,#11413));
#17 = ADVANCED_FACE('',(#18,#88,#158,#228,#434,#445,#456,#467,#478),#512
  ,.T.);
#18 = FACE_BOUND('',#19,.T.);
#19 = EDGE_LOOP('',(#20,#30,#39,#47,#56,#64,#73,#81));
#20 = ORIENTED_EDGE('',*,*,#21,.F.);
#21 = EDGE_CURVE('',#22,#24,#26,.T.);
#22 = VERTEX_POINT('',#23);
#23 = CARTESIAN_POINT('',(25.95,-94.5,2.));
#24 = VERTEX_POINT('',#25);
#25 = CARTESIAN_POINT('',(32.2,-94.5,2.));
#26 = LINE('',#27,#28);
#27 = CARTESIAN_POINT('',(25.95,-94.5,2.));
#28 = VECTOR('',#29,1.);
#29 = DIRECTION('',(1.,0.,0.));
#30 = ORIENTED_EDGE('',*,*,#31,.F.);
#31 = EDGE_CURVE('',#32,#22,#34,.T.);
#32 = VERTEX_POINT('',#33);
#33 = CARTESIAN_POINT('',(24.15,-92.7,2.));
#34 = CIRCLE('',#35,1.8);
#35 = AXIS2_PLACEMENT_3D('',#36,#37,#38);
#36 = CARTESIAN_POINT('',(25.95,-92.7,2.));
#37 = DIRECTION('',(0.,0.,1.));
#38 = DIRECTION('',(-1.,0.,0.));
#39 = ORIENTED_EDGE('',*,*,#40,.F.);
#40 = EDGE_CURVE('',#41,#32,#43,.T.);
#41 = VERTEX_POINT('',#42);
#42 = CARTESIAN_POINT('',(24.15,-91.45,2.));
#43 = LINE('',#44,#45);
#44 = CARTESIAN_POINT('',(24.15,-91.45,2.));
#45 = VECTOR('',#46,1.);
#46 = DIRECTION('',(-0.,-1.,-0.));
#47 = ORIENTED_EDGE('',*,*,#48,.F.);
#48 = EDGE_CURVE('',#49,#41,#51,.T.);
#49 = VERTEX_POINT('',#50);
#50 = CARTESIAN_POINT('',(25.95,-89.65,2.));
#51 = CIRCLE('',#52,1.8);
#52 = AXIS2_PLACEMENT_3D('',#53,#54,#55);
#53 = CARTESIAN_POINT('',(25.95,-91.45,2.));
#54 = DIRECTION('',(0.,0.,1.));
#55 = DIRECTION('',(-8.526512829121E-14,1.,0.));
#56 = ORIENTED_EDGE('',*,*,#57,.F.);
#57 = EDGE_CURVE('',#58,#49,#60,.T.);
#58 = VERTEX_POINT('',#59);
#59 = CARTESIAN_POINT('',(32.2,-89.65,2.));
#60 = LINE('',#61,#62);
#61 = CARTESIAN_POINT('',(32.2,-89.65,2.));
#62 = VECTOR('',#63,1.);
#63 = DIRECTION('',(-1.,-0.,-0.));
#64 = ORIENTED_EDGE('',*,*,#65,.F.);
#65 = EDGE_CURVE('',#66,#58,#68,.T.);
#66 = VERTEX_POINT('',#67);
#67 = CARTESIAN_POINT('',(34.,-91.45,2.));
#68 = CIRCLE('',#69,1.8);
#69 = AXIS2_PLACEMENT_3D('',#70,#71,#72);
#70 = CARTESIAN_POINT('',(32.2,-91.45,2.));
#71 = DIRECTION('',(0.,0.,1.));
#72 = DIRECTION('',(1.,0.,-0.));
#73 = ORIENTED_EDGE('',*,*,#74,.F.);
#74 = EDGE_CURVE('',#75,#66,#77,.T.);
#75 = VERTEX_POINT('',#76);
#76 = CARTESIAN_POINT('',(34.,-92.7,2.));
#77 = LINE('',#78,#79);
#78 = CARTESIAN_POINT('',(34.,-92.7,2.));
#79 = VECTOR('',#80,1.);
#80 = DIRECTION('',(1.86E-15,1.,-0.));
#81 = ORIENTED_EDGE('',*,*,#82,.F.);
#82 = EDGE_CURVE('',#24,#75,#83,.T.);
#83 = CIRCLE('',#84,1.8);
#84 = AXIS2_PLACEMENT_3D('',#85,#86,#87);
#85 = CARTESIAN_POINT('',(32.2,-92.7,2.));
#86 = DIRECTION('',(0.,0.,1.));
#87 = DIRECTION('',(-7.105427357601E-15,-1.,0.));
#88 = FACE_BOUND('',#89,.T.);
#89 = EDGE_LOOP('',(#90,#101,#109,#118,#126,#135,#143,#152));
#90 = ORIENTED_EDGE('',*,*,#91,.T.);
#91 = EDGE_CURVE('',#92,#94,#96,.T.);
#92 = VERTEX_POINT('',#93);
#93 = CARTESIAN_POINT('',(36.8,-94.5,2.));
#94 = VERTEX_POINT('',#95);
#95 = CARTESIAN_POINT('',(35.,-92.7,2.));
#96 = CIRCLE('',#97,1.8);
#97 = AXIS2_PLACEMENT_3D('',#98,#99,#100);
#98 = CARTESIAN_POINT('',(36.8,-92.7,2.));
#99 = DIRECTION('',(0.,-0.,-1.));
#100 = DIRECTION('',(7.105427357601E-14,-1.,0.));
#101 = ORIENTED_EDGE('',*,*,#102,.T.);
#102 = EDGE_CURVE('',#94,#103,#105,.T.);
#103 = VERTEX_POINT('',#104);
#104 = CARTESIAN_POINT('',(35.,-91.45000000043,2.));
#105 = LINE('',#106,#107);
#106 = CARTESIAN_POINT('',(35.,-92.7,2.));
#107 = VECTOR('',#108,1.);
#108 = DIRECTION('',(6.333E-14,1.,0.));
#109 = ORIENTED_EDGE('',*,*,#110,.T.);
#110 = EDGE_CURVE('',#103,#111,#113,.T.);
#111 = VERTEX_POINT('',#112);
#112 = CARTESIAN_POINT('',(36.8,-89.65,2.));
#113 = CIRCLE('',#114,1.8);
#114 = AXIS2_PLACEMENT_3D('',#115,#116,#117);
#115 = CARTESIAN_POINT('',(36.8,-91.45,2.));
#116 = DIRECTION('',(-0.,0.,-1.));
#117 = DIRECTION('',(-1.,-5.00079977428E-10,0.));
#118 = ORIENTED_EDGE('',*,*,#119,.T.);
#119 = EDGE_CURVE('',#111,#120,#122,.T.);
#120 = VERTEX_POINT('',#121);
#121 = CARTESIAN_POINT('',(43.05,-89.65,2.));
#122 = LINE('',#123,#124);
#123 = CARTESIAN_POINT('',(36.8,-89.65,2.));
#124 = VECTOR('',#125,1.);
#125 = DIRECTION('',(1.,0.,0.));
#126 = ORIENTED_EDGE('',*,*,#127,.T.);
#127 = EDGE_CURVE('',#120,#128,#130,.T.);
#128 = VERTEX_POINT('',#129);
#129 = CARTESIAN_POINT('',(44.85,-91.45,2.));
#130 = CIRCLE('',#131,1.8);
#131 = AXIS2_PLACEMENT_3D('',#132,#133,#134);
#132 = CARTESIAN_POINT('',(43.05,-91.45,2.));
#133 = DIRECTION('',(0.,0.,-1.));
#134 = DIRECTION('',(-7.105427357601E-15,1.,0.));
#135 = ORIENTED_EDGE('',*,*,#136,.T.);
#136 = EDGE_CURVE('',#128,#137,#139,.T.);
#137 = VERTEX_POINT('',#138);
#138 = CARTESIAN_POINT('',(44.85,-92.7,2.));
#139 = LINE('',#140,#141);
#140 = CARTESIAN_POINT('',(44.85,-91.45,2.));
#141 = VECTOR('',#142,1.);
#142 = DIRECTION('',(-1.86E-15,-1.,0.));
#143 = ORIENTED_EDGE('',*,*,#144,.T.);
#144 = EDGE_CURVE('',#137,#145,#147,.T.);
#145 = VERTEX_POINT('',#146);
#146 = CARTESIAN_POINT('',(43.05,-94.5,2.));
#147 = CIRCLE('',#148,1.8);
#148 = AXIS2_PLACEMENT_3D('',#149,#150,#151);
#149 = CARTESIAN_POINT('',(43.05,-92.7,2.));
#150 = DIRECTION('',(0.,0.,-1.));
#151 = DIRECTION('',(1.,0.,0.));
#152 = ORIENTED_EDGE('',*,*,#153,.T.);
#153 = EDGE_CURVE('',#145,#92,#154,.T.);
#154 = LINE('',#155,#156);
#155 = CARTESIAN_POINT('',(43.05,-94.5,2.));
#156 = VECTOR('',#157,1.);
#157 = DIRECTION('',(-1.,0.,0.));
#158 = FACE_BOUND('',#159,.T.);
#159 = EDGE_LOOP('',(#160,#170,#179,#187,#196,#204,#213,#221));
#160 = ORIENTED_EDGE('',*,*,#161,.T.);
#161 = EDGE_CURVE('',#162,#164,#166,.T.);
#162 = VERTEX_POINT('',#163);
#163 = CARTESIAN_POINT('',(69.750002026128,0.2,2.));
#164 = VERTEX_POINT('',#165);
#165 = CARTESIAN_POINT('',(6.,0.2,2.));
#166 = LINE('',#167,#168);
#167 = CARTESIAN_POINT('',(69.750002614359,0.2,2.));
#168 = VECTOR('',#169,1.);
#169 = DIRECTION('',(-1.,-1.5E-16,-0.));
#170 = ORIENTED_EDGE('',*,*,#171,.T.);
#171 = EDGE_CURVE('',#164,#172,#174,.T.);
#172 = VERTEX_POINT('',#173);
#173 = CARTESIAN_POINT('',(-0.199999999999,-6.000002771282,2.));
#174 = CIRCLE('',#175,6.2);
#175 = AXIS2_PLACEMENT_3D('',#176,#177,#178);
#176 = CARTESIAN_POINT('',(6.,-6.,2.));
#177 = DIRECTION('',(0.,-0.,1.));
#178 = DIRECTION('',(1.1E-16,1.,0.));
#179 = ORIENTED_EDGE('',*,*,#180,.T.);
#180 = EDGE_CURVE('',#172,#181,#183,.T.);
#181 = VERTEX_POINT('',#182);
#182 = CARTESIAN_POINT('',(-0.2,-100.,2.));
#183 = LINE('',#184,#185);
#184 = CARTESIAN_POINT('',(-0.199999999999,-6.000002771282,2.));
#185 = VECTOR('',#186,1.);
#186 = DIRECTION('',(-3.40419192241E-15,-1.,-1.13856917797E-15));
#187 = ORIENTED_EDGE('',*,*,#188,.T.);
#188 = EDGE_CURVE('',#181,#189,#191,.T.);
#189 = VERTEX_POINT('',#190);
#190 = CARTESIAN_POINT('',(6.000000121615,-106.2,2.));
#191 = CIRCLE('',#192,6.2);
#192 = AXIS2_PLACEMENT_3D('',#193,#194,#195);
#193 = CARTESIAN_POINT('',(6.,-100.,2.));
#194 = DIRECTION('',(0.,0.,1.));
#195 = DIRECTION('',(-1.,-3.4641020719E-07,0.));
#196 = ORIENTED_EDGE('',*,*,#197,.T.);
#197 = EDGE_CURVE('',#189,#198,#200,.T.);
#198 = VERTEX_POINT('',#199);
#199 = CARTESIAN_POINT('',(69.736050453526,-106.1999878387,2.));
#200 = LINE('',#201,#202);
#201 = CARTESIAN_POINT('',(6.000000121615,-106.2,2.));
#202 = VECTOR('',#203,1.);
#203 = DIRECTION('',(1.,1.908068624823E-07,-5.190884273741E-16));
#204 = ORIENTED_EDGE('',*,*,#205,.T.);
#205 = EDGE_CURVE('',#198,#206,#208,.T.);
#206 = VERTEX_POINT('',#207);
#207 = CARTESIAN_POINT('',(75.95,-100.,2.));
#208 = CIRCLE('',#209,6.2);
#209 = AXIS2_PLACEMENT_3D('',#210,#211,#212);
#210 = CARTESIAN_POINT('',(69.75,-100.,2.));
#211 = DIRECTION('',(0.,0.,1.));
#212 = DIRECTION('',(-1.743650377698E-03,-0.999998479841,0.));
#213 = ORIENTED_EDGE('',*,*,#214,.T.);
#214 = EDGE_CURVE('',#206,#215,#217,.T.);
#215 = VERTEX_POINT('',#216);
#216 = CARTESIAN_POINT('',(75.95,-6.,2.));
#217 = LINE('',#218,#219);
#218 = CARTESIAN_POINT('',(75.95,-100.,2.));
#219 = VECTOR('',#220,1.);
#220 = DIRECTION('',(0.,1.,0.));
#221 = ORIENTED_EDGE('',*,*,#222,.T.);
#222 = EDGE_CURVE('',#215,#162,#223,.T.);
#223 = CIRCLE('',#224,6.2);
#224 = AXIS2_PLACEMENT_3D('',#225,#226,#227);
#225 = CARTESIAN_POINT('',(69.75,-6.,2.));
#226 = DIRECTION('',(0.,0.,1.));
#227 = DIRECTION('',(1.,0.,0.));
#228 = FACE_BOUND('',#229,.T.);
#229 = EDGE_LOOP('',(#230,#240,#249,#257,#266,#274,#283,#291,#300,#308,
    #317,#325,#334,#342,#351,#359,#368,#376,#385,#393,#402,#410,#419,
    #427));
#230 = ORIENTED_EDGE('',*,*,#231,.T.);
#231 = EDGE_CURVE('',#232,#234,#236,.T.);
#232 = VERTEX_POINT('',#233);
#233 = CARTESIAN_POINT('',(21.05,-79.6,2.));
#234 = VERTEX_POINT('',#235);
#235 = CARTESIAN_POINT('',(21.05,-83.6,2.));
#236 = LINE('',#237,#238);
#237 = CARTESIAN_POINT('',(21.05,-79.60000000049,2.));
#238 = VECTOR('',#239,1.);
#239 = DIRECTION('',(1.485E-14,-1.,0.));
#240 = ORIENTED_EDGE('',*,*,#241,.T.);
#241 = EDGE_CURVE('',#234,#242,#244,.T.);
#242 = VERTEX_POINT('',#243);
#243 = CARTESIAN_POINT('',(19.25,-85.4,2.));
#244 = CIRCLE('',#245,1.8);
#245 = AXIS2_PLACEMENT_3D('',#246,#247,#248);
#246 = CARTESIAN_POINT('',(19.25,-83.6,2.));
#247 = DIRECTION('',(0.,0.,-1.));
#248 = DIRECTION('',(1.,0.,0.));
#249 = ORIENTED_EDGE('',*,*,#250,.T.);
#250 = EDGE_CURVE('',#242,#251,#253,.T.);
#251 = VERTEX_POINT('',#252);
#252 = CARTESIAN_POINT('',(14.25,-85.4,2.));
#253 = LINE('',#254,#255);
#254 = CARTESIAN_POINT('',(19.25,-85.4,2.));
#255 = VECTOR('',#256,1.);
#256 = DIRECTION('',(-1.,0.,0.));
#257 = ORIENTED_EDGE('',*,*,#258,.T.);
#258 = EDGE_CURVE('',#251,#259,#261,.T.);
#259 = VERTEX_POINT('',#260);
#260 = CARTESIAN_POINT('',(12.45,-83.6,2.));
#261 = CIRCLE('',#262,1.8);
#262 = AXIS2_PLACEMENT_3D('',#263,#264,#265);
#263 = CARTESIAN_POINT('',(14.25,-83.6,2.));
#264 = DIRECTION('',(0.,-0.,-1.));
#265 = DIRECTION('',(4.085620730621E-14,-1.,0.));
#266 = ORIENTED_EDGE('',*,*,#267,.T.);
#267 = EDGE_CURVE('',#259,#268,#270,.T.);
#268 = VERTEX_POINT('',#269);
#269 = CARTESIAN_POINT('',(12.45,-79.6,2.));
#270 = LINE('',#271,#272);
#271 = CARTESIAN_POINT('',(12.45,-83.60000000018,2.));
#272 = VECTOR('',#273,1.);
#273 = DIRECTION('',(7.19E-15,1.,0.));
#274 = ORIENTED_EDGE('',*,*,#275,.T.);
#275 = EDGE_CURVE('',#268,#276,#278,.T.);
#276 = VERTEX_POINT('',#277);
#277 = CARTESIAN_POINT('',(12.25,-79.4,2.));
#278 = CIRCLE('',#279,0.2);
#279 = AXIS2_PLACEMENT_3D('',#280,#281,#282);
#280 = CARTESIAN_POINT('',(12.25,-79.6,2.));
#281 = DIRECTION('',(0.,0.,1.));
#282 = DIRECTION('',(1.,0.,0.));
#283 = ORIENTED_EDGE('',*,*,#284,.T.);
#284 = EDGE_CURVE('',#276,#285,#287,.T.);
#285 = VERTEX_POINT('',#286);
#286 = CARTESIAN_POINT('',(8.25,-79.4,2.));
#287 = LINE('',#288,#289);
#288 = CARTESIAN_POINT('',(12.25,-79.4,2.));
#289 = VECTOR('',#290,1.);
#290 = DIRECTION('',(-1.,3.83E-15,0.));
#291 = ORIENTED_EDGE('',*,*,#292,.T.);
#292 = EDGE_CURVE('',#285,#293,#295,.T.);
#293 = VERTEX_POINT('',#294);
#294 = CARTESIAN_POINT('',(6.45,-77.6,2.));
#295 = CIRCLE('',#296,1.8);
#296 = AXIS2_PLACEMENT_3D('',#297,#298,#299);
#297 = CARTESIAN_POINT('',(8.25,-77.6,2.));
#298 = DIRECTION('',(0.,-0.,-1.));
#299 = DIRECTION('',(2.30926389122E-14,-1.,0.));
#300 = ORIENTED_EDGE('',*,*,#301,.T.);
#301 = EDGE_CURVE('',#293,#302,#304,.T.);
#302 = VERTEX_POINT('',#303);
#303 = CARTESIAN_POINT('',(6.45,-72.6,2.));
#304 = LINE('',#305,#306);
#305 = CARTESIAN_POINT('',(6.45,-77.5999999995,2.));
#306 = VECTOR('',#307,1.);
#307 = DIRECTION('',(5.32E-15,1.,0.));
#308 = ORIENTED_EDGE('',*,*,#309,.T.);
#309 = EDGE_CURVE('',#302,#310,#312,.T.);
#310 = VERTEX_POINT('',#311);
#311 = CARTESIAN_POINT('',(8.25,-70.8,2.));
#312 = CIRCLE('',#313,1.8);
#313 = AXIS2_PLACEMENT_3D('',#314,#315,#316);
#314 = CARTESIAN_POINT('',(8.25,-72.6,2.));
#315 = DIRECTION('',(0.,0.,-1.));
#316 = DIRECTION('',(-1.,0.,0.));
#317 = ORIENTED_EDGE('',*,*,#318,.T.);
#318 = EDGE_CURVE('',#310,#319,#321,.T.);
#319 = VERTEX_POINT('',#320);
#320 = CARTESIAN_POINT('',(12.249999999057,-70.8,2.));
#321 = LINE('',#322,#323);
#322 = CARTESIAN_POINT('',(8.25,-70.8,2.));
#323 = VECTOR('',#324,1.);
#324 = DIRECTION('',(1.,7.67E-15,0.));
#325 = ORIENTED_EDGE('',*,*,#326,.T.);
#326 = EDGE_CURVE('',#319,#327,#329,.T.);
#327 = VERTEX_POINT('',#328);
#328 = CARTESIAN_POINT('',(12.45,-70.6,2.));
#329 = CIRCLE('',#330,0.2);
#330 = AXIS2_PLACEMENT_3D('',#331,#332,#333);
#331 = CARTESIAN_POINT('',(12.25,-70.6,2.));
#332 = DIRECTION('',(0.,0.,1.));
#333 = DIRECTION('',(-1.285417994268E-09,-1.,0.));
#334 = ORIENTED_EDGE('',*,*,#335,.T.);
#335 = EDGE_CURVE('',#327,#336,#338,.T.);
#336 = VERTEX_POINT('',#337);
#337 = CARTESIAN_POINT('',(12.45,-66.59999999986,2.));
#338 = LINE('',#339,#340);
#339 = CARTESIAN_POINT('',(12.45,-70.6,2.));
#340 = VECTOR('',#341,1.);
#341 = DIRECTION('',(7.19E-15,1.,0.));
#342 = ORIENTED_EDGE('',*,*,#343,.T.);
#343 = EDGE_CURVE('',#336,#344,#346,.T.);
#344 = VERTEX_POINT('',#345);
#345 = CARTESIAN_POINT('',(14.25,-64.8,2.));
#346 = CIRCLE('',#347,1.8);
#347 = AXIS2_PLACEMENT_3D('',#348,#349,#350);
#348 = CARTESIAN_POINT('',(14.25,-66.6,2.));
#349 = DIRECTION('',(0.,0.,-1.));
#350 = DIRECTION('',(-1.,1.875264388218E-10,0.));
#351 = ORIENTED_EDGE('',*,*,#352,.T.);
#352 = EDGE_CURVE('',#344,#353,#355,.T.);
#353 = VERTEX_POINT('',#354);
#354 = CARTESIAN_POINT('',(19.25,-64.8,2.));
#355 = LINE('',#356,#357);
#356 = CARTESIAN_POINT('',(14.25,-64.8,2.));
#357 = VECTOR('',#358,1.);
#358 = DIRECTION('',(1.,-6.08E-15,0.));
#359 = ORIENTED_EDGE('',*,*,#360,.T.);
#360 = EDGE_CURVE('',#353,#361,#363,.T.);
#361 = VERTEX_POINT('',#362);
#362 = CARTESIAN_POINT('',(21.05,-66.6,2.));
#363 = CIRCLE('',#364,1.8);
#364 = AXIS2_PLACEMENT_3D('',#365,#366,#367);
#365 = CARTESIAN_POINT('',(19.25,-66.6,2.));
#366 = DIRECTION('',(0.,0.,-1.));
#367 = DIRECTION('',(3.552713678801E-15,1.,0.));
#368 = ORIENTED_EDGE('',*,*,#369,.T.);
#369 = EDGE_CURVE('',#361,#370,#372,.T.);
#370 = VERTEX_POINT('',#371);
#371 = CARTESIAN_POINT('',(21.05,-70.6,2.));
#372 = LINE('',#373,#374);
#373 = CARTESIAN_POINT('',(21.05,-66.6,2.));
#374 = VECTOR('',#375,1.);
#375 = DIRECTION('',(1.485E-14,-1.,0.));
#376 = ORIENTED_EDGE('',*,*,#377,.T.);
#377 = EDGE_CURVE('',#370,#378,#380,.T.);
#378 = VERTEX_POINT('',#379);
#379 = CARTESIAN_POINT('',(21.25,-70.8,2.));
#380 = CIRCLE('',#381,0.2);
#381 = AXIS2_PLACEMENT_3D('',#382,#383,#384);
#382 = CARTESIAN_POINT('',(21.25,-70.6,2.));
#383 = DIRECTION('',(0.,0.,1.));
#384 = DIRECTION('',(-1.,0.,0.));
#385 = ORIENTED_EDGE('',*,*,#386,.T.);
#386 = EDGE_CURVE('',#378,#387,#389,.T.);
#387 = VERTEX_POINT('',#388);
#388 = CARTESIAN_POINT('',(25.25,-70.8,2.));
#389 = LINE('',#390,#391);
#390 = CARTESIAN_POINT('',(21.25,-70.8,2.));
#391 = VECTOR('',#392,1.);
#392 = DIRECTION('',(1.,7.67E-15,0.));
#393 = ORIENTED_EDGE('',*,*,#394,.T.);
#394 = EDGE_CURVE('',#387,#395,#397,.T.);
#395 = VERTEX_POINT('',#396);
#396 = CARTESIAN_POINT('',(27.05,-72.6,2.));
#397 = CIRCLE('',#398,1.8);
#398 = AXIS2_PLACEMENT_3D('',#399,#400,#401);
#399 = CARTESIAN_POINT('',(25.25,-72.6,2.));
#400 = DIRECTION('',(0.,0.,-1.));
#401 = DIRECTION('',(7.105427357601E-15,1.,0.));
#402 = ORIENTED_EDGE('',*,*,#403,.T.);
#403 = EDGE_CURVE('',#395,#404,#406,.T.);
#404 = VERTEX_POINT('',#405);
#405 = CARTESIAN_POINT('',(27.05,-77.6,2.));
#406 = LINE('',#407,#408);
#407 = CARTESIAN_POINT('',(27.05,-72.6,2.));
#408 = VECTOR('',#409,1.);
#409 = DIRECTION('',(0.,-1.,0.));
#410 = ORIENTED_EDGE('',*,*,#411,.T.);
#411 = EDGE_CURVE('',#404,#412,#414,.T.);
#412 = VERTEX_POINT('',#413);
#413 = CARTESIAN_POINT('',(25.250164462118,-79.39999999248,2.));
#414 = CIRCLE('',#415,1.8);
#415 = AXIS2_PLACEMENT_3D('',#416,#417,#418);
#416 = CARTESIAN_POINT('',(25.25,-77.6,2.));
#417 = DIRECTION('',(0.,0.,-1.));
#418 = DIRECTION('',(1.,0.,0.));
#419 = ORIENTED_EDGE('',*,*,#420,.T.);
#420 = EDGE_CURVE('',#412,#421,#423,.T.);
#421 = VERTEX_POINT('',#422);
#422 = CARTESIAN_POINT('',(21.255485273585,-79.40001502771,2.));
#423 = LINE('',#424,#425);
#424 = CARTESIAN_POINT('',(25.250027104469,-79.3999999999,2.));
#425 = VECTOR('',#426,1.);
#426 = DIRECTION('',(-0.999999999993,-3.76208659128E-06,-0.));
#427 = ORIENTED_EDGE('',*,*,#428,.T.);
#428 = EDGE_CURVE('',#421,#232,#429,.T.);
#429 = CIRCLE('',#430,0.2);
#430 = AXIS2_PLACEMENT_3D('',#431,#432,#433);
#431 = CARTESIAN_POINT('',(21.25,-79.6,2.));
#432 = DIRECTION('',(0.,-0.,1.));
#433 = DIRECTION('',(5.482263906639E-03,0.999984972278,0.));
#434 = FACE_BOUND('',#435,.T.);
#435 = EDGE_LOOP('',(#436));
#436 = ORIENTED_EDGE('',*,*,#437,.T.);
#437 = EDGE_CURVE('',#438,#438,#440,.T.);
#438 = VERTEX_POINT('',#439);
#439 = CARTESIAN_POINT('',(55.93,-75.1,2.));
#440 = CIRCLE('',#441,4.75);
#441 = AXIS2_PLACEMENT_3D('',#442,#443,#444);
#442 = CARTESIAN_POINT('',(51.18,-75.1,2.));
#443 = DIRECTION('',(0.,0.,-1.));
#444 = DIRECTION('',(1.,0.,0.));
#445 = FACE_BOUND('',#446,.T.);
#446 = EDGE_LOOP('',(#447));
#447 = ORIENTED_EDGE('',*,*,#448,.T.);
#448 = EDGE_CURVE('',#449,#449,#451,.T.);
#449 = VERTEX_POINT('',#450);
#450 = CARTESIAN_POINT('',(63.507691056122,-83.5,2.));
#451 = CIRCLE('',#452,4.757691056122);
#452 = AXIS2_PLACEMENT_3D('',#453,#454,#455);
#453 = CARTESIAN_POINT('',(58.75,-83.5,2.));
#454 = DIRECTION('',(0.,0.,-1.));
#455 = DIRECTION('',(1.,0.,0.));
#456 = FACE_BOUND('',#457,.T.);
#457 = EDGE_LOOP('',(#458));
#458 = ORIENTED_EDGE('',*,*,#459,.T.);
#459 = EDGE_CURVE('',#460,#460,#462,.T.);
#460 = VERTEX_POINT('',#461);
#461 = CARTESIAN_POINT('',(71.93,-75.1,2.));
#462 = CIRCLE('',#463,4.75);
#463 = AXIS2_PLACEMENT_3D('',#464,#465,#466);
#464 = CARTESIAN_POINT('',(67.18,-75.1,2.));
#465 = DIRECTION('',(0.,0.,-1.));
#466 = DIRECTION('',(1.,0.,0.));
#467 = FACE_BOUND('',#468,.T.);
#468 = EDGE_LOOP('',(#469));
#469 = ORIENTED_EDGE('',*,*,#470,.T.);
#470 = EDGE_CURVE('',#471,#471,#473,.T.);
#471 = VERTEX_POINT('',#472);
#472 = CARTESIAN_POINT('',(63.5,-67.5,2.));
#473 = CIRCLE('',#474,4.75);
#474 = AXIS2_PLACEMENT_3D('',#475,#476,#477);
#475 = CARTESIAN_POINT('',(58.75,-67.5,2.));
#476 = DIRECTION('',(0.,0.,-1.));
#477 = DIRECTION('',(1.,0.,0.));
#478 = FACE_BOUND('',#479,.T.);
#479 = EDGE_LOOP('',(#480,#490,#498,#506));
#480 = ORIENTED_EDGE('',*,*,#481,.F.);
#481 = EDGE_CURVE('',#482,#484,#486,.T.);
#482 = VERTEX_POINT('',#483);
#483 = CARTESIAN_POINT('',(68.625,-53.65,2.));
#484 = VERTEX_POINT('',#485);
#485 = CARTESIAN_POINT('',(68.625,-6.15,2.));
#486 = LINE('',#487,#488);
#487 = CARTESIAN_POINT('',(68.625,-52.15,2.));
#488 = VECTOR('',#489,1.);
#489 = DIRECTION('',(0.,1.,0.));
#490 = ORIENTED_EDGE('',*,*,#491,.T.);
#491 = EDGE_CURVE('',#482,#492,#494,.T.);
#492 = VERTEX_POINT('',#493);
#493 = CARTESIAN_POINT('',(7.125,-53.65,2.));
#494 = LINE('',#495,#496);
#495 = CARTESIAN_POINT('',(68.625,-53.65,2.));
#496 = VECTOR('',#497,1.);
#497 = DIRECTION('',(-1.,0.,6.498866485611E-17));
#498 = ORIENTED_EDGE('',*,*,#499,.F.);
#499 = EDGE_CURVE('',#500,#492,#502,.T.);
#500 = VERTEX_POINT('',#501);
#501 = CARTESIAN_POINT('',(7.125,-6.15,2.));
#502 = LINE('',#503,#504);
#503 = CARTESIAN_POINT('',(7.125,-7.65,2.));
#504 = VECTOR('',#505,1.);
#505 = DIRECTION('',(0.,-1.,0.));
#506 = ORIENTED_EDGE('',*,*,#507,.F.);
#507 = EDGE_CURVE('',#484,#500,#508,.T.);
#508 = LINE('',#509,#510);
#509 = CARTESIAN_POINT('',(67.125,-6.15,2.));
#510 = VECTOR('',#511,1.);
#511 = DIRECTION('',(-1.,0.,0.));
#512 = PLANE('',#513);
#513 = AXIS2_PLACEMENT_3D('',#514,#515,#516);
#514 = CARTESIAN_POINT('',(37.874945300064,-52.99991408935,2.));
#515 = DIRECTION('',(0.,0.,1.));
#516 = DIRECTION('',(1.,0.,0.));
#517 = ADVANCED_FACE('',(#518),#543,.T.);
#518 = FACE_BOUND('',#519,.T.);
#519 = EDGE_LOOP('',(#520,#528,#529,#537));
#520 = ORIENTED_EDGE('',*,*,#521,.F.);
#521 = EDGE_CURVE('',#22,#522,#524,.T.);
#522 = VERTEX_POINT('',#523);
#523 = CARTESIAN_POINT('',(25.95,-93.7,1.2));
#524 = LINE('',#525,#526);
#525 = CARTESIAN_POINT('',(25.95,-94.1,1.6));
#526 = VECTOR('',#527,1.);
#527 = DIRECTION('',(0.,0.707106781187,-0.707106781187));
#528 = ORIENTED_EDGE('',*,*,#21,.T.);
#529 = ORIENTED_EDGE('',*,*,#530,.T.);
#530 = EDGE_CURVE('',#24,#531,#533,.T.);
#531 = VERTEX_POINT('',#532);
#532 = CARTESIAN_POINT('',(32.2,-93.7,1.2));
#533 = LINE('',#534,#535);
#534 = CARTESIAN_POINT('',(32.2,-94.1,1.6));
#535 = VECTOR('',#536,1.);
#536 = DIRECTION('',(0.,0.707106781187,-0.707106781187));
#537 = ORIENTED_EDGE('',*,*,#538,.F.);
#538 = EDGE_CURVE('',#522,#531,#539,.T.);
#539 = LINE('',#540,#541);
#540 = CARTESIAN_POINT('',(25.95,-93.7,1.2));
#541 = VECTOR('',#542,1.);
#542 = DIRECTION('',(1.,0.,0.));
#543 = PLANE('',#544);
#544 = AXIS2_PLACEMENT_3D('',#545,#546,#547);
#545 = CARTESIAN_POINT('',(25.95,-94.1,1.6));
#546 = DIRECTION('',(-6.983161618628E-18,0.707106781187,0.707106781187)
  );
#547 = DIRECTION('',(1.,4.937840934654E-18,4.937840934654E-18));
#548 = ADVANCED_FACE('',(#549),#568,.F.);
#549 = FACE_BOUND('',#550,.T.);
#550 = EDGE_LOOP('',(#551,#559,#560,#561));
#551 = ORIENTED_EDGE('',*,*,#552,.F.);
#552 = EDGE_CURVE('',#32,#553,#555,.T.);
#553 = VERTEX_POINT('',#554);
#554 = CARTESIAN_POINT('',(24.95,-92.7,1.2));
#555 = LINE('',#556,#557);
#556 = CARTESIAN_POINT('',(24.55,-92.7,1.6));
#557 = VECTOR('',#558,1.);
#558 = DIRECTION('',(0.707106781187,0.,-0.707106781187));
#559 = ORIENTED_EDGE('',*,*,#31,.T.);
#560 = ORIENTED_EDGE('',*,*,#521,.T.);
#561 = ORIENTED_EDGE('',*,*,#562,.F.);
#562 = EDGE_CURVE('',#553,#522,#563,.T.);
#563 = CIRCLE('',#564,1.);
#564 = AXIS2_PLACEMENT_3D('',#565,#566,#567);
#565 = CARTESIAN_POINT('',(25.95,-92.7,1.2));
#566 = DIRECTION('',(0.,0.,1.));
#567 = DIRECTION('',(-1.,0.,0.));
#568 = CONICAL_SURFACE('',#569,1.,0.785398163397);
#569 = AXIS2_PLACEMENT_3D('',#570,#571,#572);
#570 = CARTESIAN_POINT('',(25.95,-92.7,1.2));
#571 = DIRECTION('',(0.,0.,1.));
#572 = DIRECTION('',(-1.,0.,0.));
#573 = ADVANCED_FACE('',(#574),#593,.F.);
#574 = FACE_BOUND('',#575,.T.);
#575 = EDGE_LOOP('',(#576,#577,#578,#586));
#576 = ORIENTED_EDGE('',*,*,#530,.F.);
#577 = ORIENTED_EDGE('',*,*,#82,.T.);
#578 = ORIENTED_EDGE('',*,*,#579,.T.);
#579 = EDGE_CURVE('',#75,#580,#582,.T.);
#580 = VERTEX_POINT('',#581);
#581 = CARTESIAN_POINT('',(33.2,-92.7,1.2));
#582 = LINE('',#583,#584);
#583 = CARTESIAN_POINT('',(33.2,-92.7,1.2));
#584 = VECTOR('',#585,1.);
#585 = DIRECTION('',(-0.707106781187,4.329780281177E-17,-0.707106781187)
  );
#586 = ORIENTED_EDGE('',*,*,#587,.F.);
#587 = EDGE_CURVE('',#531,#580,#588,.T.);
#588 = CIRCLE('',#589,1.);
#589 = AXIS2_PLACEMENT_3D('',#590,#591,#592);
#590 = CARTESIAN_POINT('',(32.2,-92.7,1.2));
#591 = DIRECTION('',(0.,0.,1.));
#592 = DIRECTION('',(-7.105427357601E-15,-1.,0.));
#593 = CONICAL_SURFACE('',#594,1.,0.785398163397);
#594 = AXIS2_PLACEMENT_3D('',#595,#596,#597);
#595 = CARTESIAN_POINT('',(32.2,-92.7,1.2));
#596 = DIRECTION('',(0.,0.,1.));
#597 = DIRECTION('',(-7.105427357601E-15,-1.,0.));
#598 = ADVANCED_FACE('',(#599),#617,.T.);
#599 = FACE_BOUND('',#600,.T.);
#600 = EDGE_LOOP('',(#601,#609,#610,#611));
#601 = ORIENTED_EDGE('',*,*,#602,.F.);
#602 = EDGE_CURVE('',#41,#603,#605,.T.);
#603 = VERTEX_POINT('',#604);
#604 = CARTESIAN_POINT('',(24.95,-91.45,1.2));
#605 = LINE('',#606,#607);
#606 = CARTESIAN_POINT('',(24.95,-91.45,1.2));
#607 = VECTOR('',#608,1.);
#608 = DIRECTION('',(0.707106781187,-4.329780281178E-17,-0.707106781187)
  );
#609 = ORIENTED_EDGE('',*,*,#40,.T.);
#610 = ORIENTED_EDGE('',*,*,#552,.T.);
#611 = ORIENTED_EDGE('',*,*,#612,.F.);
#612 = EDGE_CURVE('',#603,#553,#613,.T.);
#613 = LINE('',#614,#615);
#614 = CARTESIAN_POINT('',(24.95,-91.45,1.2));
#615 = VECTOR('',#616,1.);
#616 = DIRECTION('',(-0.,-1.,-0.));
#617 = PLANE('',#618);
#618 = AXIS2_PLACEMENT_3D('',#619,#620,#621);
#619 = CARTESIAN_POINT('',(24.55,-91.45,1.6));
#620 = DIRECTION('',(0.707106781187,6.983161618628E-18,0.707106781187));
#621 = DIRECTION('',(4.937840934654E-18,-1.,4.937840934654E-18));
#622 = ADVANCED_FACE('',(#623),#641,.T.);
#623 = FACE_BOUND('',#624,.T.);
#624 = EDGE_LOOP('',(#625,#626,#627,#635));
#625 = ORIENTED_EDGE('',*,*,#579,.F.);
#626 = ORIENTED_EDGE('',*,*,#74,.T.);
#627 = ORIENTED_EDGE('',*,*,#628,.T.);
#628 = EDGE_CURVE('',#66,#629,#631,.T.);
#629 = VERTEX_POINT('',#630);
#630 = CARTESIAN_POINT('',(33.2,-91.45,1.2));
#631 = LINE('',#632,#633);
#632 = CARTESIAN_POINT('',(33.6,-91.45,1.6));
#633 = VECTOR('',#634,1.);
#634 = DIRECTION('',(-0.707106781187,1.315218613007E-15,-0.707106781187)
  );
#635 = ORIENTED_EDGE('',*,*,#636,.F.);
#636 = EDGE_CURVE('',#580,#629,#637,.T.);
#637 = LINE('',#638,#639);
#638 = CARTESIAN_POINT('',(33.2,-92.7,1.2));
#639 = VECTOR('',#640,1.);
#640 = DIRECTION('',(1.86E-15,1.,-0.));
#641 = PLANE('',#642);
#642 = AXIS2_PLACEMENT_3D('',#643,#644,#645);
#643 = CARTESIAN_POINT('',(33.6,-92.7,1.6));
#644 = DIRECTION('',(-0.707106781187,1.508362909624E-15,0.707106781187)
  );
#645 = DIRECTION('',(1.996573641885E-15,1.,-1.365736418852E-16));
#646 = ADVANCED_FACE('',(#647),#666,.F.);
#647 = FACE_BOUND('',#648,.T.);
#648 = EDGE_LOOP('',(#649,#657,#658,#659));
#649 = ORIENTED_EDGE('',*,*,#650,.F.);
#650 = EDGE_CURVE('',#49,#651,#653,.T.);
#651 = VERTEX_POINT('',#652);
#652 = CARTESIAN_POINT('',(25.95,-90.45,1.2));
#653 = LINE('',#654,#655);
#654 = CARTESIAN_POINT('',(25.95,-90.05,1.6));
#655 = VECTOR('',#656,1.);
#656 = DIRECTION('',(0.,-0.707106781187,-0.707106781187));
#657 = ORIENTED_EDGE('',*,*,#48,.T.);
#658 = ORIENTED_EDGE('',*,*,#602,.T.);
#659 = ORIENTED_EDGE('',*,*,#660,.F.);
#660 = EDGE_CURVE('',#651,#603,#661,.T.);
#661 = CIRCLE('',#662,1.);
#662 = AXIS2_PLACEMENT_3D('',#663,#664,#665);
#663 = CARTESIAN_POINT('',(25.95,-91.45,1.2));
#664 = DIRECTION('',(0.,0.,1.));
#665 = DIRECTION('',(-8.526512829121E-14,1.,0.));
#666 = CONICAL_SURFACE('',#667,1.,0.785398163397);
#667 = AXIS2_PLACEMENT_3D('',#668,#669,#670);
#668 = CARTESIAN_POINT('',(25.95,-91.45,1.2));
#669 = DIRECTION('',(0.,0.,1.));
#670 = DIRECTION('',(-8.526512829121E-14,1.,0.));
#671 = ADVANCED_FACE('',(#672),#691,.F.);
#672 = FACE_BOUND('',#673,.T.);
#673 = EDGE_LOOP('',(#674,#675,#676,#684));
#674 = ORIENTED_EDGE('',*,*,#628,.F.);
#675 = ORIENTED_EDGE('',*,*,#65,.T.);
#676 = ORIENTED_EDGE('',*,*,#677,.T.);
#677 = EDGE_CURVE('',#58,#678,#680,.T.);
#678 = VERTEX_POINT('',#679);
#679 = CARTESIAN_POINT('',(32.2,-90.45,1.2));
#680 = LINE('',#681,#682);
#681 = CARTESIAN_POINT('',(32.2,-90.45,1.2));
#682 = VECTOR('',#683,1.);
#683 = DIRECTION('',(-4.329780281177E-17,-0.707106781187,-0.707106781187
    ));
#684 = ORIENTED_EDGE('',*,*,#685,.F.);
#685 = EDGE_CURVE('',#629,#678,#686,.T.);
#686 = CIRCLE('',#687,1.);
#687 = AXIS2_PLACEMENT_3D('',#688,#689,#690);
#688 = CARTESIAN_POINT('',(32.2,-91.45,1.2));
#689 = DIRECTION('',(0.,0.,1.));
#690 = DIRECTION('',(1.,0.,-0.));
#691 = CONICAL_SURFACE('',#692,1.,0.785398163397);
#692 = AXIS2_PLACEMENT_3D('',#693,#694,#695);
#693 = CARTESIAN_POINT('',(32.2,-91.45,1.2));
#694 = DIRECTION('',(0.,0.,1.));
#695 = DIRECTION('',(1.,0.,-0.));
#696 = ADVANCED_FACE('',(#697),#708,.T.);
#697 = FACE_BOUND('',#698,.T.);
#698 = EDGE_LOOP('',(#699,#700,#701,#702));
#699 = ORIENTED_EDGE('',*,*,#677,.F.);
#700 = ORIENTED_EDGE('',*,*,#57,.T.);
#701 = ORIENTED_EDGE('',*,*,#650,.T.);
#702 = ORIENTED_EDGE('',*,*,#703,.F.);
#703 = EDGE_CURVE('',#678,#651,#704,.T.);
#704 = LINE('',#705,#706);
#705 = CARTESIAN_POINT('',(32.2,-90.45,1.2));
#706 = VECTOR('',#707,1.);
#707 = DIRECTION('',(-1.,-0.,-0.));
#708 = PLANE('',#709);
#709 = AXIS2_PLACEMENT_3D('',#710,#711,#712);
#710 = CARTESIAN_POINT('',(32.2,-90.05,1.6));
#711 = DIRECTION('',(6.983161618628E-18,-0.707106781187,0.707106781187)
  );
#712 = DIRECTION('',(-1.,-4.937840934654E-18,4.937840934654E-18));
#713 = ADVANCED_FACE('',(#714),#740,.F.);
#714 = FACE_BOUND('',#715,.F.);
#715 = EDGE_LOOP('',(#716,#724,#725,#733));
#716 = ORIENTED_EDGE('',*,*,#717,.F.);
#717 = EDGE_CURVE('',#92,#718,#720,.T.);
#718 = VERTEX_POINT('',#719);
#719 = CARTESIAN_POINT('',(36.8,-93.7,1.2));
#720 = LINE('',#721,#722);
#721 = CARTESIAN_POINT('',(36.8,-93.7,1.2));
#722 = VECTOR('',#723,1.);
#723 = DIRECTION('',(0.,0.707106781187,-0.707106781187));
#724 = ORIENTED_EDGE('',*,*,#91,.T.);
#725 = ORIENTED_EDGE('',*,*,#726,.T.);
#726 = EDGE_CURVE('',#94,#727,#729,.T.);
#727 = VERTEX_POINT('',#728);
#728 = CARTESIAN_POINT('',(35.8,-92.7,1.2));
#729 = LINE('',#730,#731);
#730 = CARTESIAN_POINT('',(35.8,-92.7,1.2));
#731 = VECTOR('',#732,1.);
#732 = DIRECTION('',(0.707106781187,-4.015106913949E-14,-0.707106781187)
  );
#733 = ORIENTED_EDGE('',*,*,#734,.F.);
#734 = EDGE_CURVE('',#718,#727,#735,.T.);
#735 = CIRCLE('',#736,1.);
#736 = AXIS2_PLACEMENT_3D('',#737,#738,#739);
#737 = CARTESIAN_POINT('',(36.8,-92.7,1.2));
#738 = DIRECTION('',(0.,-0.,-1.));
#739 = DIRECTION('',(7.105427357601E-14,-1.,0.));
#740 = CONICAL_SURFACE('',#741,1.,0.785398163397);
#741 = AXIS2_PLACEMENT_3D('',#742,#743,#744);
#742 = CARTESIAN_POINT('',(36.8,-92.7,1.2));
#743 = DIRECTION('',(0.,0.,1.));
#744 = DIRECTION('',(7.105427357601E-14,-1.,0.));
#745 = ADVANCED_FACE('',(#746),#764,.T.);
#746 = FACE_BOUND('',#747,.F.);
#747 = EDGE_LOOP('',(#748,#756,#757,#758));
#748 = ORIENTED_EDGE('',*,*,#749,.F.);
#749 = EDGE_CURVE('',#145,#750,#752,.T.);
#750 = VERTEX_POINT('',#751);
#751 = CARTESIAN_POINT('',(43.05,-93.7,1.2));
#752 = LINE('',#753,#754);
#753 = CARTESIAN_POINT('',(43.05,-93.7,1.2));
#754 = VECTOR('',#755,1.);
#755 = DIRECTION('',(-4.329780281177E-17,0.707106781187,-0.707106781187)
  );
#756 = ORIENTED_EDGE('',*,*,#153,.T.);
#757 = ORIENTED_EDGE('',*,*,#717,.T.);
#758 = ORIENTED_EDGE('',*,*,#759,.F.);
#759 = EDGE_CURVE('',#750,#718,#760,.T.);
#760 = LINE('',#761,#762);
#761 = CARTESIAN_POINT('',(43.05,-93.7,1.2));
#762 = VECTOR('',#763,1.);
#763 = DIRECTION('',(-1.,0.,0.));
#764 = PLANE('',#765);
#765 = AXIS2_PLACEMENT_3D('',#766,#767,#768);
#766 = CARTESIAN_POINT('',(43.05,-94.1,1.6));
#767 = DIRECTION('',(-6.983161618628E-18,0.707106781187,0.707106781187)
  );
#768 = DIRECTION('',(1.,4.937840934654E-18,4.937840934654E-18));
#769 = ADVANCED_FACE('',(#770),#788,.T.);
#770 = FACE_BOUND('',#771,.F.);
#771 = EDGE_LOOP('',(#772,#773,#774,#782));
#772 = ORIENTED_EDGE('',*,*,#726,.F.);
#773 = ORIENTED_EDGE('',*,*,#102,.T.);
#774 = ORIENTED_EDGE('',*,*,#775,.T.);
#775 = EDGE_CURVE('',#103,#776,#778,.T.);
#776 = VERTEX_POINT('',#777);
#777 = CARTESIAN_POINT('',(35.8,-91.45000000043,1.2));
#778 = LINE('',#779,#780);
#779 = CARTESIAN_POINT('',(35.4,-91.45000000043,1.6));
#780 = VECTOR('',#781,1.);
#781 = DIRECTION('',(0.707106781187,-4.478107245254E-14,-0.707106781187)
  );
#782 = ORIENTED_EDGE('',*,*,#783,.F.);
#783 = EDGE_CURVE('',#727,#776,#784,.T.);
#784 = LINE('',#785,#786);
#785 = CARTESIAN_POINT('',(35.8,-92.7,1.2));
#786 = VECTOR('',#787,1.);
#787 = DIRECTION('',(6.333E-14,1.,0.));
#788 = PLANE('',#789);
#789 = AXIS2_PLACEMENT_3D('',#790,#791,#792);
#790 = CARTESIAN_POINT('',(35.4,-92.7,1.6));
#791 = DIRECTION('',(0.707106781187,-4.471318384408E-14,0.707106781187)
  );
#792 = DIRECTION('',(-6.328199550459E-14,-1.,4.800449541298E-17));
#793 = ADVANCED_FACE('',(#794),#813,.F.);
#794 = FACE_BOUND('',#795,.F.);
#795 = EDGE_LOOP('',(#796,#804,#805,#806));
#796 = ORIENTED_EDGE('',*,*,#797,.F.);
#797 = EDGE_CURVE('',#137,#798,#800,.T.);
#798 = VERTEX_POINT('',#799);
#799 = CARTESIAN_POINT('',(44.05,-92.7,1.2));
#800 = LINE('',#801,#802);
#801 = CARTESIAN_POINT('',(44.45,-92.7,1.6));
#802 = VECTOR('',#803,1.);
#803 = DIRECTION('',(-0.707106781187,1.315218613007E-15,-0.707106781187)
  );
#804 = ORIENTED_EDGE('',*,*,#144,.T.);
#805 = ORIENTED_EDGE('',*,*,#749,.T.);
#806 = ORIENTED_EDGE('',*,*,#807,.F.);
#807 = EDGE_CURVE('',#798,#750,#808,.T.);
#808 = CIRCLE('',#809,1.);
#809 = AXIS2_PLACEMENT_3D('',#810,#811,#812);
#810 = CARTESIAN_POINT('',(43.05,-92.7,1.2));
#811 = DIRECTION('',(0.,0.,-1.));
#812 = DIRECTION('',(1.,0.,0.));
#813 = CONICAL_SURFACE('',#814,1.,0.785398163397);
#814 = AXIS2_PLACEMENT_3D('',#815,#816,#817);
#815 = CARTESIAN_POINT('',(43.05,-92.7,1.2));
#816 = DIRECTION('',(0.,0.,1.));
#817 = DIRECTION('',(1.,0.,0.));
#818 = ADVANCED_FACE('',(#819),#838,.F.);
#819 = FACE_BOUND('',#820,.F.);
#820 = EDGE_LOOP('',(#821,#822,#823,#831));
#821 = ORIENTED_EDGE('',*,*,#775,.F.);
#822 = ORIENTED_EDGE('',*,*,#110,.T.);
#823 = ORIENTED_EDGE('',*,*,#824,.T.);
#824 = EDGE_CURVE('',#111,#825,#827,.T.);
#825 = VERTEX_POINT('',#826);
#826 = CARTESIAN_POINT('',(36.8,-90.45,1.2));
#827 = LINE('',#828,#829);
#828 = CARTESIAN_POINT('',(36.8,-90.45,1.2));
#829 = VECTOR('',#830,1.);
#830 = DIRECTION('',(4.32978003288E-17,-0.707106781187,-0.707106781187)
  );
#831 = ORIENTED_EDGE('',*,*,#832,.F.);
#832 = EDGE_CURVE('',#776,#825,#833,.T.);
#833 = CIRCLE('',#834,1.);
#834 = AXIS2_PLACEMENT_3D('',#835,#836,#837);
#835 = CARTESIAN_POINT('',(36.8,-91.45,1.2));
#836 = DIRECTION('',(-0.,0.,-1.));
#837 = DIRECTION('',(-1.,-5.00079977428E-10,0.));
#838 = CONICAL_SURFACE('',#839,1.,0.785398163397);
#839 = AXIS2_PLACEMENT_3D('',#840,#841,#842);
#840 = CARTESIAN_POINT('',(36.8,-91.45,1.2));
#841 = DIRECTION('',(0.,0.,1.));
#842 = DIRECTION('',(-1.,-5.00079977428E-10,0.));
#843 = ADVANCED_FACE('',(#844),#862,.T.);
#844 = FACE_BOUND('',#845,.F.);
#845 = EDGE_LOOP('',(#846,#854,#855,#856));
#846 = ORIENTED_EDGE('',*,*,#847,.F.);
#847 = EDGE_CURVE('',#128,#848,#850,.T.);
#848 = VERTEX_POINT('',#849);
#849 = CARTESIAN_POINT('',(44.05,-91.45,1.2));
#850 = LINE('',#851,#852);
#851 = CARTESIAN_POINT('',(44.05,-91.45,1.2));
#852 = VECTOR('',#853,1.);
#853 = DIRECTION('',(-0.707106781187,-4.329780281177E-17,-0.707106781187
    ));
#854 = ORIENTED_EDGE('',*,*,#136,.T.);
#855 = ORIENTED_EDGE('',*,*,#797,.T.);
#856 = ORIENTED_EDGE('',*,*,#857,.F.);
#857 = EDGE_CURVE('',#848,#798,#858,.T.);
#858 = LINE('',#859,#860);
#859 = CARTESIAN_POINT('',(44.05,-91.45,1.2));
#860 = VECTOR('',#861,1.);
#861 = DIRECTION('',(-1.86E-15,-1.,0.));
#862 = PLANE('',#863);
#863 = AXIS2_PLACEMENT_3D('',#864,#865,#866);
#864 = CARTESIAN_POINT('',(44.45,-91.45,1.6));
#865 = DIRECTION('',(-0.707106781187,1.508362909624E-15,0.707106781187)
  );
#866 = DIRECTION('',(1.996573641885E-15,1.,-1.365736418852E-16));
#867 = ADVANCED_FACE('',(#868),#886,.T.);
#868 = FACE_BOUND('',#869,.F.);
#869 = EDGE_LOOP('',(#870,#871,#872,#880));
#870 = ORIENTED_EDGE('',*,*,#824,.F.);
#871 = ORIENTED_EDGE('',*,*,#119,.T.);
#872 = ORIENTED_EDGE('',*,*,#873,.T.);
#873 = EDGE_CURVE('',#120,#874,#876,.T.);
#874 = VERTEX_POINT('',#875);
#875 = CARTESIAN_POINT('',(43.05,-90.45,1.2));
#876 = LINE('',#877,#878);
#877 = CARTESIAN_POINT('',(43.05,-90.05,1.6));
#878 = VECTOR('',#879,1.);
#879 = DIRECTION('',(-0.,-0.707106781187,-0.707106781187));
#880 = ORIENTED_EDGE('',*,*,#881,.F.);
#881 = EDGE_CURVE('',#825,#874,#882,.T.);
#882 = LINE('',#883,#884);
#883 = CARTESIAN_POINT('',(36.8,-90.45,1.2));
#884 = VECTOR('',#885,1.);
#885 = DIRECTION('',(1.,0.,0.));
#886 = PLANE('',#887);
#887 = AXIS2_PLACEMENT_3D('',#888,#889,#890);
#888 = CARTESIAN_POINT('',(36.8,-90.05,1.6));
#889 = DIRECTION('',(6.983161618628E-18,-0.707106781187,0.707106781187)
  );
#890 = DIRECTION('',(-1.,-4.937840934654E-18,4.937840934654E-18));
#891 = ADVANCED_FACE('',(#892),#904,.F.);
#892 = FACE_BOUND('',#893,.F.);
#893 = EDGE_LOOP('',(#894,#895,#896,#897));
#894 = ORIENTED_EDGE('',*,*,#873,.F.);
#895 = ORIENTED_EDGE('',*,*,#127,.T.);
#896 = ORIENTED_EDGE('',*,*,#847,.T.);
#897 = ORIENTED_EDGE('',*,*,#898,.F.);
#898 = EDGE_CURVE('',#874,#848,#899,.T.);
#899 = CIRCLE('',#900,1.);
#900 = AXIS2_PLACEMENT_3D('',#901,#902,#903);
#901 = CARTESIAN_POINT('',(43.05,-91.45,1.2));
#902 = DIRECTION('',(0.,0.,-1.));
#903 = DIRECTION('',(-7.105427357601E-15,1.,0.));
#904 = CONICAL_SURFACE('',#905,1.,0.785398163397);
#905 = AXIS2_PLACEMENT_3D('',#906,#907,#908);
#906 = CARTESIAN_POINT('',(43.05,-91.45,1.2));
#907 = DIRECTION('',(0.,0.,1.));
#908 = DIRECTION('',(-7.105427357601E-15,1.,0.));
#909 = ADVANCED_FACE('',(#910),#935,.T.);
#910 = FACE_BOUND('',#911,.T.);
#911 = EDGE_LOOP('',(#912,#920,#928,#934));
#912 = ORIENTED_EDGE('',*,*,#913,.F.);
#913 = EDGE_CURVE('',#914,#162,#916,.T.);
#914 = VERTEX_POINT('',#915);
#915 = CARTESIAN_POINT('',(69.750002614359,2.,0.2));
#916 = LINE('',#917,#918);
#917 = CARTESIAN_POINT('',(69.750002614359,2.,0.2));
#918 = VECTOR('',#919,1.);
#919 = DIRECTION('',(-2.3107888771E-07,-0.707106781187,0.707106781187));
#920 = ORIENTED_EDGE('',*,*,#921,.T.);
#921 = EDGE_CURVE('',#914,#922,#924,.T.);
#922 = VERTEX_POINT('',#923);
#923 = CARTESIAN_POINT('',(6.,2.,0.2));
#924 = LINE('',#925,#926);
#925 = CARTESIAN_POINT('',(69.750002614359,2.,0.2));
#926 = VECTOR('',#927,1.);
#927 = DIRECTION('',(-1.,-1.5E-16,-0.));
#928 = ORIENTED_EDGE('',*,*,#929,.T.);
#929 = EDGE_CURVE('',#922,#164,#930,.T.);
#930 = LINE('',#931,#932);
#931 = CARTESIAN_POINT('',(6.,1.1,1.1));
#932 = VECTOR('',#933,1.);
#933 = DIRECTION('',(1.1E-16,-0.707106781187,0.707106781187));
#934 = ORIENTED_EDGE('',*,*,#161,.F.);
#935 = PLANE('',#936);
#936 = AXIS2_PLACEMENT_3D('',#937,#938,#939);
#937 = CARTESIAN_POINT('',(69.750002614359,1.1,1.1));
#938 = DIRECTION('',(-2.1E-16,0.707106781187,0.707106781187));
#939 = DIRECTION('',(-1.,-2.234924240492E-16,-7.349242404918E-17));
#940 = ADVANCED_FACE('',(#941),#960,.T.);
#941 = FACE_BOUND('',#942,.T.);
#942 = EDGE_LOOP('',(#943,#944,#953,#959));
#943 = ORIENTED_EDGE('',*,*,#929,.F.);
#944 = ORIENTED_EDGE('',*,*,#945,.T.);
#945 = EDGE_CURVE('',#922,#946,#948,.T.);
#946 = VERTEX_POINT('',#947);
#947 = CARTESIAN_POINT('',(-1.999999999999,-6.000002771282,0.2));
#948 = CIRCLE('',#949,8.);
#949 = AXIS2_PLACEMENT_3D('',#950,#951,#952);
#950 = CARTESIAN_POINT('',(6.,-6.,0.2));
#951 = DIRECTION('',(0.,-0.,1.));
#952 = DIRECTION('',(1.1E-16,1.,0.));
#953 = ORIENTED_EDGE('',*,*,#954,.T.);
#954 = EDGE_CURVE('',#946,#172,#955,.T.);
#955 = LINE('',#956,#957);
#956 = CARTESIAN_POINT('',(-1.099999999999,-6.000002771282,1.1));
#957 = VECTOR('',#958,1.);
#958 = DIRECTION('',(0.707106781187,-3.21E-15,0.707106781187));
#959 = ORIENTED_EDGE('',*,*,#171,.F.);
#960 = CONICAL_SURFACE('',#961,8.,0.785398163397);
#961 = AXIS2_PLACEMENT_3D('',#962,#963,#964);
#962 = CARTESIAN_POINT('',(6.,-6.,0.2));
#963 = DIRECTION('',(-0.,-0.,-1.));
#964 = DIRECTION('',(1.1E-16,1.,0.));
#965 = ADVANCED_FACE('',(#966),#984,.T.);
#966 = FACE_BOUND('',#967,.T.);
#967 = EDGE_LOOP('',(#968,#969,#977,#983));
#968 = ORIENTED_EDGE('',*,*,#954,.F.);
#969 = ORIENTED_EDGE('',*,*,#970,.T.);
#970 = EDGE_CURVE('',#946,#971,#973,.T.);
#971 = VERTEX_POINT('',#972);
#972 = CARTESIAN_POINT('',(-2.,-100.,0.2));
#973 = LINE('',#974,#975);
#974 = CARTESIAN_POINT('',(-1.999999999999,-6.000002771282,0.2));
#975 = VECTOR('',#976,1.);
#976 = DIRECTION('',(-4.54E-15,-1.,0.));
#977 = ORIENTED_EDGE('',*,*,#978,.T.);
#978 = EDGE_CURVE('',#971,#181,#979,.T.);
#979 = LINE('',#980,#981);
#980 = CARTESIAN_POINT('',(-1.1,-100.,1.1));
#981 = VECTOR('',#982,1.);
#982 = DIRECTION('',(0.707106781187,-3.21E-15,0.707106781187));
#983 = ORIENTED_EDGE('',*,*,#180,.F.);
#984 = PLANE('',#985);
#985 = AXIS2_PLACEMENT_3D('',#986,#987,#988);
#986 = CARTESIAN_POINT('',(-1.099999999999,-6.000002771282,1.1));
#987 = DIRECTION('',(-0.707106781187,1.6E-15,0.707106781187));
#988 = DIRECTION('',(-3.406370849899E-15,-1.,-1.143629150101E-15));
#989 = ADVANCED_FACE('',(#990),#1009,.T.);
#990 = FACE_BOUND('',#991,.T.);
#991 = EDGE_LOOP('',(#992,#993,#1002,#1008));
#992 = ORIENTED_EDGE('',*,*,#978,.F.);
#993 = ORIENTED_EDGE('',*,*,#994,.T.);
#994 = EDGE_CURVE('',#971,#995,#997,.T.);
#995 = VERTEX_POINT('',#996);
#996 = CARTESIAN_POINT('',(6.000000156922,-108.,0.2));
#997 = CIRCLE('',#998,8.);
#998 = AXIS2_PLACEMENT_3D('',#999,#1000,#1001);
#999 = CARTESIAN_POINT('',(6.,-100.,0.2));
#1000 = DIRECTION('',(0.,0.,1.));
#1001 = DIRECTION('',(-1.,-3.4641020719E-07,0.));
#1002 = ORIENTED_EDGE('',*,*,#1003,.T.);
#1003 = EDGE_CURVE('',#995,#189,#1004,.T.);
#1004 = LINE('',#1005,#1006);
#1005 = CARTESIAN_POINT('',(6.000000156922,-108.,0.2));
#1006 = VECTOR('',#1007,1.);
#1007 = DIRECTION('',(-1.387011886E-08,0.707106781187,0.707106781187));
#1008 = ORIENTED_EDGE('',*,*,#188,.F.);
#1009 = CONICAL_SURFACE('',#1010,8.,0.785398163397);
#1010 = AXIS2_PLACEMENT_3D('',#1011,#1012,#1013);
#1011 = CARTESIAN_POINT('',(6.,-100.,0.2));
#1012 = DIRECTION('',(-0.,-0.,-1.));
#1013 = DIRECTION('',(-1.,-3.4641020719E-07,0.));
#1014 = ADVANCED_FACE('',(#1015),#1033,.F.);
#1015 = FACE_BOUND('',#1016,.T.);
#1016 = EDGE_LOOP('',(#1017,#1018,#1026,#1032));
#1017 = ORIENTED_EDGE('',*,*,#1003,.F.);
#1018 = ORIENTED_EDGE('',*,*,#1019,.T.);
#1019 = EDGE_CURVE('',#995,#1020,#1022,.T.);
#1020 = VERTEX_POINT('',#1021);
#1021 = CARTESIAN_POINT('',(69.736050796978,-107.9999878387,0.2));
#1022 = LINE('',#1023,#1024);
#1023 = CARTESIAN_POINT('',(6.000000156922,-108.,0.2));
#1024 = VECTOR('',#1025,1.);
#1025 = DIRECTION('',(1.,1.9080686178E-07,0.));
#1026 = ORIENTED_EDGE('',*,*,#1027,.T.);
#1027 = EDGE_CURVE('',#1020,#198,#1028,.T.);
#1028 = LINE('',#1029,#1030);
#1029 = CARTESIAN_POINT('',(69.736050625252,-107.0999878387,1.1));
#1030 = VECTOR('',#1031,1.);
#1031 = DIRECTION('',(-1.3492082586E-07,0.707106781187,0.707106781187));
#1032 = ORIENTED_EDGE('',*,*,#197,.F.);
#1033 = PLANE('',#1034);
#1034 = AXIS2_PLACEMENT_3D('',#1035,#1036,#1037);
#1035 = CARTESIAN_POINT('',(5.999999985196,-107.1,1.1));
#1036 = DIRECTION('',(-1.3492082643E-07,0.707106781187,-0.707106781187)
  );
#1037 = DIRECTION('',(-1.,-1.908068621819E-07,4.019462237599E-16));
#1038 = ADVANCED_FACE('',(#1039),#1058,.T.);
#1039 = FACE_BOUND('',#1040,.T.);
#1040 = EDGE_LOOP('',(#1041,#1042,#1051,#1057));
#1041 = ORIENTED_EDGE('',*,*,#1027,.F.);
#1042 = ORIENTED_EDGE('',*,*,#1043,.T.);
#1043 = EDGE_CURVE('',#1020,#1044,#1046,.T.);
#1044 = VERTEX_POINT('',#1045);
#1045 = CARTESIAN_POINT('',(77.75,-100.,0.2));
#1046 = CIRCLE('',#1047,8.);
#1047 = AXIS2_PLACEMENT_3D('',#1048,#1049,#1050);
#1048 = CARTESIAN_POINT('',(69.75,-100.,0.2));
#1049 = DIRECTION('',(0.,0.,1.));
#1050 = DIRECTION('',(-1.743650377698E-03,-0.999998479841,0.));
#1051 = ORIENTED_EDGE('',*,*,#1052,.T.);
#1052 = EDGE_CURVE('',#1044,#206,#1053,.T.);
#1053 = LINE('',#1054,#1055);
#1054 = CARTESIAN_POINT('',(77.75,-100.,0.2));
#1055 = VECTOR('',#1056,1.);
#1056 = DIRECTION('',(-0.707106781187,-1.4E-16,0.707106781187));
#1057 = ORIENTED_EDGE('',*,*,#205,.F.);
#1058 = CONICAL_SURFACE('',#1059,8.,0.785398163397);
#1059 = AXIS2_PLACEMENT_3D('',#1060,#1061,#1062);
#1060 = CARTESIAN_POINT('',(69.75,-100.,0.2));
#1061 = DIRECTION('',(-0.,-0.,-1.));
#1062 = DIRECTION('',(-1.743650377698E-03,-0.999998479841,0.));
#1063 = ADVANCED_FACE('',(#1064),#1082,.T.);
#1064 = FACE_BOUND('',#1065,.T.);
#1065 = EDGE_LOOP('',(#1066,#1067,#1075,#1081));
#1066 = ORIENTED_EDGE('',*,*,#1052,.F.);
#1067 = ORIENTED_EDGE('',*,*,#1068,.T.);
#1068 = EDGE_CURVE('',#1044,#1069,#1071,.T.);
#1069 = VERTEX_POINT('',#1070);
#1070 = CARTESIAN_POINT('',(77.75,-6.,0.2));
#1071 = LINE('',#1072,#1073);
#1072 = CARTESIAN_POINT('',(77.75,-100.,0.2));
#1073 = VECTOR('',#1074,1.);
#1074 = DIRECTION('',(0.,1.,0.));
#1075 = ORIENTED_EDGE('',*,*,#1076,.T.);
#1076 = EDGE_CURVE('',#1069,#215,#1077,.T.);
#1077 = LINE('',#1078,#1079);
#1078 = CARTESIAN_POINT('',(76.85,-6.,1.1));
#1079 = VECTOR('',#1080,1.);
#1080 = DIRECTION('',(-0.707106781187,0.,0.707106781187));
#1081 = ORIENTED_EDGE('',*,*,#214,.F.);
#1082 = PLANE('',#1083);
#1083 = AXIS2_PLACEMENT_3D('',#1084,#1085,#1086);
#1084 = CARTESIAN_POINT('',(76.85,-100.,1.1));
#1085 = DIRECTION('',(0.707106781187,-3.E-17,0.707106781187));
#1086 = DIRECTION('',(2.12132034356E-17,1.,2.12132034356E-17));
#1087 = ADVANCED_FACE('',(#1088),#1100,.T.);
#1088 = FACE_BOUND('',#1089,.T.);
#1089 = EDGE_LOOP('',(#1090,#1091,#1098,#1099));
#1090 = ORIENTED_EDGE('',*,*,#1076,.F.);
#1091 = ORIENTED_EDGE('',*,*,#1092,.T.);
#1092 = EDGE_CURVE('',#1069,#914,#1093,.T.);
#1093 = CIRCLE('',#1094,8.);
#1094 = AXIS2_PLACEMENT_3D('',#1095,#1096,#1097);
#1095 = CARTESIAN_POINT('',(69.75,-6.,0.2));
#1096 = DIRECTION('',(0.,0.,1.));
#1097 = DIRECTION('',(1.,0.,0.));
#1098 = ORIENTED_EDGE('',*,*,#913,.T.);
#1099 = ORIENTED_EDGE('',*,*,#222,.F.);
#1100 = CONICAL_SURFACE('',#1101,8.,0.785398163397);
#1101 = AXIS2_PLACEMENT_3D('',#1102,#1103,#1104);
#1102 = CARTESIAN_POINT('',(69.75,-6.,0.2));
#1103 = DIRECTION('',(-0.,-0.,-1.));
#1104 = DIRECTION('',(1.,0.,0.));
#1105 = ADVANCED_FACE('',(#1106),#1131,.T.);
#1106 = FACE_BOUND('',#1107,.F.);
#1107 = EDGE_LOOP('',(#1108,#1116,#1117,#1125));
#1108 = ORIENTED_EDGE('',*,*,#1109,.F.);
#1109 = EDGE_CURVE('',#232,#1110,#1112,.T.);
#1110 = VERTEX_POINT('',#1111);
#1111 = CARTESIAN_POINT('',(20.25,-79.6,1.2));
#1112 = LINE('',#1113,#1114);
#1113 = CARTESIAN_POINT('',(20.25,-79.6,1.2));
#1114 = VECTOR('',#1115,1.);
#1115 = DIRECTION('',(-0.707106781187,-9.903970005221E-15,
    -0.707106781187));
#1116 = ORIENTED_EDGE('',*,*,#231,.T.);
#1117 = ORIENTED_EDGE('',*,*,#1118,.T.);
#1118 = EDGE_CURVE('',#234,#1119,#1121,.T.);
#1119 = VERTEX_POINT('',#1120);
#1120 = CARTESIAN_POINT('',(20.25,-83.6,1.2));
#1121 = LINE('',#1122,#1123);
#1122 = CARTESIAN_POINT('',(20.65,-83.6,1.6));
#1123 = VECTOR('',#1124,1.);
#1124 = DIRECTION('',(-0.707106781187,-1.050053570062E-14,
    -0.707106781187));
#1125 = ORIENTED_EDGE('',*,*,#1126,.F.);
#1126 = EDGE_CURVE('',#1110,#1119,#1127,.T.);
#1127 = LINE('',#1128,#1129);
#1128 = CARTESIAN_POINT('',(20.25,-79.60000000049,1.2));
#1129 = VECTOR('',#1130,1.);
#1130 = DIRECTION('',(1.485E-14,-1.,0.));
#1131 = PLANE('',#1132);
#1132 = AXIS2_PLACEMENT_3D('',#1133,#1134,#1135);
#1133 = CARTESIAN_POINT('',(20.65,-79.60000000049,1.6));
#1134 = DIRECTION('',(-0.707106781187,-6.983161618628E-18,0.707106781187
    ));
#1135 = DIRECTION('',(-7.429937840935E-15,1.,-7.420062159065E-15));
#1136 = ADVANCED_FACE('',(#1137),#1156,.F.);
#1137 = FACE_BOUND('',#1138,.F.);
#1138 = EDGE_LOOP('',(#1139,#1140,#1141,#1149));
#1139 = ORIENTED_EDGE('',*,*,#1118,.F.);
#1140 = ORIENTED_EDGE('',*,*,#241,.T.);
#1141 = ORIENTED_EDGE('',*,*,#1142,.T.);
#1142 = EDGE_CURVE('',#242,#1143,#1145,.T.);
#1143 = VERTEX_POINT('',#1144);
#1144 = CARTESIAN_POINT('',(19.25,-84.6,1.2));
#1145 = LINE('',#1146,#1147);
#1146 = CARTESIAN_POINT('',(19.25,-85.,1.6));
#1147 = VECTOR('',#1148,1.);
#1148 = DIRECTION('',(0.,0.707106781187,-0.707106781187));
#1149 = ORIENTED_EDGE('',*,*,#1150,.F.);
#1150 = EDGE_CURVE('',#1119,#1143,#1151,.T.);
#1151 = CIRCLE('',#1152,1.);
#1152 = AXIS2_PLACEMENT_3D('',#1153,#1154,#1155);
#1153 = CARTESIAN_POINT('',(19.25,-83.6,1.2));
#1154 = DIRECTION('',(0.,0.,-1.));
#1155 = DIRECTION('',(1.,0.,0.));
#1156 = CONICAL_SURFACE('',#1157,1.,0.785398163397);
#1157 = AXIS2_PLACEMENT_3D('',#1158,#1159,#1160);
#1158 = CARTESIAN_POINT('',(19.25,-83.6,1.2));
#1159 = DIRECTION('',(0.,0.,1.));
#1160 = DIRECTION('',(1.,0.,0.));
#1161 = ADVANCED_FACE('',(#1162),#1180,.T.);
#1162 = FACE_BOUND('',#1163,.F.);
#1163 = EDGE_LOOP('',(#1164,#1165,#1166,#1174));
#1164 = ORIENTED_EDGE('',*,*,#1142,.F.);
#1165 = ORIENTED_EDGE('',*,*,#250,.T.);
#1166 = ORIENTED_EDGE('',*,*,#1167,.T.);
#1167 = EDGE_CURVE('',#251,#1168,#1170,.T.);
#1168 = VERTEX_POINT('',#1169);
#1169 = CARTESIAN_POINT('',(14.25,-84.6,1.2));
#1170 = LINE('',#1171,#1172);
#1171 = CARTESIAN_POINT('',(14.25,-85.,1.6));
#1172 = VECTOR('',#1173,1.);
#1173 = DIRECTION('',(0.,0.707106781187,-0.707106781187));
#1174 = ORIENTED_EDGE('',*,*,#1175,.F.);
#1175 = EDGE_CURVE('',#1143,#1168,#1176,.T.);
#1176 = LINE('',#1177,#1178);
#1177 = CARTESIAN_POINT('',(19.25,-84.6,1.2));
#1178 = VECTOR('',#1179,1.);
#1179 = DIRECTION('',(-1.,0.,0.));
#1180 = PLANE('',#1181);
#1181 = AXIS2_PLACEMENT_3D('',#1182,#1183,#1184);
#1182 = CARTESIAN_POINT('',(19.25,-85.,1.6));
#1183 = DIRECTION('',(-6.983161618628E-18,0.707106781187,0.707106781187)
  );
#1184 = DIRECTION('',(1.,4.937840934654E-18,4.937840934654E-18));
#1185 = ADVANCED_FACE('',(#1186),#1205,.F.);
#1186 = FACE_BOUND('',#1187,.F.);
#1187 = EDGE_LOOP('',(#1188,#1189,#1190,#1198));
#1188 = ORIENTED_EDGE('',*,*,#1167,.F.);
#1189 = ORIENTED_EDGE('',*,*,#258,.T.);
#1190 = ORIENTED_EDGE('',*,*,#1191,.T.);
#1191 = EDGE_CURVE('',#259,#1192,#1194,.T.);
#1192 = VERTEX_POINT('',#1193);
#1193 = CARTESIAN_POINT('',(13.25,-83.6,1.2));
#1194 = LINE('',#1195,#1196);
#1195 = CARTESIAN_POINT('',(13.25,-83.6,1.2));
#1196 = VECTOR('',#1197,1.);
#1197 = DIRECTION('',(0.707106781187,-1.000529393276E-14,-0.707106781187
    ));
#1198 = ORIENTED_EDGE('',*,*,#1199,.F.);
#1199 = EDGE_CURVE('',#1168,#1192,#1200,.T.);
#1200 = CIRCLE('',#1201,1.);
#1201 = AXIS2_PLACEMENT_3D('',#1202,#1203,#1204);
#1202 = CARTESIAN_POINT('',(14.25,-83.6,1.2));
#1203 = DIRECTION('',(0.,-0.,-1.));
#1204 = DIRECTION('',(4.085620730621E-14,-1.,0.));
#1205 = CONICAL_SURFACE('',#1206,1.,0.785398163397);
#1206 = AXIS2_PLACEMENT_3D('',#1207,#1208,#1209);
#1207 = CARTESIAN_POINT('',(14.25,-83.6,1.2));
#1208 = DIRECTION('',(0.,0.,1.));
#1209 = DIRECTION('',(4.085620730621E-14,-1.,0.));
#1210 = ADVANCED_FACE('',(#1211),#1229,.T.);
#1211 = FACE_BOUND('',#1212,.F.);
#1212 = EDGE_LOOP('',(#1213,#1214,#1215,#1223));
#1213 = ORIENTED_EDGE('',*,*,#1191,.F.);
#1214 = ORIENTED_EDGE('',*,*,#267,.T.);
#1215 = ORIENTED_EDGE('',*,*,#1216,.T.);
#1216 = EDGE_CURVE('',#268,#1217,#1219,.T.);
#1217 = VERTEX_POINT('',#1218);
#1218 = CARTESIAN_POINT('',(13.25,-79.6,1.2));
#1219 = LINE('',#1220,#1221);
#1220 = CARTESIAN_POINT('',(12.85,-79.6,1.6));
#1221 = VECTOR('',#1222,1.);
#1222 = DIRECTION('',(0.707106781187,-5.084097756731E-15,-0.707106781187
    ));
#1223 = ORIENTED_EDGE('',*,*,#1224,.F.);
#1224 = EDGE_CURVE('',#1192,#1217,#1225,.T.);
#1225 = LINE('',#1226,#1227);
#1226 = CARTESIAN_POINT('',(13.25,-83.60000000018,1.2));
#1227 = VECTOR('',#1228,1.);
#1228 = DIRECTION('',(7.19E-15,1.,0.));
#1229 = PLANE('',#1230);
#1230 = AXIS2_PLACEMENT_3D('',#1231,#1232,#1233);
#1231 = CARTESIAN_POINT('',(12.85,-83.60000000018,1.6));
#1232 = DIRECTION('',(0.707106781187,1.043284345823E-14,0.707106781187)
  );
#1233 = DIRECTION('',(3.782134356373E-15,-1.,1.097213435637E-14));
#1234 = ADVANCED_FACE('',(#1235),#1254,.T.);
#1235 = FACE_BOUND('',#1236,.F.);
#1236 = EDGE_LOOP('',(#1237,#1238,#1239,#1247));
#1237 = ORIENTED_EDGE('',*,*,#1216,.F.);
#1238 = ORIENTED_EDGE('',*,*,#275,.T.);
#1239 = ORIENTED_EDGE('',*,*,#1240,.T.);
#1240 = EDGE_CURVE('',#276,#1241,#1243,.T.);
#1241 = VERTEX_POINT('',#1242);
#1242 = CARTESIAN_POINT('',(12.25,-78.6,1.2));
#1243 = LINE('',#1244,#1245);
#1244 = CARTESIAN_POINT('',(12.25,-78.6,1.2));
#1245 = VECTOR('',#1246,1.);
#1246 = DIRECTION('',(2.555445736706E-15,0.707106781187,-0.707106781187)
  );
#1247 = ORIENTED_EDGE('',*,*,#1248,.F.);
#1248 = EDGE_CURVE('',#1217,#1241,#1249,.T.);
#1249 = CIRCLE('',#1250,1.);
#1250 = AXIS2_PLACEMENT_3D('',#1251,#1252,#1253);
#1251 = CARTESIAN_POINT('',(12.25,-79.6,1.2));
#1252 = DIRECTION('',(0.,0.,1.));
#1253 = DIRECTION('',(1.,0.,0.));
#1254 = CONICAL_SURFACE('',#1255,1.,0.785398163397);
#1255 = AXIS2_PLACEMENT_3D('',#1256,#1257,#1258);
#1256 = CARTESIAN_POINT('',(12.25,-79.6,1.2));
#1257 = DIRECTION('',(-0.,-0.,-1.));
#1258 = DIRECTION('',(1.,0.,0.));
#1259 = ADVANCED_FACE('',(#1260),#1278,.T.);
#1260 = FACE_BOUND('',#1261,.F.);
#1261 = EDGE_LOOP('',(#1262,#1263,#1264,#1272));
#1262 = ORIENTED_EDGE('',*,*,#1240,.F.);
#1263 = ORIENTED_EDGE('',*,*,#284,.T.);
#1264 = ORIENTED_EDGE('',*,*,#1265,.T.);
#1265 = EDGE_CURVE('',#285,#1266,#1268,.T.);
#1266 = VERTEX_POINT('',#1267);
#1267 = CARTESIAN_POINT('',(8.25,-78.6,1.2));
#1268 = LINE('',#1269,#1270);
#1269 = CARTESIAN_POINT('',(8.25,-79.,1.6));
#1270 = VECTOR('',#1271,1.);
#1271 = DIRECTION('',(2.708218971944E-15,0.707106781187,-0.707106781187)
  );
#1272 = ORIENTED_EDGE('',*,*,#1273,.F.);
#1273 = EDGE_CURVE('',#1241,#1266,#1274,.T.);
#1274 = LINE('',#1275,#1276);
#1275 = CARTESIAN_POINT('',(12.25,-78.6,1.2));
#1276 = VECTOR('',#1277,1.);
#1277 = DIRECTION('',(-1.,3.83E-15,0.));
#1278 = PLANE('',#1279);
#1279 = AXIS2_PLACEMENT_3D('',#1280,#1281,#1282);
#1280 = CARTESIAN_POINT('',(12.25,-79.,1.6));
#1281 = DIRECTION('',(3.016725819247E-15,0.707106781187,0.707106781187)
  );
#1282 = DIRECTION('',(1.,-4.04814728377E-15,-2.181472837704E-16));
#1283 = ADVANCED_FACE('',(#1284),#1303,.F.);
#1284 = FACE_BOUND('',#1285,.F.);
#1285 = EDGE_LOOP('',(#1286,#1287,#1288,#1296));
#1286 = ORIENTED_EDGE('',*,*,#1265,.F.);
#1287 = ORIENTED_EDGE('',*,*,#292,.T.);
#1288 = ORIENTED_EDGE('',*,*,#1289,.T.);
#1289 = EDGE_CURVE('',#293,#1290,#1292,.T.);
#1290 = VERTEX_POINT('',#1291);
#1291 = CARTESIAN_POINT('',(7.25,-77.6,1.2));
#1292 = LINE('',#1293,#1294);
#1293 = CARTESIAN_POINT('',(7.25,-77.6,1.2));
#1294 = VECTOR('',#1295,1.);
#1295 = DIRECTION('',(0.707106781187,-1.212776164136E-15,-0.707106781187
    ));
#1296 = ORIENTED_EDGE('',*,*,#1297,.F.);
#1297 = EDGE_CURVE('',#1266,#1290,#1298,.T.);
#1298 = CIRCLE('',#1299,1.);
#1299 = AXIS2_PLACEMENT_3D('',#1300,#1301,#1302);
#1300 = CARTESIAN_POINT('',(8.25,-77.6,1.2));
#1301 = DIRECTION('',(0.,-0.,-1.));
#1302 = DIRECTION('',(2.30926389122E-14,-1.,0.));
#1303 = CONICAL_SURFACE('',#1304,1.,0.785398163397);
#1304 = AXIS2_PLACEMENT_3D('',#1305,#1306,#1307);
#1305 = CARTESIAN_POINT('',(8.25,-77.6,1.2));
#1306 = DIRECTION('',(0.,0.,1.));
#1307 = DIRECTION('',(2.30926389122E-14,-1.,0.));
#1308 = ADVANCED_FACE('',(#1309),#1327,.T.);
#1309 = FACE_BOUND('',#1310,.F.);
#1310 = EDGE_LOOP('',(#1311,#1312,#1313,#1321));
#1311 = ORIENTED_EDGE('',*,*,#1289,.F.);
#1312 = ORIENTED_EDGE('',*,*,#301,.T.);
#1313 = ORIENTED_EDGE('',*,*,#1314,.T.);
#1314 = EDGE_CURVE('',#302,#1315,#1317,.T.);
#1315 = VERTEX_POINT('',#1316);
#1316 = CARTESIAN_POINT('',(7.25,-72.6,1.2));
#1317 = LINE('',#1318,#1319);
#1318 = CARTESIAN_POINT('',(6.85,-72.6,1.6));
#1319 = VECTOR('',#1320,1.);
#1320 = DIRECTION('',(0.707106781187,-3.761808075912E-15,-0.707106781187
    ));
#1321 = ORIENTED_EDGE('',*,*,#1322,.F.);
#1322 = EDGE_CURVE('',#1290,#1315,#1323,.T.);
#1323 = LINE('',#1324,#1325);
#1324 = CARTESIAN_POINT('',(7.25,-77.5999999995,1.2));
#1325 = VECTOR('',#1326,1.);
#1326 = DIRECTION('',(5.32E-15,1.,0.));
#1327 = PLANE('',#1328);
#1328 = AXIS2_PLACEMENT_3D('',#1329,#1330,#1331);
#1329 = CARTESIAN_POINT('',(6.85,-77.5999999995,1.6));
#1330 = DIRECTION('',(0.707106781187,-3.763924112441E-15,0.707106781187)
  );
#1331 = DIRECTION('',(-5.321496263778E-15,-1.,-1.496263778351E-18));
#1332 = ADVANCED_FACE('',(#1333),#1352,.F.);
#1333 = FACE_BOUND('',#1334,.F.);
#1334 = EDGE_LOOP('',(#1335,#1336,#1337,#1345));
#1335 = ORIENTED_EDGE('',*,*,#1314,.F.);
#1336 = ORIENTED_EDGE('',*,*,#309,.T.);
#1337 = ORIENTED_EDGE('',*,*,#1338,.T.);
#1338 = EDGE_CURVE('',#310,#1339,#1341,.T.);
#1339 = VERTEX_POINT('',#1340);
#1340 = CARTESIAN_POINT('',(8.25,-71.6,1.2));
#1341 = LINE('',#1342,#1343);
#1342 = CARTESIAN_POINT('',(8.25,-71.6,1.2));
#1343 = VECTOR('',#1344,1.);
#1344 = DIRECTION('',(5.0675936706E-15,-0.707106781187,-0.707106781187)
  );
#1345 = ORIENTED_EDGE('',*,*,#1346,.F.);
#1346 = EDGE_CURVE('',#1315,#1339,#1347,.T.);
#1347 = CIRCLE('',#1348,1.);
#1348 = AXIS2_PLACEMENT_3D('',#1349,#1350,#1351);
#1349 = CARTESIAN_POINT('',(8.25,-72.6,1.2));
#1350 = DIRECTION('',(0.,0.,-1.));
#1351 = DIRECTION('',(-1.,0.,0.));
#1352 = CONICAL_SURFACE('',#1353,1.,0.785398163397);
#1353 = AXIS2_PLACEMENT_3D('',#1354,#1355,#1356);
#1354 = CARTESIAN_POINT('',(8.25,-72.6,1.2));
#1355 = DIRECTION('',(0.,0.,1.));
#1356 = DIRECTION('',(-1.,0.,0.));
#1357 = ADVANCED_FACE('',(#1358),#1376,.T.);
#1358 = FACE_BOUND('',#1359,.F.);
#1359 = EDGE_LOOP('',(#1360,#1361,#1362,#1370));
#1360 = ORIENTED_EDGE('',*,*,#1338,.F.);
#1361 = ORIENTED_EDGE('',*,*,#318,.T.);
#1362 = ORIENTED_EDGE('',*,*,#1363,.T.);
#1363 = EDGE_CURVE('',#319,#1364,#1366,.T.);
#1364 = VERTEX_POINT('',#1365);
#1365 = CARTESIAN_POINT('',(12.249999999057,-71.6,1.2));
#1366 = LINE('',#1367,#1368);
#1367 = CARTESIAN_POINT('',(12.249999999057,-71.2,1.6));
#1368 = VECTOR('',#1369,1.);
#1369 = DIRECTION('',(5.423509011701E-15,-0.707106781187,-0.707106781187
    ));
#1370 = ORIENTED_EDGE('',*,*,#1371,.F.);
#1371 = EDGE_CURVE('',#1339,#1364,#1372,.T.);
#1372 = LINE('',#1373,#1374);
#1373 = CARTESIAN_POINT('',(8.25,-71.6,1.2));
#1374 = VECTOR('',#1375,1.);
#1375 = DIRECTION('',(1.,7.67E-15,0.));
#1376 = PLANE('',#1377);
#1377 = AXIS2_PLACEMENT_3D('',#1378,#1379,#1380);
#1378 = CARTESIAN_POINT('',(8.25,-71.2,1.6));
#1379 = DIRECTION('',(-5.027876365412E-15,-0.707106781187,0.707106781187
    ));
#1380 = DIRECTION('',(-1.,-2.797545270493E-16,-7.390245472951E-15));
#1381 = ADVANCED_FACE('',(#1382),#1401,.T.);
#1382 = FACE_BOUND('',#1383,.F.);
#1383 = EDGE_LOOP('',(#1384,#1385,#1386,#1394));
#1384 = ORIENTED_EDGE('',*,*,#1363,.F.);
#1385 = ORIENTED_EDGE('',*,*,#326,.T.);
#1386 = ORIENTED_EDGE('',*,*,#1387,.T.);
#1387 = EDGE_CURVE('',#327,#1388,#1390,.T.);
#1388 = VERTEX_POINT('',#1389);
#1389 = CARTESIAN_POINT('',(13.25,-70.6,1.2));
#1390 = LINE('',#1391,#1392);
#1391 = CARTESIAN_POINT('',(13.25,-70.6,1.2));
#1392 = VECTOR('',#1393,1.);
#1393 = DIRECTION('',(0.707106781187,-4.329780281034E-17,-0.707106781187
    ));
#1394 = ORIENTED_EDGE('',*,*,#1395,.F.);
#1395 = EDGE_CURVE('',#1364,#1388,#1396,.T.);
#1396 = CIRCLE('',#1397,1.);
#1397 = AXIS2_PLACEMENT_3D('',#1398,#1399,#1400);
#1398 = CARTESIAN_POINT('',(12.25,-70.6,1.2));
#1399 = DIRECTION('',(0.,0.,1.));
#1400 = DIRECTION('',(-1.285417994268E-09,-1.,0.));
#1401 = CONICAL_SURFACE('',#1402,1.,0.785398163397);
#1402 = AXIS2_PLACEMENT_3D('',#1403,#1404,#1405);
#1403 = CARTESIAN_POINT('',(12.25,-70.6,1.2));
#1404 = DIRECTION('',(-0.,-0.,-1.));
#1405 = DIRECTION('',(-1.285417994268E-09,-1.,0.));
#1406 = ADVANCED_FACE('',(#1407),#1425,.T.);
#1407 = FACE_BOUND('',#1408,.F.);
#1408 = EDGE_LOOP('',(#1409,#1410,#1411,#1419));
#1409 = ORIENTED_EDGE('',*,*,#1387,.F.);
#1410 = ORIENTED_EDGE('',*,*,#335,.T.);
#1411 = ORIENTED_EDGE('',*,*,#1412,.T.);
#1412 = EDGE_CURVE('',#336,#1413,#1415,.T.);
#1413 = VERTEX_POINT('',#1414);
#1414 = CARTESIAN_POINT('',(13.25,-66.59999999986,1.2));
#1415 = LINE('',#1416,#1417);
#1416 = CARTESIAN_POINT('',(12.85,-66.59999999986,1.6));
#1417 = VECTOR('',#1418,1.);
#1418 = DIRECTION('',(0.707106781187,-5.084097756731E-15,-0.707106781187
    ));
#1419 = ORIENTED_EDGE('',*,*,#1420,.F.);
#1420 = EDGE_CURVE('',#1388,#1413,#1421,.T.);
#1421 = LINE('',#1422,#1423);
#1422 = CARTESIAN_POINT('',(13.25,-70.6,1.2));
#1423 = VECTOR('',#1424,1.);
#1424 = DIRECTION('',(7.19E-15,1.,0.));
#1425 = PLANE('',#1426);
#1426 = AXIS2_PLACEMENT_3D('',#1427,#1428,#1429);
#1427 = CARTESIAN_POINT('',(12.85,-70.6,1.6));
#1428 = DIRECTION('',(0.707106781187,1.055155720575E-14,0.707106781187)
  );
#1429 = DIRECTION('',(3.866077652262E-15,-1.,1.105607765226E-14));
#1430 = ADVANCED_FACE('',(#1431),#1450,.F.);
#1431 = FACE_BOUND('',#1432,.F.);
#1432 = EDGE_LOOP('',(#1433,#1434,#1435,#1443));
#1433 = ORIENTED_EDGE('',*,*,#1412,.F.);
#1434 = ORIENTED_EDGE('',*,*,#343,.T.);
#1435 = ORIENTED_EDGE('',*,*,#1436,.T.);
#1436 = EDGE_CURVE('',#344,#1437,#1439,.T.);
#1437 = VERTEX_POINT('',#1438);
#1438 = CARTESIAN_POINT('',(14.25,-65.6,1.2));
#1439 = LINE('',#1440,#1441);
#1440 = CARTESIAN_POINT('',(14.25,-65.6,1.2));
#1441 = VECTOR('',#1442,1.);
#1442 = DIRECTION('',(-3.724924097078E-15,-0.707106781187,
    -0.707106781187));
#1443 = ORIENTED_EDGE('',*,*,#1444,.F.);
#1444 = EDGE_CURVE('',#1413,#1437,#1445,.T.);
#1445 = CIRCLE('',#1446,1.);
#1446 = AXIS2_PLACEMENT_3D('',#1447,#1448,#1449);
#1447 = CARTESIAN_POINT('',(14.25,-66.6,1.2));
#1448 = DIRECTION('',(0.,0.,-1.));
#1449 = DIRECTION('',(-1.,1.875264388218E-10,0.));
#1450 = CONICAL_SURFACE('',#1451,1.,0.785398163397);
#1451 = AXIS2_PLACEMENT_3D('',#1452,#1453,#1454);
#1452 = CARTESIAN_POINT('',(14.25,-66.6,1.2));
#1453 = DIRECTION('',(0.,0.,1.));
#1454 = DIRECTION('',(-1.,1.875264388218E-10,0.));
#1455 = ADVANCED_FACE('',(#1456),#1474,.T.);
#1456 = FACE_BOUND('',#1457,.F.);
#1457 = EDGE_LOOP('',(#1458,#1459,#1460,#1468));
#1458 = ORIENTED_EDGE('',*,*,#1436,.F.);
#1459 = ORIENTED_EDGE('',*,*,#352,.T.);
#1460 = ORIENTED_EDGE('',*,*,#1461,.T.);
#1461 = EDGE_CURVE('',#353,#1462,#1464,.T.);
#1462 = VERTEX_POINT('',#1463);
#1463 = CARTESIAN_POINT('',(19.25,-65.6,1.2));
#1464 = LINE('',#1465,#1466);
#1465 = CARTESIAN_POINT('',(19.25,-65.2,1.6));
#1466 = VECTOR('',#1467,1.);
#1467 = DIRECTION('',(-4.299209229614E-15,-0.707106781187,
    -0.707106781187));
#1468 = ORIENTED_EDGE('',*,*,#1469,.F.);
#1469 = EDGE_CURVE('',#1437,#1462,#1470,.T.);
#1470 = LINE('',#1471,#1472);
#1471 = CARTESIAN_POINT('',(14.25,-65.6,1.2));
#1472 = VECTOR('',#1473,1.);
#1473 = DIRECTION('',(1.,-6.08E-15,0.));
#1474 = PLANE('',#1475);
#1475 = AXIS2_PLACEMENT_3D('',#1476,#1477,#1478);
#1476 = CARTESIAN_POINT('',(14.25,-65.2,1.6));
#1477 = DIRECTION('',(-5.020893203794E-15,-0.707106781187,0.707106781187
    ));
#1478 = DIRECTION('',(-1.,6.590307632016E-15,-5.103076320161E-16));
#1479 = ADVANCED_FACE('',(#1480),#1499,.F.);
#1480 = FACE_BOUND('',#1481,.F.);
#1481 = EDGE_LOOP('',(#1482,#1483,#1484,#1492));
#1482 = ORIENTED_EDGE('',*,*,#1461,.F.);
#1483 = ORIENTED_EDGE('',*,*,#360,.T.);
#1484 = ORIENTED_EDGE('',*,*,#1485,.T.);
#1485 = EDGE_CURVE('',#361,#1486,#1488,.T.);
#1486 = VERTEX_POINT('',#1487);
#1487 = CARTESIAN_POINT('',(20.25,-66.6,1.2));
#1488 = LINE('',#1489,#1490);
#1489 = CARTESIAN_POINT('',(20.25,-66.6,1.2));
#1490 = VECTOR('',#1491,1.);
#1491 = DIRECTION('',(-0.707106781187,-4.329780281163E-17,
    -0.707106781187));
#1492 = ORIENTED_EDGE('',*,*,#1493,.F.);
#1493 = EDGE_CURVE('',#1462,#1486,#1494,.T.);
#1494 = CIRCLE('',#1495,1.);
#1495 = AXIS2_PLACEMENT_3D('',#1496,#1497,#1498);
#1496 = CARTESIAN_POINT('',(19.25,-66.6,1.2));
#1497 = DIRECTION('',(0.,0.,-1.));
#1498 = DIRECTION('',(3.552713678801E-15,1.,0.));
#1499 = CONICAL_SURFACE('',#1500,1.,0.785398163397);
#1500 = AXIS2_PLACEMENT_3D('',#1501,#1502,#1503);
#1501 = CARTESIAN_POINT('',(19.25,-66.6,1.2));
#1502 = DIRECTION('',(0.,0.,1.));
#1503 = DIRECTION('',(3.552713678801E-15,1.,0.));
#1504 = ADVANCED_FACE('',(#1505),#1523,.T.);
#1505 = FACE_BOUND('',#1506,.F.);
#1506 = EDGE_LOOP('',(#1507,#1508,#1509,#1517));
#1507 = ORIENTED_EDGE('',*,*,#1485,.F.);
#1508 = ORIENTED_EDGE('',*,*,#369,.T.);
#1509 = ORIENTED_EDGE('',*,*,#1510,.T.);
#1510 = EDGE_CURVE('',#370,#1511,#1513,.T.);
#1511 = VERTEX_POINT('',#1512);
#1512 = CARTESIAN_POINT('',(20.25,-70.6,1.2));
#1513 = LINE('',#1514,#1515);
#1514 = CARTESIAN_POINT('',(20.65,-70.6,1.6));
#1515 = VECTOR('',#1516,1.);
#1516 = DIRECTION('',(-0.707106781187,-1.050053570062E-14,
    -0.707106781187));
#1517 = ORIENTED_EDGE('',*,*,#1518,.F.);
#1518 = EDGE_CURVE('',#1486,#1511,#1519,.T.);
#1519 = LINE('',#1520,#1521);
#1520 = CARTESIAN_POINT('',(20.25,-66.6,1.2));
#1521 = VECTOR('',#1522,1.);
#1522 = DIRECTION('',(1.485E-14,-1.,0.));
#1523 = PLANE('',#1524);
#1524 = AXIS2_PLACEMENT_3D('',#1525,#1526,#1527);
#1525 = CARTESIAN_POINT('',(20.65,-66.6,1.6));
#1526 = DIRECTION('',(-0.707106781187,-6.983161618628E-18,0.707106781187
    ));
#1527 = DIRECTION('',(-7.429937840935E-15,1.,-7.420062159065E-15));
#1528 = ADVANCED_FACE('',(#1529),#1548,.T.);
#1529 = FACE_BOUND('',#1530,.F.);
#1530 = EDGE_LOOP('',(#1531,#1532,#1533,#1541));
#1531 = ORIENTED_EDGE('',*,*,#1510,.F.);
#1532 = ORIENTED_EDGE('',*,*,#377,.T.);
#1533 = ORIENTED_EDGE('',*,*,#1534,.T.);
#1534 = EDGE_CURVE('',#378,#1535,#1537,.T.);
#1535 = VERTEX_POINT('',#1536);
#1536 = CARTESIAN_POINT('',(21.25,-71.6,1.2));
#1537 = LINE('',#1538,#1539);
#1538 = CARTESIAN_POINT('',(21.25,-71.6,1.2));
#1539 = VECTOR('',#1540,1.);
#1540 = DIRECTION('',(4.980998064976E-15,-0.707106781187,-0.707106781187
    ));
#1541 = ORIENTED_EDGE('',*,*,#1542,.F.);
#1542 = EDGE_CURVE('',#1511,#1535,#1543,.T.);
#1543 = CIRCLE('',#1544,1.);
#1544 = AXIS2_PLACEMENT_3D('',#1545,#1546,#1547);
#1545 = CARTESIAN_POINT('',(21.25,-70.6,1.2));
#1546 = DIRECTION('',(0.,0.,1.));
#1547 = DIRECTION('',(-1.,0.,0.));
#1548 = CONICAL_SURFACE('',#1549,1.,0.785398163397);
#1549 = AXIS2_PLACEMENT_3D('',#1550,#1551,#1552);
#1550 = CARTESIAN_POINT('',(21.25,-70.6,1.2));
#1551 = DIRECTION('',(-0.,-0.,-1.));
#1552 = DIRECTION('',(-1.,0.,0.));
#1553 = ADVANCED_FACE('',(#1554),#1572,.T.);
#1554 = FACE_BOUND('',#1555,.F.);
#1555 = EDGE_LOOP('',(#1556,#1557,#1558,#1566));
#1556 = ORIENTED_EDGE('',*,*,#1534,.F.);
#1557 = ORIENTED_EDGE('',*,*,#386,.T.);
#1558 = ORIENTED_EDGE('',*,*,#1559,.T.);
#1559 = EDGE_CURVE('',#387,#1560,#1562,.T.);
#1560 = VERTEX_POINT('',#1561);
#1561 = CARTESIAN_POINT('',(25.25,-71.6,1.2));
#1562 = LINE('',#1563,#1564);
#1563 = CARTESIAN_POINT('',(25.25,-71.2,1.6));
#1564 = VECTOR('',#1565,1.);
#1565 = DIRECTION('',(5.423509011701E-15,-0.707106781187,-0.707106781187
    ));
#1566 = ORIENTED_EDGE('',*,*,#1567,.F.);
#1567 = EDGE_CURVE('',#1535,#1560,#1568,.T.);
#1568 = LINE('',#1569,#1570);
#1569 = CARTESIAN_POINT('',(21.25,-71.6,1.2));
#1570 = VECTOR('',#1571,1.);
#1571 = DIRECTION('',(1.,7.67E-15,0.));
#1572 = PLANE('',#1573);
#1573 = AXIS2_PLACEMENT_3D('',#1574,#1575,#1576);
#1574 = CARTESIAN_POINT('',(21.25,-71.2,1.6));
#1575 = DIRECTION('',(-5.020893203794E-15,-0.707106781187,0.707106781187
    ));
#1576 = DIRECTION('',(-1.,-2.846923679839E-16,-7.385307632016E-15));
#1577 = ADVANCED_FACE('',(#1578),#1597,.F.);
#1578 = FACE_BOUND('',#1579,.F.);
#1579 = EDGE_LOOP('',(#1580,#1581,#1582,#1590));
#1580 = ORIENTED_EDGE('',*,*,#1559,.F.);
#1581 = ORIENTED_EDGE('',*,*,#394,.T.);
#1582 = ORIENTED_EDGE('',*,*,#1583,.T.);
#1583 = EDGE_CURVE('',#395,#1584,#1586,.T.);
#1584 = VERTEX_POINT('',#1585);
#1585 = CARTESIAN_POINT('',(26.25,-72.6,1.2));
#1586 = LINE('',#1587,#1588);
#1587 = CARTESIAN_POINT('',(26.25,-72.6,1.2));
#1588 = VECTOR('',#1589,1.);
#1589 = DIRECTION('',(-0.707106781187,-4.329780281177E-17,
    -0.707106781187));
#1590 = ORIENTED_EDGE('',*,*,#1591,.F.);
#1591 = EDGE_CURVE('',#1560,#1584,#1592,.T.);
#1592 = CIRCLE('',#1593,1.);
#1593 = AXIS2_PLACEMENT_3D('',#1594,#1595,#1596);
#1594 = CARTESIAN_POINT('',(25.25,-72.6,1.2));
#1595 = DIRECTION('',(0.,0.,-1.));
#1596 = DIRECTION('',(7.105427357601E-15,1.,0.));
#1597 = CONICAL_SURFACE('',#1598,1.,0.785398163397);
#1598 = AXIS2_PLACEMENT_3D('',#1599,#1600,#1601);
#1599 = CARTESIAN_POINT('',(25.25,-72.6,1.2));
#1600 = DIRECTION('',(0.,0.,1.));
#1601 = DIRECTION('',(7.105427357601E-15,1.,0.));
#1602 = ADVANCED_FACE('',(#1603),#1621,.T.);
#1603 = FACE_BOUND('',#1604,.F.);
#1604 = EDGE_LOOP('',(#1605,#1606,#1607,#1615));
#1605 = ORIENTED_EDGE('',*,*,#1583,.F.);
#1606 = ORIENTED_EDGE('',*,*,#403,.T.);
#1607 = ORIENTED_EDGE('',*,*,#1608,.T.);
#1608 = EDGE_CURVE('',#404,#1609,#1611,.T.);
#1609 = VERTEX_POINT('',#1610);
#1610 = CARTESIAN_POINT('',(26.25,-77.6,1.2));
#1611 = LINE('',#1612,#1613);
#1612 = CARTESIAN_POINT('',(26.65,-77.6,1.6));
#1613 = VECTOR('',#1614,1.);
#1614 = DIRECTION('',(-0.707106781187,-0.,-0.707106781187));
#1615 = ORIENTED_EDGE('',*,*,#1616,.F.);
#1616 = EDGE_CURVE('',#1584,#1609,#1617,.T.);
#1617 = LINE('',#1618,#1619);
#1618 = CARTESIAN_POINT('',(26.25,-72.6,1.2));
#1619 = VECTOR('',#1620,1.);
#1620 = DIRECTION('',(0.,-1.,0.));
#1621 = PLANE('',#1622);
#1622 = AXIS2_PLACEMENT_3D('',#1623,#1624,#1625);
#1623 = CARTESIAN_POINT('',(26.65,-72.6,1.6));
#1624 = DIRECTION('',(-0.707106781187,-6.983161618628E-18,0.707106781187
    ));
#1625 = DIRECTION('',(-4.937840934654E-18,1.,4.937840934654E-18));
#1626 = ADVANCED_FACE('',(#1627),#1646,.F.);
#1627 = FACE_BOUND('',#1628,.F.);
#1628 = EDGE_LOOP('',(#1629,#1630,#1631,#1639));
#1629 = ORIENTED_EDGE('',*,*,#1608,.F.);
#1630 = ORIENTED_EDGE('',*,*,#411,.T.);
#1631 = ORIENTED_EDGE('',*,*,#1632,.T.);
#1632 = EDGE_CURVE('',#412,#1633,#1635,.T.);
#1633 = VERTEX_POINT('',#1634);
#1634 = CARTESIAN_POINT('',(25.250091367843,-78.59999999582,1.2));
#1635 = LINE('',#1636,#1637);
#1636 = CARTESIAN_POINT('',(25.250091367843,-78.59999999582,1.2));
#1637 = VECTOR('',#1638,1.);
#1638 = DIRECTION('',(-6.460682145676E-05,0.707106778235,-0.707106781187
    ));
#1639 = ORIENTED_EDGE('',*,*,#1640,.F.);
#1640 = EDGE_CURVE('',#1609,#1633,#1641,.T.);
#1641 = CIRCLE('',#1642,1.);
#1642 = AXIS2_PLACEMENT_3D('',#1643,#1644,#1645);
#1643 = CARTESIAN_POINT('',(25.25,-77.6,1.2));
#1644 = DIRECTION('',(0.,0.,-1.));
#1645 = DIRECTION('',(1.,0.,0.));
#1646 = CONICAL_SURFACE('',#1647,1.,0.785398163397);
#1647 = AXIS2_PLACEMENT_3D('',#1648,#1649,#1650);
#1648 = CARTESIAN_POINT('',(25.25,-77.6,1.2));
#1649 = DIRECTION('',(0.,0.,1.));
#1650 = DIRECTION('',(1.,0.,0.));
#1651 = ADVANCED_FACE('',(#1652),#1670,.F.);
#1652 = FACE_BOUND('',#1653,.F.);
#1653 = EDGE_LOOP('',(#1654,#1655,#1656,#1664));
#1654 = ORIENTED_EDGE('',*,*,#1632,.F.);
#1655 = ORIENTED_EDGE('',*,*,#420,.T.);
#1656 = ORIENTED_EDGE('',*,*,#1657,.T.);
#1657 = EDGE_CURVE('',#421,#1658,#1660,.T.);
#1658 = VERTEX_POINT('',#1659);
#1659 = CARTESIAN_POINT('',(21.255482263916,-78.60001502772,1.2));
#1660 = LINE('',#1661,#1662);
#1661 = CARTESIAN_POINT('',(21.25548376875,-79.00001502771,1.6));
#1662 = VECTOR('',#1663,1.);
#1663 = DIRECTION('',(-2.660196940105E-06,0.707106781182,-0.707106781187
    ));
#1664 = ORIENTED_EDGE('',*,*,#1665,.F.);
#1665 = EDGE_CURVE('',#1633,#1658,#1666,.T.);
#1666 = LINE('',#1667,#1668);
#1667 = CARTESIAN_POINT('',(25.250024094799,-78.5999999999,1.2));
#1668 = VECTOR('',#1669,1.);
#1669 = DIRECTION('',(-0.999999999993,-3.76208659128E-06,-0.));
#1670 = PLANE('',#1671);
#1671 = AXIS2_PLACEMENT_3D('',#1672,#1673,#1674);
#1672 = CARTESIAN_POINT('',(25.250025599634,-78.9999999999,1.6));
#1673 = DIRECTION('',(2.660196939943E-06,-0.707106781182,-0.707106781187
    ));
#1674 = DIRECTION('',(-0.999999999993,-3.762086591166E-06,
    1.142645328264E-16));
#1675 = ADVANCED_FACE('',(#1676),#1688,.T.);
#1676 = FACE_BOUND('',#1677,.F.);
#1677 = EDGE_LOOP('',(#1678,#1679,#1680,#1681));
#1678 = ORIENTED_EDGE('',*,*,#1657,.F.);
#1679 = ORIENTED_EDGE('',*,*,#428,.T.);
#1680 = ORIENTED_EDGE('',*,*,#1109,.T.);
#1681 = ORIENTED_EDGE('',*,*,#1682,.F.);
#1682 = EDGE_CURVE('',#1658,#1110,#1683,.T.);
#1683 = CIRCLE('',#1684,1.);
#1684 = AXIS2_PLACEMENT_3D('',#1685,#1686,#1687);
#1685 = CARTESIAN_POINT('',(21.25,-79.6,1.2));
#1686 = DIRECTION('',(0.,-0.,1.));
#1687 = DIRECTION('',(5.482263906639E-03,0.999984972278,0.));
#1688 = CONICAL_SURFACE('',#1689,1.,0.785398163397);
#1689 = AXIS2_PLACEMENT_3D('',#1690,#1691,#1692);
#1690 = CARTESIAN_POINT('',(21.25,-79.6,1.2));
#1691 = DIRECTION('',(-0.,-0.,-1.));
#1692 = DIRECTION('',(5.482263906639E-03,0.999984972278,0.));
#1693 = ADVANCED_FACE('',(#1694),#1713,.F.);
#1694 = FACE_BOUND('',#1695,.T.);
#1695 = EDGE_LOOP('',(#1696,#1705,#1711,#1712));
#1696 = ORIENTED_EDGE('',*,*,#1697,.T.);
#1697 = EDGE_CURVE('',#1698,#1698,#1700,.T.);
#1698 = VERTEX_POINT('',#1699);
#1699 = CARTESIAN_POINT('',(54.93,-75.1,1.));
#1700 = CIRCLE('',#1701,3.75);
#1701 = AXIS2_PLACEMENT_3D('',#1702,#1703,#1704);
#1702 = CARTESIAN_POINT('',(51.18,-75.1,1.));
#1703 = DIRECTION('',(0.,0.,-1.));
#1704 = DIRECTION('',(1.,0.,0.));
#1705 = ORIENTED_EDGE('',*,*,#1706,.T.);
#1706 = EDGE_CURVE('',#1698,#438,#1707,.T.);
#1707 = LINE('',#1708,#1709);
#1708 = CARTESIAN_POINT('',(54.93,-75.1,1.));
#1709 = VECTOR('',#1710,1.);
#1710 = DIRECTION('',(0.707106781187,-6.280369834735E-16,0.707106781187)
  );
#1711 = ORIENTED_EDGE('',*,*,#437,.F.);
#1712 = ORIENTED_EDGE('',*,*,#1706,.F.);
#1713 = CONICAL_SURFACE('',#1714,3.75,0.785398163397);
#1714 = AXIS2_PLACEMENT_3D('',#1715,#1716,#1717);
#1715 = CARTESIAN_POINT('',(51.18,-75.1,1.));
#1716 = DIRECTION('',(0.,0.,1.));
#1717 = DIRECTION('',(1.,0.,0.));
#1718 = ADVANCED_FACE('',(#1719),#1738,.F.);
#1719 = FACE_BOUND('',#1720,.F.);
#1720 = EDGE_LOOP('',(#1721,#1722,#1730,#1737));
#1721 = ORIENTED_EDGE('',*,*,#448,.T.);
#1722 = ORIENTED_EDGE('',*,*,#1723,.T.);
#1723 = EDGE_CURVE('',#449,#1724,#1726,.T.);
#1724 = VERTEX_POINT('',#1725);
#1725 = CARTESIAN_POINT('',(62.507691056122,-83.5,1.));
#1726 = LINE('',#1727,#1728);
#1727 = CARTESIAN_POINT('',(62.507691056122,-83.5,1.));
#1728 = VECTOR('',#1729,1.);
#1729 = DIRECTION('',(-0.707106781187,0.,-0.707106781187));
#1730 = ORIENTED_EDGE('',*,*,#1731,.F.);
#1731 = EDGE_CURVE('',#1724,#1724,#1732,.T.);
#1732 = CIRCLE('',#1733,3.757691056122);
#1733 = AXIS2_PLACEMENT_3D('',#1734,#1735,#1736);
#1734 = CARTESIAN_POINT('',(58.75,-83.5,1.));
#1735 = DIRECTION('',(0.,0.,-1.));
#1736 = DIRECTION('',(1.,0.,0.));
#1737 = ORIENTED_EDGE('',*,*,#1723,.F.);
#1738 = CONICAL_SURFACE('',#1739,3.757691056122,0.785398163397);
#1739 = AXIS2_PLACEMENT_3D('',#1740,#1741,#1742);
#1740 = CARTESIAN_POINT('',(58.75,-83.5,1.));
#1741 = DIRECTION('',(0.,0.,1.));
#1742 = DIRECTION('',(1.,0.,0.));
#1743 = ADVANCED_FACE('',(#1744),#1763,.F.);
#1744 = FACE_BOUND('',#1745,.F.);
#1745 = EDGE_LOOP('',(#1746,#1747,#1755,#1762));
#1746 = ORIENTED_EDGE('',*,*,#459,.T.);
#1747 = ORIENTED_EDGE('',*,*,#1748,.T.);
#1748 = EDGE_CURVE('',#460,#1749,#1751,.T.);
#1749 = VERTEX_POINT('',#1750);
#1750 = CARTESIAN_POINT('',(70.93,-75.1,1.));
#1751 = LINE('',#1752,#1753);
#1752 = CARTESIAN_POINT('',(70.93,-75.1,1.));
#1753 = VECTOR('',#1754,1.);
#1754 = DIRECTION('',(-0.707106781187,1.256073966947E-15,-0.707106781187
    ));
#1755 = ORIENTED_EDGE('',*,*,#1756,.F.);
#1756 = EDGE_CURVE('',#1749,#1749,#1757,.T.);
#1757 = CIRCLE('',#1758,3.75);
#1758 = AXIS2_PLACEMENT_3D('',#1759,#1760,#1761);
#1759 = CARTESIAN_POINT('',(67.18,-75.1,1.));
#1760 = DIRECTION('',(0.,0.,-1.));
#1761 = DIRECTION('',(1.,0.,0.));
#1762 = ORIENTED_EDGE('',*,*,#1748,.F.);
#1763 = CONICAL_SURFACE('',#1764,3.75,0.785398163397);
#1764 = AXIS2_PLACEMENT_3D('',#1765,#1766,#1767);
#1765 = CARTESIAN_POINT('',(67.18,-75.1,1.));
#1766 = DIRECTION('',(0.,0.,1.));
#1767 = DIRECTION('',(1.,0.,0.));
#1768 = ADVANCED_FACE('',(#1769),#1788,.F.);
#1769 = FACE_BOUND('',#1770,.T.);
#1770 = EDGE_LOOP('',(#1771,#1780,#1786,#1787));
#1771 = ORIENTED_EDGE('',*,*,#1772,.T.);
#1772 = EDGE_CURVE('',#1773,#1773,#1775,.T.);
#1773 = VERTEX_POINT('',#1774);
#1774 = CARTESIAN_POINT('',(62.5,-67.5,1.));
#1775 = CIRCLE('',#1776,3.75);
#1776 = AXIS2_PLACEMENT_3D('',#1777,#1778,#1779);
#1777 = CARTESIAN_POINT('',(58.75,-67.5,1.));
#1778 = DIRECTION('',(0.,0.,-1.));
#1779 = DIRECTION('',(1.,0.,0.));
#1780 = ORIENTED_EDGE('',*,*,#1781,.T.);
#1781 = EDGE_CURVE('',#1773,#471,#1782,.T.);
#1782 = LINE('',#1783,#1784);
#1783 = CARTESIAN_POINT('',(62.5,-67.5,1.));
#1784 = VECTOR('',#1785,1.);
#1785 = DIRECTION('',(0.707106781187,-6.280369834735E-16,0.707106781187)
  );
#1786 = ORIENTED_EDGE('',*,*,#470,.F.);
#1787 = ORIENTED_EDGE('',*,*,#1781,.F.);
#1788 = CONICAL_SURFACE('',#1789,3.75,0.785398163397);
#1789 = AXIS2_PLACEMENT_3D('',#1790,#1791,#1792);
#1790 = CARTESIAN_POINT('',(58.75,-67.5,1.));
#1791 = DIRECTION('',(0.,0.,1.));
#1792 = DIRECTION('',(1.,0.,0.));
#1793 = ADVANCED_FACE('',(#1794),#1819,.T.);
#1794 = FACE_BOUND('',#1795,.T.);
#1795 = EDGE_LOOP('',(#1796,#1804,#1805,#1813));
#1796 = ORIENTED_EDGE('',*,*,#1797,.F.);
#1797 = EDGE_CURVE('',#482,#1798,#1800,.T.);
#1798 = VERTEX_POINT('',#1799);
#1799 = CARTESIAN_POINT('',(67.125,-52.15,0.5));
#1800 = LINE('',#1801,#1802);
#1801 = CARTESIAN_POINT('',(57.875,-42.9,-8.75));
#1802 = VECTOR('',#1803,1.);
#1803 = DIRECTION('',(-0.57735026919,0.57735026919,-0.57735026919));
#1804 = ORIENTED_EDGE('',*,*,#481,.T.);
#1805 = ORIENTED_EDGE('',*,*,#1806,.T.);
#1806 = EDGE_CURVE('',#484,#1807,#1809,.T.);
#1807 = VERTEX_POINT('',#1808);
#1808 = CARTESIAN_POINT('',(67.125,-7.65,0.5));
#1809 = LINE('',#1810,#1811);
#1810 = CARTESIAN_POINT('',(60.208333333333,-14.56666666666,
    -6.416666666667));
#1811 = VECTOR('',#1812,1.);
#1812 = DIRECTION('',(-0.57735026919,-0.57735026919,-0.57735026919));
#1813 = ORIENTED_EDGE('',*,*,#1814,.F.);
#1814 = EDGE_CURVE('',#1798,#1807,#1815,.T.);
#1815 = LINE('',#1816,#1817);
#1816 = CARTESIAN_POINT('',(67.125,-52.15,0.5));
#1817 = VECTOR('',#1818,1.);
#1818 = DIRECTION('',(0.,1.,0.));
#1819 = PLANE('',#1820);
#1820 = AXIS2_PLACEMENT_3D('',#1821,#1822,#1823);
#1821 = CARTESIAN_POINT('',(67.875,-52.15,1.25));
#1822 = DIRECTION('',(-0.707106781187,0.,0.707106781187));
#1823 = DIRECTION('',(0.,1.,0.));
#1824 = ADVANCED_FACE('',(#1825),#1843,.T.);
#1825 = FACE_BOUND('',#1826,.T.);
#1826 = EDGE_LOOP('',(#1827,#1835,#1836,#1837));
#1827 = ORIENTED_EDGE('',*,*,#1828,.F.);
#1828 = EDGE_CURVE('',#492,#1829,#1831,.T.);
#1829 = VERTEX_POINT('',#1830);
#1830 = CARTESIAN_POINT('',(8.625,-52.15,0.5));
#1831 = LINE('',#1832,#1833);
#1832 = CARTESIAN_POINT('',(15.541666666667,-45.23333333333,
    -6.416666666667));
#1833 = VECTOR('',#1834,1.);
#1834 = DIRECTION('',(0.57735026919,0.57735026919,-0.57735026919));
#1835 = ORIENTED_EDGE('',*,*,#491,.F.);
#1836 = ORIENTED_EDGE('',*,*,#1797,.T.);
#1837 = ORIENTED_EDGE('',*,*,#1838,.F.);
#1838 = EDGE_CURVE('',#1829,#1798,#1839,.T.);
#1839 = LINE('',#1840,#1841);
#1840 = CARTESIAN_POINT('',(8.625,-52.15,0.5));
#1841 = VECTOR('',#1842,1.);
#1842 = DIRECTION('',(1.,0.,0.));
#1843 = PLANE('',#1844);
#1844 = AXIS2_PLACEMENT_3D('',#1845,#1846,#1847);
#1845 = CARTESIAN_POINT('',(8.625,-52.9,1.25));
#1846 = DIRECTION('',(1.E-17,0.707106781187,0.707106781187));
#1847 = DIRECTION('',(1.,-7.071067811865E-18,-7.071067811865E-18));
#1848 = ADVANCED_FACE('',(#1849),#1867,.T.);
#1849 = FACE_BOUND('',#1850,.T.);
#1850 = EDGE_LOOP('',(#1851,#1859,#1860,#1861));
#1851 = ORIENTED_EDGE('',*,*,#1852,.F.);
#1852 = EDGE_CURVE('',#500,#1853,#1855,.T.);
#1853 = VERTEX_POINT('',#1854);
#1854 = CARTESIAN_POINT('',(8.625,-7.65,0.5));
#1855 = LINE('',#1856,#1857);
#1856 = CARTESIAN_POINT('',(17.875,-16.9,-8.75));
#1857 = VECTOR('',#1858,1.);
#1858 = DIRECTION('',(0.57735026919,-0.57735026919,-0.57735026919));
#1859 = ORIENTED_EDGE('',*,*,#499,.T.);
#1860 = ORIENTED_EDGE('',*,*,#1828,.T.);
#1861 = ORIENTED_EDGE('',*,*,#1862,.F.);
#1862 = EDGE_CURVE('',#1853,#1829,#1863,.T.);
#1863 = LINE('',#1864,#1865);
#1864 = CARTESIAN_POINT('',(8.625,-7.65,0.5));
#1865 = VECTOR('',#1866,1.);
#1866 = DIRECTION('',(0.,-1.,0.));
#1867 = PLANE('',#1868);
#1868 = AXIS2_PLACEMENT_3D('',#1869,#1870,#1871);
#1869 = CARTESIAN_POINT('',(7.875,-7.65,1.25));
#1870 = DIRECTION('',(0.707106781187,0.,0.707106781187));
#1871 = DIRECTION('',(0.,-1.,0.));
#1872 = ADVANCED_FACE('',(#1873),#1884,.T.);
#1873 = FACE_BOUND('',#1874,.T.);
#1874 = EDGE_LOOP('',(#1875,#1876,#1877,#1878));
#1875 = ORIENTED_EDGE('',*,*,#1806,.F.);
#1876 = ORIENTED_EDGE('',*,*,#507,.T.);
#1877 = ORIENTED_EDGE('',*,*,#1852,.T.);
#1878 = ORIENTED_EDGE('',*,*,#1879,.F.);
#1879 = EDGE_CURVE('',#1807,#1853,#1880,.T.);
#1880 = LINE('',#1881,#1882);
#1881 = CARTESIAN_POINT('',(67.125,-7.65,0.5));
#1882 = VECTOR('',#1883,1.);
#1883 = DIRECTION('',(-1.,0.,0.));
#1884 = PLANE('',#1885);
#1885 = AXIS2_PLACEMENT_3D('',#1886,#1887,#1888);
#1886 = CARTESIAN_POINT('',(67.125,-6.9,1.25));
#1887 = DIRECTION('',(0.,-0.707106781187,0.707106781187));
#1888 = DIRECTION('',(-1.,0.,0.));
#1889 = ADVANCED_FACE('',(#1890),#1915,.T.);
#1890 = FACE_BOUND('',#1891,.T.);
#1891 = EDGE_LOOP('',(#1892,#1900,#1901,#1909));
#1892 = ORIENTED_EDGE('',*,*,#1893,.T.);
#1893 = EDGE_CURVE('',#1894,#522,#1896,.T.);
#1894 = VERTEX_POINT('',#1895);
#1895 = CARTESIAN_POINT('',(25.95,-93.7,-4.5));
#1896 = LINE('',#1897,#1898);
#1897 = CARTESIAN_POINT('',(25.95,-93.7,-4.5));
#1898 = VECTOR('',#1899,1.);
#1899 = DIRECTION('',(5.465713352001E-16,0.,1.));
#1900 = ORIENTED_EDGE('',*,*,#538,.T.);
#1901 = ORIENTED_EDGE('',*,*,#1902,.T.);
#1902 = EDGE_CURVE('',#531,#1903,#1905,.T.);
#1903 = VERTEX_POINT('',#1904);
#1904 = CARTESIAN_POINT('',(32.2,-93.7,-4.5));
#1905 = LINE('',#1906,#1907);
#1906 = CARTESIAN_POINT('',(32.2,-93.7,2.));
#1907 = VECTOR('',#1908,1.);
#1908 = DIRECTION('',(1.0931426704E-15,0.,-1.));
#1909 = ORIENTED_EDGE('',*,*,#1910,.F.);
#1910 = EDGE_CURVE('',#1894,#1903,#1911,.T.);
#1911 = LINE('',#1912,#1913);
#1912 = CARTESIAN_POINT('',(33.2,-93.7,-4.5));
#1913 = VECTOR('',#1914,1.);
#1914 = DIRECTION('',(1.,0.,0.));
#1915 = PLANE('',#1916);
#1916 = AXIS2_PLACEMENT_3D('',#1917,#1918,#1919);
#1917 = CARTESIAN_POINT('',(29.075000014759,-93.7,-1.949999989973));
#1918 = DIRECTION('',(0.,1.,0.));
#1919 = DIRECTION('',(0.,0.,1.));
#1920 = ADVANCED_FACE('',(#1921),#1940,.F.);
#1921 = FACE_BOUND('',#1922,.T.);
#1922 = EDGE_LOOP('',(#1923,#1924,#1933,#1939));
#1923 = ORIENTED_EDGE('',*,*,#1893,.F.);
#1924 = ORIENTED_EDGE('',*,*,#1925,.T.);
#1925 = EDGE_CURVE('',#1894,#1926,#1928,.T.);
#1926 = VERTEX_POINT('',#1927);
#1927 = CARTESIAN_POINT('',(24.95,-92.7,-4.5));
#1928 = CIRCLE('',#1929,1.);
#1929 = AXIS2_PLACEMENT_3D('',#1930,#1931,#1932);
#1930 = CARTESIAN_POINT('',(25.95,-92.7,-4.5));
#1931 = DIRECTION('',(0.,0.,-1.));
#1932 = DIRECTION('',(-0.707106781187,-0.707106781187,-0.));
#1933 = ORIENTED_EDGE('',*,*,#1934,.F.);
#1934 = EDGE_CURVE('',#553,#1926,#1935,.T.);
#1935 = LINE('',#1936,#1937);
#1936 = CARTESIAN_POINT('',(24.95,-92.7,2.));
#1937 = VECTOR('',#1938,1.);
#1938 = DIRECTION('',(0.,0.,-1.));
#1939 = ORIENTED_EDGE('',*,*,#562,.T.);
#1940 = CYLINDRICAL_SURFACE('',#1941,1.);
#1941 = AXIS2_PLACEMENT_3D('',#1942,#1943,#1944);
#1942 = CARTESIAN_POINT('',(25.95,-92.7,-1.));
#1943 = DIRECTION('',(-0.,-0.,-1.));
#1944 = DIRECTION('',(1.,0.,0.));
#1945 = ADVANCED_FACE('',(#1946),#1965,.F.);
#1946 = FACE_BOUND('',#1947,.T.);
#1947 = EDGE_LOOP('',(#1948,#1956,#1963,#1964));
#1948 = ORIENTED_EDGE('',*,*,#1949,.T.);
#1949 = EDGE_CURVE('',#580,#1950,#1952,.T.);
#1950 = VERTEX_POINT('',#1951);
#1951 = CARTESIAN_POINT('',(33.2,-92.7,-4.5));
#1952 = LINE('',#1953,#1954);
#1953 = CARTESIAN_POINT('',(33.2,-92.7,2.));
#1954 = VECTOR('',#1955,1.);
#1955 = DIRECTION('',(0.,0.,-1.));
#1956 = ORIENTED_EDGE('',*,*,#1957,.T.);
#1957 = EDGE_CURVE('',#1950,#1903,#1958,.T.);
#1958 = CIRCLE('',#1959,1.);
#1959 = AXIS2_PLACEMENT_3D('',#1960,#1961,#1962);
#1960 = CARTESIAN_POINT('',(32.2,-92.7,-4.5));
#1961 = DIRECTION('',(0.,0.,-1.));
#1962 = DIRECTION('',(0.707106781187,-0.707106781187,0.));
#1963 = ORIENTED_EDGE('',*,*,#1902,.F.);
#1964 = ORIENTED_EDGE('',*,*,#587,.T.);
#1965 = CYLINDRICAL_SURFACE('',#1966,1.);
#1966 = AXIS2_PLACEMENT_3D('',#1967,#1968,#1969);
#1967 = CARTESIAN_POINT('',(32.2,-92.7,-1.));
#1968 = DIRECTION('',(-0.,-0.,-1.));
#1969 = DIRECTION('',(1.,0.,0.));
#1970 = ADVANCED_FACE('',(#1971),#1989,.T.);
#1971 = FACE_BOUND('',#1972,.T.);
#1972 = EDGE_LOOP('',(#1973,#1981,#1982,#1983));
#1973 = ORIENTED_EDGE('',*,*,#1974,.T.);
#1974 = EDGE_CURVE('',#1975,#603,#1977,.T.);
#1975 = VERTEX_POINT('',#1976);
#1976 = CARTESIAN_POINT('',(24.95,-91.45,-4.5));
#1977 = LINE('',#1978,#1979);
#1978 = CARTESIAN_POINT('',(24.95,-91.45,-4.5));
#1979 = VECTOR('',#1980,1.);
#1980 = DIRECTION('',(0.,0.,1.));
#1981 = ORIENTED_EDGE('',*,*,#612,.T.);
#1982 = ORIENTED_EDGE('',*,*,#1934,.T.);
#1983 = ORIENTED_EDGE('',*,*,#1984,.F.);
#1984 = EDGE_CURVE('',#1975,#1926,#1985,.T.);
#1985 = LINE('',#1986,#1987);
#1986 = CARTESIAN_POINT('',(24.95,-93.7,-4.5));
#1987 = VECTOR('',#1988,1.);
#1988 = DIRECTION('',(0.,-1.,0.));
#1989 = PLANE('',#1990);
#1990 = AXIS2_PLACEMENT_3D('',#1991,#1992,#1993);
#1991 = CARTESIAN_POINT('',(24.95,-92.07500001515,-1.950000019744));
#1992 = DIRECTION('',(1.,0.,-4.3E-16));
#1993 = DIRECTION('',(4.3E-16,0.,1.));
#1994 = ADVANCED_FACE('',(#1995),#2013,.T.);
#1995 = FACE_BOUND('',#1996,.T.);
#1996 = EDGE_LOOP('',(#1997,#2005,#2011,#2012));
#1997 = ORIENTED_EDGE('',*,*,#1998,.T.);
#1998 = EDGE_CURVE('',#629,#1999,#2001,.T.);
#1999 = VERTEX_POINT('',#2000);
#2000 = CARTESIAN_POINT('',(33.2,-91.45,-4.5));
#2001 = LINE('',#2002,#2003);
#2002 = CARTESIAN_POINT('',(33.2,-91.45,2.));
#2003 = VECTOR('',#2004,1.);
#2004 = DIRECTION('',(-1.0931426704E-15,0.,-1.));
#2005 = ORIENTED_EDGE('',*,*,#2006,.F.);
#2006 = EDGE_CURVE('',#1950,#1999,#2007,.T.);
#2007 = LINE('',#2008,#2009);
#2008 = CARTESIAN_POINT('',(33.2,-90.45,-4.5));
#2009 = VECTOR('',#2010,1.);
#2010 = DIRECTION('',(0.,1.,0.));
#2011 = ORIENTED_EDGE('',*,*,#1949,.F.);
#2012 = ORIENTED_EDGE('',*,*,#636,.T.);
#2013 = PLANE('',#2014);
#2014 = AXIS2_PLACEMENT_3D('',#2015,#2016,#2017);
#2015 = CARTESIAN_POINT('',(33.2,-92.075,-1.95));
#2016 = DIRECTION('',(-1.,1.86E-15,4.3E-16));
#2017 = DIRECTION('',(-1.86E-15,-1.,0.));
#2018 = ADVANCED_FACE('',(#2019),#2038,.F.);
#2019 = FACE_BOUND('',#2020,.T.);
#2020 = EDGE_LOOP('',(#2021,#2029,#2030,#2031));
#2021 = ORIENTED_EDGE('',*,*,#2022,.F.);
#2022 = EDGE_CURVE('',#651,#2023,#2025,.T.);
#2023 = VERTEX_POINT('',#2024);
#2024 = CARTESIAN_POINT('',(25.95,-90.45,-4.5));
#2025 = LINE('',#2026,#2027);
#2026 = CARTESIAN_POINT('',(25.95,-90.45,2.));
#2027 = VECTOR('',#2028,1.);
#2028 = DIRECTION('',(1.31177120448E-14,-2.1862853408E-15,-1.));
#2029 = ORIENTED_EDGE('',*,*,#660,.T.);
#2030 = ORIENTED_EDGE('',*,*,#1974,.F.);
#2031 = ORIENTED_EDGE('',*,*,#2032,.T.);
#2032 = EDGE_CURVE('',#1975,#2023,#2033,.T.);
#2033 = CIRCLE('',#2034,1.);
#2034 = AXIS2_PLACEMENT_3D('',#2035,#2036,#2037);
#2035 = CARTESIAN_POINT('',(25.95,-91.45,-4.5));
#2036 = DIRECTION('',(0.,0.,-1.));
#2037 = DIRECTION('',(-0.707106781187,0.707106781187,0.));
#2038 = CYLINDRICAL_SURFACE('',#2039,1.);
#2039 = AXIS2_PLACEMENT_3D('',#2040,#2041,#2042);
#2040 = CARTESIAN_POINT('',(25.95,-91.45,-1.));
#2041 = DIRECTION('',(-0.,-0.,-1.));
#2042 = DIRECTION('',(1.,0.,0.));
#2043 = ADVANCED_FACE('',(#2044),#2063,.F.);
#2044 = FACE_BOUND('',#2045,.T.);
#2045 = EDGE_LOOP('',(#2046,#2047,#2048,#2056));
#2046 = ORIENTED_EDGE('',*,*,#1998,.F.);
#2047 = ORIENTED_EDGE('',*,*,#685,.T.);
#2048 = ORIENTED_EDGE('',*,*,#2049,.F.);
#2049 = EDGE_CURVE('',#2050,#678,#2052,.T.);
#2050 = VERTEX_POINT('',#2051);
#2051 = CARTESIAN_POINT('',(32.2,-90.45,-4.5));
#2052 = LINE('',#2053,#2054);
#2053 = CARTESIAN_POINT('',(32.2,-90.45,-4.5));
#2054 = VECTOR('',#2055,1.);
#2055 = DIRECTION('',(1.0931426704E-15,2.1862853408E-15,1.));
#2056 = ORIENTED_EDGE('',*,*,#2057,.T.);
#2057 = EDGE_CURVE('',#2050,#1999,#2058,.T.);
#2058 = CIRCLE('',#2059,1.);
#2059 = AXIS2_PLACEMENT_3D('',#2060,#2061,#2062);
#2060 = CARTESIAN_POINT('',(32.2,-91.45,-4.5));
#2061 = DIRECTION('',(0.,0.,-1.));
#2062 = DIRECTION('',(0.707106781187,0.707106781187,0.));
#2063 = CYLINDRICAL_SURFACE('',#2064,1.);
#2064 = AXIS2_PLACEMENT_3D('',#2065,#2066,#2067);
#2065 = CARTESIAN_POINT('',(32.2,-91.45,-1.));
#2066 = DIRECTION('',(-0.,-0.,-1.));
#2067 = DIRECTION('',(1.,0.,0.));
#2068 = ADVANCED_FACE('',(#2069),#2080,.T.);
#2069 = FACE_BOUND('',#2070,.T.);
#2070 = EDGE_LOOP('',(#2071,#2072,#2078,#2079));
#2071 = ORIENTED_EDGE('',*,*,#2022,.T.);
#2072 = ORIENTED_EDGE('',*,*,#2073,.F.);
#2073 = EDGE_CURVE('',#2050,#2023,#2074,.T.);
#2074 = LINE('',#2075,#2076);
#2075 = CARTESIAN_POINT('',(24.95,-90.45,-4.5));
#2076 = VECTOR('',#2077,1.);
#2077 = DIRECTION('',(-1.,0.,0.));
#2078 = ORIENTED_EDGE('',*,*,#2049,.T.);
#2079 = ORIENTED_EDGE('',*,*,#703,.T.);
#2080 = PLANE('',#2081);
#2081 = AXIS2_PLACEMENT_3D('',#2082,#2083,#2084);
#2082 = CARTESIAN_POINT('',(29.075,-90.45,-1.95));
#2083 = DIRECTION('',(-0.,-1.,-0.));
#2084 = DIRECTION('',(0.,0.,-1.));
#2085 = ADVANCED_FACE('',(#2086),#2112,.F.);
#2086 = FACE_BOUND('',#2087,.T.);
#2087 = EDGE_LOOP('',(#2088,#2096,#2105,#2111));
#2088 = ORIENTED_EDGE('',*,*,#2089,.F.);
#2089 = EDGE_CURVE('',#2090,#718,#2092,.T.);
#2090 = VERTEX_POINT('',#2091);
#2091 = CARTESIAN_POINT('',(36.8,-93.7,-4.5));
#2092 = LINE('',#2093,#2094);
#2093 = CARTESIAN_POINT('',(36.8,-93.7,-4.5));
#2094 = VECTOR('',#2095,1.);
#2095 = DIRECTION('',(1.0931426704E-14,2.1862853408E-15,1.));
#2096 = ORIENTED_EDGE('',*,*,#2097,.T.);
#2097 = EDGE_CURVE('',#2090,#2098,#2100,.T.);
#2098 = VERTEX_POINT('',#2099);
#2099 = CARTESIAN_POINT('',(35.8,-92.7,-4.5));
#2100 = CIRCLE('',#2101,1.);
#2101 = AXIS2_PLACEMENT_3D('',#2102,#2103,#2104);
#2102 = CARTESIAN_POINT('',(36.8,-92.7,-4.5));
#2103 = DIRECTION('',(0.,0.,-1.));
#2104 = DIRECTION('',(-0.707106781187,-0.707106781187,-0.));
#2105 = ORIENTED_EDGE('',*,*,#2106,.T.);
#2106 = EDGE_CURVE('',#2098,#727,#2107,.T.);
#2107 = LINE('',#2108,#2109);
#2108 = CARTESIAN_POINT('',(35.8,-92.7,-4.5));
#2109 = VECTOR('',#2110,1.);
#2110 = DIRECTION('',(2.732856676E-14,4.372570681601E-15,1.));
#2111 = ORIENTED_EDGE('',*,*,#734,.F.);
#2112 = CYLINDRICAL_SURFACE('',#2113,1.);
#2113 = AXIS2_PLACEMENT_3D('',#2114,#2115,#2116);
#2114 = CARTESIAN_POINT('',(36.8,-92.7,-1.));
#2115 = DIRECTION('',(-0.,-0.,-1.));
#2116 = DIRECTION('',(1.,0.,0.));
#2117 = ADVANCED_FACE('',(#2118),#2136,.T.);
#2118 = FACE_BOUND('',#2119,.T.);
#2119 = EDGE_LOOP('',(#2120,#2121,#2122,#2130));
#2120 = ORIENTED_EDGE('',*,*,#2089,.T.);
#2121 = ORIENTED_EDGE('',*,*,#759,.F.);
#2122 = ORIENTED_EDGE('',*,*,#2123,.T.);
#2123 = EDGE_CURVE('',#750,#2124,#2126,.T.);
#2124 = VERTEX_POINT('',#2125);
#2125 = CARTESIAN_POINT('',(43.05,-93.7,-4.5));
#2126 = LINE('',#2127,#2128);
#2127 = CARTESIAN_POINT('',(43.05,-93.7,2.));
#2128 = VECTOR('',#2129,1.);
#2129 = DIRECTION('',(8.745141363201E-15,-2.1862853408E-15,-1.));
#2130 = ORIENTED_EDGE('',*,*,#2131,.F.);
#2131 = EDGE_CURVE('',#2090,#2124,#2132,.T.);
#2132 = LINE('',#2133,#2134);
#2133 = CARTESIAN_POINT('',(44.05,-93.7,-4.5));
#2134 = VECTOR('',#2135,1.);
#2135 = DIRECTION('',(1.,0.,0.));
#2136 = PLANE('',#2137);
#2137 = AXIS2_PLACEMENT_3D('',#2138,#2139,#2140);
#2138 = CARTESIAN_POINT('',(39.925000003839,-93.7,-1.949999997392));
#2139 = DIRECTION('',(0.,1.,0.));
#2140 = DIRECTION('',(0.,0.,1.));
#2141 = ADVANCED_FACE('',(#2142),#2160,.T.);
#2142 = FACE_BOUND('',#2143,.T.);
#2143 = EDGE_LOOP('',(#2144,#2145,#2153,#2159));
#2144 = ORIENTED_EDGE('',*,*,#2106,.F.);
#2145 = ORIENTED_EDGE('',*,*,#2146,.F.);
#2146 = EDGE_CURVE('',#2147,#2098,#2149,.T.);
#2147 = VERTEX_POINT('',#2148);
#2148 = CARTESIAN_POINT('',(35.8,-91.45,-4.5));
#2149 = LINE('',#2150,#2151);
#2150 = CARTESIAN_POINT('',(35.8,-93.7,-4.5));
#2151 = VECTOR('',#2152,1.);
#2152 = DIRECTION('',(-2.73E-15,-1.,0.));
#2153 = ORIENTED_EDGE('',*,*,#2154,.F.);
#2154 = EDGE_CURVE('',#776,#2147,#2155,.T.);
#2155 = LINE('',#2156,#2157);
#2156 = CARTESIAN_POINT('',(35.8,-91.4500000005,2.));
#2157 = VECTOR('',#2158,1.);
#2158 = DIRECTION('',(-3.49805654528E-14,7.693538114276E-11,-1.));
#2159 = ORIENTED_EDGE('',*,*,#783,.F.);
#2160 = PLANE('',#2161);
#2161 = AXIS2_PLACEMENT_3D('',#2162,#2163,#2164);
#2162 = CARTESIAN_POINT('',(35.8,-92.07500018104,-1.950000235857));
#2163 = DIRECTION('',(1.,-6.333E-14,-5.993E-14));
#2164 = DIRECTION('',(6.333E-14,1.,0.));
#2165 = ADVANCED_FACE('',(#2166),#2185,.F.);
#2166 = FACE_BOUND('',#2167,.T.);
#2167 = EDGE_LOOP('',(#2168,#2176,#2183,#2184));
#2168 = ORIENTED_EDGE('',*,*,#2169,.F.);
#2169 = EDGE_CURVE('',#2170,#798,#2172,.T.);
#2170 = VERTEX_POINT('',#2171);
#2171 = CARTESIAN_POINT('',(44.05,-92.7,-4.5));
#2172 = LINE('',#2173,#2174);
#2173 = CARTESIAN_POINT('',(44.05,-92.7,-4.5));
#2174 = VECTOR('',#2175,1.);
#2175 = DIRECTION('',(1.0931426704E-15,0.,1.));
#2176 = ORIENTED_EDGE('',*,*,#2177,.T.);
#2177 = EDGE_CURVE('',#2170,#2124,#2178,.T.);
#2178 = CIRCLE('',#2179,1.);
#2179 = AXIS2_PLACEMENT_3D('',#2180,#2181,#2182);
#2180 = CARTESIAN_POINT('',(43.05,-92.7,-4.5));
#2181 = DIRECTION('',(0.,0.,-1.));
#2182 = DIRECTION('',(0.707106781187,-0.707106781187,0.));
#2183 = ORIENTED_EDGE('',*,*,#2123,.F.);
#2184 = ORIENTED_EDGE('',*,*,#807,.F.);
#2185 = CYLINDRICAL_SURFACE('',#2186,1.);
#2186 = AXIS2_PLACEMENT_3D('',#2187,#2188,#2189);
#2187 = CARTESIAN_POINT('',(43.05,-92.7,-1.));
#2188 = DIRECTION('',(-0.,-0.,-1.));
#2189 = DIRECTION('',(1.,0.,0.));
#2190 = ADVANCED_FACE('',(#2191),#2210,.F.);
#2191 = FACE_BOUND('',#2192,.T.);
#2192 = EDGE_LOOP('',(#2193,#2201,#2202,#2203));
#2193 = ORIENTED_EDGE('',*,*,#2194,.F.);
#2194 = EDGE_CURVE('',#825,#2195,#2197,.T.);
#2195 = VERTEX_POINT('',#2196);
#2196 = CARTESIAN_POINT('',(36.8,-90.45,-4.5));
#2197 = LINE('',#2198,#2199);
#2198 = CARTESIAN_POINT('',(36.8,-90.45,2.));
#2199 = VECTOR('',#2200,1.);
#2200 = DIRECTION('',(3.2794280112E-15,0.,-1.));
#2201 = ORIENTED_EDGE('',*,*,#832,.F.);
#2202 = ORIENTED_EDGE('',*,*,#2154,.T.);
#2203 = ORIENTED_EDGE('',*,*,#2204,.T.);
#2204 = EDGE_CURVE('',#2147,#2195,#2205,.T.);
#2205 = CIRCLE('',#2206,1.);
#2206 = AXIS2_PLACEMENT_3D('',#2207,#2208,#2209);
#2207 = CARTESIAN_POINT('',(36.8,-91.45,-4.5));
#2208 = DIRECTION('',(0.,0.,-1.));
#2209 = DIRECTION('',(-0.707106781187,0.707106781187,0.));
#2210 = CYLINDRICAL_SURFACE('',#2211,1.);
#2211 = AXIS2_PLACEMENT_3D('',#2212,#2213,#2214);
#2212 = CARTESIAN_POINT('',(36.8,-91.45,-1.));
#2213 = DIRECTION('',(-0.,-0.,-1.));
#2214 = DIRECTION('',(1.,0.,0.));
#2215 = ADVANCED_FACE('',(#2216),#2234,.T.);
#2216 = FACE_BOUND('',#2217,.T.);
#2217 = EDGE_LOOP('',(#2218,#2226,#2232,#2233));
#2218 = ORIENTED_EDGE('',*,*,#2219,.T.);
#2219 = EDGE_CURVE('',#848,#2220,#2222,.T.);
#2220 = VERTEX_POINT('',#2221);
#2221 = CARTESIAN_POINT('',(44.05,-91.45,-4.5));
#2222 = LINE('',#2223,#2224);
#2223 = CARTESIAN_POINT('',(44.05,-91.45,2.));
#2224 = VECTOR('',#2225,1.);
#2225 = DIRECTION('',(-2.1862853408E-15,0.,-1.));
#2226 = ORIENTED_EDGE('',*,*,#2227,.F.);
#2227 = EDGE_CURVE('',#2170,#2220,#2228,.T.);
#2228 = LINE('',#2229,#2230);
#2229 = CARTESIAN_POINT('',(44.05,-90.45,-4.5));
#2230 = VECTOR('',#2231,1.);
#2231 = DIRECTION('',(0.,1.,0.));
#2232 = ORIENTED_EDGE('',*,*,#2169,.T.);
#2233 = ORIENTED_EDGE('',*,*,#857,.F.);
#2234 = PLANE('',#2235);
#2235 = AXIS2_PLACEMENT_3D('',#2236,#2237,#2238);
#2236 = CARTESIAN_POINT('',(44.05,-92.075,-1.95));
#2237 = DIRECTION('',(-1.,1.86E-15,4.3E-16));
#2238 = DIRECTION('',(-1.86E-15,-1.,0.));
#2239 = ADVANCED_FACE('',(#2240),#2258,.T.);
#2240 = FACE_BOUND('',#2241,.T.);
#2241 = EDGE_LOOP('',(#2242,#2243,#2251,#2257));
#2242 = ORIENTED_EDGE('',*,*,#2194,.T.);
#2243 = ORIENTED_EDGE('',*,*,#2244,.F.);
#2244 = EDGE_CURVE('',#2245,#2195,#2247,.T.);
#2245 = VERTEX_POINT('',#2246);
#2246 = CARTESIAN_POINT('',(43.05,-90.45,-4.5));
#2247 = LINE('',#2248,#2249);
#2248 = CARTESIAN_POINT('',(35.8,-90.45,-4.5));
#2249 = VECTOR('',#2250,1.);
#2250 = DIRECTION('',(-1.,0.,0.));
#2251 = ORIENTED_EDGE('',*,*,#2252,.T.);
#2252 = EDGE_CURVE('',#2245,#874,#2253,.T.);
#2253 = LINE('',#2254,#2255);
#2254 = CARTESIAN_POINT('',(43.05,-90.45,-4.5));
#2255 = VECTOR('',#2256,1.);
#2256 = DIRECTION('',(0.,0.,1.));
#2257 = ORIENTED_EDGE('',*,*,#881,.F.);
#2258 = PLANE('',#2259);
#2259 = AXIS2_PLACEMENT_3D('',#2260,#2261,#2262);
#2260 = CARTESIAN_POINT('',(39.925,-90.45,-1.95));
#2261 = DIRECTION('',(-0.,-1.,-0.));
#2262 = DIRECTION('',(0.,0.,-1.));
#2263 = ADVANCED_FACE('',(#2264),#2276,.F.);
#2264 = FACE_BOUND('',#2265,.T.);
#2265 = EDGE_LOOP('',(#2266,#2267,#2268,#2269));
#2266 = ORIENTED_EDGE('',*,*,#2219,.F.);
#2267 = ORIENTED_EDGE('',*,*,#898,.F.);
#2268 = ORIENTED_EDGE('',*,*,#2252,.F.);
#2269 = ORIENTED_EDGE('',*,*,#2270,.T.);
#2270 = EDGE_CURVE('',#2245,#2220,#2271,.T.);
#2271 = CIRCLE('',#2272,1.);
#2272 = AXIS2_PLACEMENT_3D('',#2273,#2274,#2275);
#2273 = CARTESIAN_POINT('',(43.05,-91.45,-4.5));
#2274 = DIRECTION('',(0.,0.,-1.));
#2275 = DIRECTION('',(0.707106781187,0.707106781187,0.));
#2276 = CYLINDRICAL_SURFACE('',#2277,1.);
#2277 = AXIS2_PLACEMENT_3D('',#2278,#2279,#2280);
#2278 = CARTESIAN_POINT('',(43.05,-91.45,-1.));
#2279 = DIRECTION('',(-0.,-0.,-1.));
#2280 = DIRECTION('',(1.,0.,0.));
#2281 = ADVANCED_FACE('',(#2282),#2407,.T.);
#2282 = FACE_BOUND('',#2283,.T.);
#2283 = EDGE_LOOP('',(#2284,#2292,#2300,#2308,#2317,#2325,#2334,#2342,
    #2350,#2358,#2367,#2375,#2384,#2392,#2400,#2406));
#2284 = ORIENTED_EDGE('',*,*,#2285,.F.);
#2285 = EDGE_CURVE('',#2286,#914,#2288,.T.);
#2286 = VERTEX_POINT('',#2287);
#2287 = CARTESIAN_POINT('',(69.75,2.,-7.));
#2288 = LINE('',#2289,#2290);
#2289 = CARTESIAN_POINT('',(69.750002614359,2.,-3.));
#2290 = VECTOR('',#2291,1.);
#2291 = DIRECTION('',(0.,0.,1.));
#2292 = ORIENTED_EDGE('',*,*,#2293,.F.);
#2293 = EDGE_CURVE('',#2294,#2286,#2296,.T.);
#2294 = VERTEX_POINT('',#2295);
#2295 = CARTESIAN_POINT('',(61.25,2.,-7.));
#2296 = LINE('',#2297,#2298);
#2297 = CARTESIAN_POINT('',(-2.,2.,-7.));
#2298 = VECTOR('',#2299,1.);
#2299 = DIRECTION('',(1.,0.,0.));
#2300 = ORIENTED_EDGE('',*,*,#2301,.F.);
#2301 = EDGE_CURVE('',#2302,#2294,#2304,.T.);
#2302 = VERTEX_POINT('',#2303);
#2303 = CARTESIAN_POINT('',(61.25,2.,-6.25));
#2304 = LINE('',#2305,#2306);
#2305 = CARTESIAN_POINT('',(61.25,2.,0.));
#2306 = VECTOR('',#2307,1.);
#2307 = DIRECTION('',(0.,0.,-1.));
#2308 = ORIENTED_EDGE('',*,*,#2309,.F.);
#2309 = EDGE_CURVE('',#2310,#2302,#2312,.T.);
#2310 = VERTEX_POINT('',#2311);
#2311 = CARTESIAN_POINT('',(59.25,2.,-4.25));
#2312 = CIRCLE('',#2313,2.);
#2313 = AXIS2_PLACEMENT_3D('',#2314,#2315,#2316);
#2314 = CARTESIAN_POINT('',(59.25,2.,-6.25));
#2315 = DIRECTION('',(-0.,1.,0.));
#2316 = DIRECTION('',(0.707106781187,0.,0.707106781187));
#2317 = ORIENTED_EDGE('',*,*,#2318,.F.);
#2318 = EDGE_CURVE('',#2319,#2310,#2321,.T.);
#2319 = VERTEX_POINT('',#2320);
#2320 = CARTESIAN_POINT('',(58.25,2.,-4.25));
#2321 = LINE('',#2322,#2323);
#2322 = CARTESIAN_POINT('',(-2.,2.,-4.25));
#2323 = VECTOR('',#2324,1.);
#2324 = DIRECTION('',(1.,0.,0.));
#2325 = ORIENTED_EDGE('',*,*,#2326,.F.);
#2326 = EDGE_CURVE('',#2327,#2319,#2329,.T.);
#2327 = VERTEX_POINT('',#2328);
#2328 = CARTESIAN_POINT('',(56.25,2.,-6.25));
#2329 = CIRCLE('',#2330,2.);
#2330 = AXIS2_PLACEMENT_3D('',#2331,#2332,#2333);
#2331 = CARTESIAN_POINT('',(58.25,2.,-6.25));
#2332 = DIRECTION('',(0.,1.,-0.));
#2333 = DIRECTION('',(-0.707106781187,0.,0.707106781187));
#2334 = ORIENTED_EDGE('',*,*,#2335,.T.);
#2335 = EDGE_CURVE('',#2327,#2336,#2338,.T.);
#2336 = VERTEX_POINT('',#2337);
#2337 = CARTESIAN_POINT('',(56.25,2.,-7.));
#2338 = LINE('',#2339,#2340);
#2339 = CARTESIAN_POINT('',(56.25,2.,0.));
#2340 = VECTOR('',#2341,1.);
#2341 = DIRECTION('',(0.,0.,-1.));
#2342 = ORIENTED_EDGE('',*,*,#2343,.F.);
#2343 = EDGE_CURVE('',#2344,#2336,#2346,.T.);
#2344 = VERTEX_POINT('',#2345);
#2345 = CARTESIAN_POINT('',(48.75,2.,-7.));
#2346 = LINE('',#2347,#2348);
#2347 = CARTESIAN_POINT('',(-2.,2.,-7.));
#2348 = VECTOR('',#2349,1.);
#2349 = DIRECTION('',(1.,0.,0.));
#2350 = ORIENTED_EDGE('',*,*,#2351,.F.);
#2351 = EDGE_CURVE('',#2352,#2344,#2354,.T.);
#2352 = VERTEX_POINT('',#2353);
#2353 = CARTESIAN_POINT('',(48.75,2.,-6.));
#2354 = LINE('',#2355,#2356);
#2355 = CARTESIAN_POINT('',(48.75,2.,0.));
#2356 = VECTOR('',#2357,1.);
#2357 = DIRECTION('',(0.,0.,-1.));
#2358 = ORIENTED_EDGE('',*,*,#2359,.F.);
#2359 = EDGE_CURVE('',#2360,#2352,#2362,.T.);
#2360 = VERTEX_POINT('',#2361);
#2361 = CARTESIAN_POINT('',(46.75,2.,-4.));
#2362 = CIRCLE('',#2363,2.);
#2363 = AXIS2_PLACEMENT_3D('',#2364,#2365,#2366);
#2364 = CARTESIAN_POINT('',(46.75,2.,-6.));
#2365 = DIRECTION('',(-0.,1.,0.));
#2366 = DIRECTION('',(0.707106781187,0.,0.707106781187));
#2367 = ORIENTED_EDGE('',*,*,#2368,.F.);
#2368 = EDGE_CURVE('',#2369,#2360,#2371,.T.);
#2369 = VERTEX_POINT('',#2370);
#2370 = CARTESIAN_POINT('',(40.75,2.,-4.));
#2371 = LINE('',#2372,#2373);
#2372 = CARTESIAN_POINT('',(-2.,2.,-4.));
#2373 = VECTOR('',#2374,1.);
#2374 = DIRECTION('',(1.,0.,0.));
#2375 = ORIENTED_EDGE('',*,*,#2376,.F.);
#2376 = EDGE_CURVE('',#2377,#2369,#2379,.T.);
#2377 = VERTEX_POINT('',#2378);
#2378 = CARTESIAN_POINT('',(38.75,2.,-6.));
#2379 = CIRCLE('',#2380,2.);
#2380 = AXIS2_PLACEMENT_3D('',#2381,#2382,#2383);
#2381 = CARTESIAN_POINT('',(40.75,2.,-6.));
#2382 = DIRECTION('',(0.,1.,-0.));
#2383 = DIRECTION('',(-0.707106781187,0.,0.707106781187));
#2384 = ORIENTED_EDGE('',*,*,#2385,.T.);
#2385 = EDGE_CURVE('',#2377,#2386,#2388,.T.);
#2386 = VERTEX_POINT('',#2387);
#2387 = CARTESIAN_POINT('',(38.75,2.,-7.));
#2388 = LINE('',#2389,#2390);
#2389 = CARTESIAN_POINT('',(38.75,2.,0.));
#2390 = VECTOR('',#2391,1.);
#2391 = DIRECTION('',(0.,0.,-1.));
#2392 = ORIENTED_EDGE('',*,*,#2393,.F.);
#2393 = EDGE_CURVE('',#2394,#2386,#2396,.T.);
#2394 = VERTEX_POINT('',#2395);
#2395 = CARTESIAN_POINT('',(6.,2.,-7.));
#2396 = LINE('',#2397,#2398);
#2397 = CARTESIAN_POINT('',(-2.,2.,-7.));
#2398 = VECTOR('',#2399,1.);
#2399 = DIRECTION('',(1.,0.,0.));
#2400 = ORIENTED_EDGE('',*,*,#2401,.F.);
#2401 = EDGE_CURVE('',#922,#2394,#2402,.T.);
#2402 = LINE('',#2403,#2404);
#2403 = CARTESIAN_POINT('',(6.,2.,0.));
#2404 = VECTOR('',#2405,1.);
#2405 = DIRECTION('',(0.,0.,-1.));
#2406 = ORIENTED_EDGE('',*,*,#921,.F.);
#2407 = PLANE('',#2408);
#2408 = AXIS2_PLACEMENT_3D('',#2409,#2410,#2411);
#2409 = CARTESIAN_POINT('',(38.541289993541,2.,-2.415379152205));
#2410 = DIRECTION('',(-3.1E-16,1.,5.014E-14));
#2411 = DIRECTION('',(0.,-5.014E-14,1.));
#2412 = ADVANCED_FACE('',(#2413),#2432,.T.);
#2413 = FACE_BOUND('',#2414,.F.);
#2414 = EDGE_LOOP('',(#2415,#2423,#2430,#2431));
#2415 = ORIENTED_EDGE('',*,*,#2416,.F.);
#2416 = EDGE_CURVE('',#2417,#946,#2419,.T.);
#2417 = VERTEX_POINT('',#2418);
#2418 = CARTESIAN_POINT('',(-2.,-6.,-7.));
#2419 = LINE('',#2420,#2421);
#2420 = CARTESIAN_POINT('',(-1.999999999999,-6.000002771282,-3.));
#2421 = VECTOR('',#2422,1.);
#2422 = DIRECTION('',(0.,0.,1.));
#2423 = ORIENTED_EDGE('',*,*,#2424,.F.);
#2424 = EDGE_CURVE('',#2394,#2417,#2425,.T.);
#2425 = CIRCLE('',#2426,8.);
#2426 = AXIS2_PLACEMENT_3D('',#2427,#2428,#2429);
#2427 = CARTESIAN_POINT('',(6.,-6.,-7.));
#2428 = DIRECTION('',(0.,0.,1.));
#2429 = DIRECTION('',(-0.707106781187,0.707106781187,0.));
#2430 = ORIENTED_EDGE('',*,*,#2401,.F.);
#2431 = ORIENTED_EDGE('',*,*,#945,.T.);
#2432 = CYLINDRICAL_SURFACE('',#2433,8.);
#2433 = AXIS2_PLACEMENT_3D('',#2434,#2435,#2436);
#2434 = CARTESIAN_POINT('',(6.,-6.,-3.));
#2435 = DIRECTION('',(-0.,-0.,-1.));
#2436 = DIRECTION('',(1.,0.,0.));
#2437 = ADVANCED_FACE('',(#2438),#2456,.T.);
#2438 = FACE_BOUND('',#2439,.T.);
#2439 = EDGE_LOOP('',(#2440,#2441,#2449,#2455));
#2440 = ORIENTED_EDGE('',*,*,#2416,.F.);
#2441 = ORIENTED_EDGE('',*,*,#2442,.F.);
#2442 = EDGE_CURVE('',#2443,#2417,#2445,.T.);
#2443 = VERTEX_POINT('',#2444);
#2444 = CARTESIAN_POINT('',(-2.,-100.,-7.));
#2445 = LINE('',#2446,#2447);
#2446 = CARTESIAN_POINT('',(-2.,-108.,-7.));
#2447 = VECTOR('',#2448,1.);
#2448 = DIRECTION('',(0.,1.,0.));
#2449 = ORIENTED_EDGE('',*,*,#2450,.F.);
#2450 = EDGE_CURVE('',#971,#2443,#2451,.T.);
#2451 = LINE('',#2452,#2453);
#2452 = CARTESIAN_POINT('',(-2.,-100.,0.));
#2453 = VECTOR('',#2454,1.);
#2454 = DIRECTION('',(0.,0.,-1.));
#2455 = ORIENTED_EDGE('',*,*,#970,.F.);
#2456 = PLANE('',#2457);
#2457 = AXIS2_PLACEMENT_3D('',#2458,#2459,#2460);
#2458 = CARTESIAN_POINT('',(-2.,-53.00000137218,-2.5));
#2459 = DIRECTION('',(-1.,2.25E-15,7.733E-14));
#2460 = DIRECTION('',(-7.733E-14,0.,-1.));
#2461 = ADVANCED_FACE('',(#2462),#2489,.T.);
#2462 = FACE_BOUND('',#2463,.F.);
#2463 = EDGE_LOOP('',(#2464,#2472,#2480,#2487,#2488));
#2464 = ORIENTED_EDGE('',*,*,#2465,.F.);
#2465 = EDGE_CURVE('',#2466,#995,#2468,.T.);
#2466 = VERTEX_POINT('',#2467);
#2467 = CARTESIAN_POINT('',(6.,-108.,-2.));
#2468 = LINE('',#2469,#2470);
#2469 = CARTESIAN_POINT('',(6.000000156922,-108.,-3.));
#2470 = VECTOR('',#2471,1.);
#2471 = DIRECTION('',(0.,0.,1.));
#2472 = ORIENTED_EDGE('',*,*,#2473,.F.);
#2473 = EDGE_CURVE('',#2474,#2466,#2476,.T.);
#2474 = VERTEX_POINT('',#2475);
#2475 = CARTESIAN_POINT('',(6.,-108.,-7.));
#2476 = LINE('',#2477,#2478);
#2477 = CARTESIAN_POINT('',(6.,-108.,0.));
#2478 = VECTOR('',#2479,1.);
#2479 = DIRECTION('',(0.,0.,1.));
#2480 = ORIENTED_EDGE('',*,*,#2481,.F.);
#2481 = EDGE_CURVE('',#2443,#2474,#2482,.T.);
#2482 = CIRCLE('',#2483,8.);
#2483 = AXIS2_PLACEMENT_3D('',#2484,#2485,#2486);
#2484 = CARTESIAN_POINT('',(6.,-100.,-7.));
#2485 = DIRECTION('',(0.,0.,1.));
#2486 = DIRECTION('',(-0.707106781187,-0.707106781187,0.));
#2487 = ORIENTED_EDGE('',*,*,#2450,.F.);
#2488 = ORIENTED_EDGE('',*,*,#994,.T.);
#2489 = CYLINDRICAL_SURFACE('',#2490,8.);
#2490 = AXIS2_PLACEMENT_3D('',#2491,#2492,#2493);
#2491 = CARTESIAN_POINT('',(6.,-100.,-3.));
#2492 = DIRECTION('',(-0.,-0.,-1.));
#2493 = DIRECTION('',(1.,0.,0.));
#2494 = ADVANCED_FACE('',(#2495),#2513,.F.);
#2495 = FACE_BOUND('',#2496,.F.);
#2496 = EDGE_LOOP('',(#2497,#2505,#2511,#2512));
#2497 = ORIENTED_EDGE('',*,*,#2498,.F.);
#2498 = EDGE_CURVE('',#2499,#1020,#2501,.T.);
#2499 = VERTEX_POINT('',#2500);
#2500 = CARTESIAN_POINT('',(69.736050796978,-107.9999939193,-2.));
#2501 = LINE('',#2502,#2503);
#2502 = CARTESIAN_POINT('',(69.736050796978,-107.9999878387,-3.));
#2503 = VECTOR('',#2504,1.);
#2504 = DIRECTION('',(0.,0.,1.));
#2505 = ORIENTED_EDGE('',*,*,#2506,.F.);
#2506 = EDGE_CURVE('',#2466,#2499,#2507,.T.);
#2507 = LINE('',#2508,#2509);
#2508 = CARTESIAN_POINT('',(57.8125,-108.,-2.));
#2509 = VECTOR('',#2510,1.);
#2510 = DIRECTION('',(1.,0.,0.));
#2511 = ORIENTED_EDGE('',*,*,#2465,.T.);
#2512 = ORIENTED_EDGE('',*,*,#1019,.T.);
#2513 = PLANE('',#2514);
#2514 = AXIS2_PLACEMENT_3D('',#2515,#2516,#2517);
#2515 = CARTESIAN_POINT('',(6.000000156922,-108.,-3.));
#2516 = DIRECTION('',(-1.9080686178E-07,1.,0.));
#2517 = DIRECTION('',(1.,1.9080686178E-07,0.));
#2518 = ADVANCED_FACE('',(#2519),#2554,.T.);
#2519 = FACE_BOUND('',#2520,.F.);
#2520 = EDGE_LOOP('',(#2521,#2522,#2523,#2531,#2540,#2548));
#2521 = ORIENTED_EDGE('',*,*,#2498,.T.);
#2522 = ORIENTED_EDGE('',*,*,#1043,.T.);
#2523 = ORIENTED_EDGE('',*,*,#2524,.F.);
#2524 = EDGE_CURVE('',#2525,#1044,#2527,.T.);
#2525 = VERTEX_POINT('',#2526);
#2526 = CARTESIAN_POINT('',(77.75,-100.,-7.));
#2527 = LINE('',#2528,#2529);
#2528 = CARTESIAN_POINT('',(77.75,-100.,-3.));
#2529 = VECTOR('',#2530,1.);
#2530 = DIRECTION('',(0.,0.,1.));
#2531 = ORIENTED_EDGE('',*,*,#2532,.F.);
#2532 = EDGE_CURVE('',#2533,#2525,#2535,.T.);
#2533 = VERTEX_POINT('',#2534);
#2534 = CARTESIAN_POINT('',(69.75,-108.,-7.));
#2535 = CIRCLE('',#2536,8.);
#2536 = AXIS2_PLACEMENT_3D('',#2537,#2538,#2539);
#2537 = CARTESIAN_POINT('',(69.75,-100.,-7.));
#2538 = DIRECTION('',(-0.,0.,1.));
#2539 = DIRECTION('',(0.707106781187,-0.707106781187,0.));
#2540 = ORIENTED_EDGE('',*,*,#2541,.F.);
#2541 = EDGE_CURVE('',#2542,#2533,#2544,.T.);
#2542 = VERTEX_POINT('',#2543);
#2543 = CARTESIAN_POINT('',(69.75,-108.,-2.));
#2544 = LINE('',#2545,#2546);
#2545 = CARTESIAN_POINT('',(69.75,-108.,0.));
#2546 = VECTOR('',#2547,1.);
#2547 = DIRECTION('',(0.,0.,-1.));
#2548 = ORIENTED_EDGE('',*,*,#2549,.F.);
#2549 = EDGE_CURVE('',#2499,#2542,#2550,.T.);
#2550 = LINE('',#2551,#2552);
#2551 = CARTESIAN_POINT('',(57.8125,-108.,-2.));
#2552 = VECTOR('',#2553,1.);
#2553 = DIRECTION('',(1.,0.,0.));
#2554 = CYLINDRICAL_SURFACE('',#2555,8.);
#2555 = AXIS2_PLACEMENT_3D('',#2556,#2557,#2558);
#2556 = CARTESIAN_POINT('',(69.75,-100.,-3.));
#2557 = DIRECTION('',(-0.,-0.,-1.));
#2558 = DIRECTION('',(1.,0.,0.));
#2559 = ADVANCED_FACE('',(#2560),#2674,.T.);
#2560 = FACE_BOUND('',#2561,.T.);
#2561 = EDGE_LOOP('',(#2562,#2563,#2571,#2579,#2587,#2595,#2603,#2611,
    #2619,#2627,#2635,#2643,#2651,#2659,#2667,#2673));
#2562 = ORIENTED_EDGE('',*,*,#2524,.F.);
#2563 = ORIENTED_EDGE('',*,*,#2564,.F.);
#2564 = EDGE_CURVE('',#2565,#2525,#2567,.T.);
#2565 = VERTEX_POINT('',#2566);
#2566 = CARTESIAN_POINT('',(77.75,-60.7,-7.));
#2567 = LINE('',#2568,#2569);
#2568 = CARTESIAN_POINT('',(77.75,2.,-7.));
#2569 = VECTOR('',#2570,1.);
#2570 = DIRECTION('',(-8.E-17,-1.,0.));
#2571 = ORIENTED_EDGE('',*,*,#2572,.F.);
#2572 = EDGE_CURVE('',#2573,#2565,#2575,.T.);
#2573 = VERTEX_POINT('',#2574);
#2574 = CARTESIAN_POINT('',(77.75,-60.7,-5.));
#2575 = LINE('',#2576,#2577);
#2576 = CARTESIAN_POINT('',(77.75,-60.7,0.));
#2577 = VECTOR('',#2578,1.);
#2578 = DIRECTION('',(0.,0.,-1.));
#2579 = ORIENTED_EDGE('',*,*,#2580,.F.);
#2580 = EDGE_CURVE('',#2581,#2573,#2583,.T.);
#2581 = VERTEX_POINT('',#2582);
#2582 = CARTESIAN_POINT('',(77.75,-47.7,-5.));
#2583 = LINE('',#2584,#2585);
#2584 = CARTESIAN_POINT('',(77.75,2.,-5.));
#2585 = VECTOR('',#2586,1.);
#2586 = DIRECTION('',(-8.E-17,-1.,0.));
#2587 = ORIENTED_EDGE('',*,*,#2588,.T.);
#2588 = EDGE_CURVE('',#2581,#2589,#2591,.T.);
#2589 = VERTEX_POINT('',#2590);
#2590 = CARTESIAN_POINT('',(77.75,-47.7,-7.));
#2591 = LINE('',#2592,#2593);
#2592 = CARTESIAN_POINT('',(77.75,-47.7,0.));
#2593 = VECTOR('',#2594,1.);
#2594 = DIRECTION('',(0.,0.,-1.));
#2595 = ORIENTED_EDGE('',*,*,#2596,.F.);
#2596 = EDGE_CURVE('',#2597,#2589,#2599,.T.);
#2597 = VERTEX_POINT('',#2598);
#2598 = CARTESIAN_POINT('',(77.75,-41.75,-7.));
#2599 = LINE('',#2600,#2601);
#2600 = CARTESIAN_POINT('',(77.75,2.,-7.));
#2601 = VECTOR('',#2602,1.);
#2602 = DIRECTION('',(-8.E-17,-1.,0.));
#2603 = ORIENTED_EDGE('',*,*,#2604,.F.);
#2604 = EDGE_CURVE('',#2605,#2597,#2607,.T.);
#2605 = VERTEX_POINT('',#2606);
#2606 = CARTESIAN_POINT('',(77.75,-41.75,-4.));
#2607 = LINE('',#2608,#2609);
#2608 = CARTESIAN_POINT('',(77.75,-41.75,0.));
#2609 = VECTOR('',#2610,1.);
#2610 = DIRECTION('',(0.,0.,-1.));
#2611 = ORIENTED_EDGE('',*,*,#2612,.F.);
#2612 = EDGE_CURVE('',#2613,#2605,#2615,.T.);
#2613 = VERTEX_POINT('',#2614);
#2614 = CARTESIAN_POINT('',(77.75,-29.75,-4.));
#2615 = LINE('',#2616,#2617);
#2616 = CARTESIAN_POINT('',(77.75,-29.75,-4.));
#2617 = VECTOR('',#2618,1.);
#2618 = DIRECTION('',(0.,-1.,0.));
#2619 = ORIENTED_EDGE('',*,*,#2620,.T.);
#2620 = EDGE_CURVE('',#2613,#2621,#2623,.T.);
#2621 = VERTEX_POINT('',#2622);
#2622 = CARTESIAN_POINT('',(77.75,-29.75,-7.));
#2623 = LINE('',#2624,#2625);
#2624 = CARTESIAN_POINT('',(77.75,-29.75,0.));
#2625 = VECTOR('',#2626,1.);
#2626 = DIRECTION('',(0.,0.,-1.));
#2627 = ORIENTED_EDGE('',*,*,#2628,.F.);
#2628 = EDGE_CURVE('',#2629,#2621,#2631,.T.);
#2629 = VERTEX_POINT('',#2630);
#2630 = CARTESIAN_POINT('',(77.75,-21.5,-7.));
#2631 = LINE('',#2632,#2633);
#2632 = CARTESIAN_POINT('',(77.75,2.,-7.));
#2633 = VECTOR('',#2634,1.);
#2634 = DIRECTION('',(-8.E-17,-1.,0.));
#2635 = ORIENTED_EDGE('',*,*,#2636,.F.);
#2636 = EDGE_CURVE('',#2637,#2629,#2639,.T.);
#2637 = VERTEX_POINT('',#2638);
#2638 = CARTESIAN_POINT('',(77.75,-21.5,-4.9));
#2639 = LINE('',#2640,#2641);
#2640 = CARTESIAN_POINT('',(77.75,-21.5,0.));
#2641 = VECTOR('',#2642,1.);
#2642 = DIRECTION('',(0.,0.,-1.));
#2643 = ORIENTED_EDGE('',*,*,#2644,.F.);
#2644 = EDGE_CURVE('',#2645,#2637,#2647,.T.);
#2645 = VERTEX_POINT('',#2646);
#2646 = CARTESIAN_POINT('',(77.75,-15.5,-4.9));
#2647 = LINE('',#2648,#2649);
#2648 = CARTESIAN_POINT('',(77.75,2.,-4.9));
#2649 = VECTOR('',#2650,1.);
#2650 = DIRECTION('',(-8.E-17,-1.,0.));
#2651 = ORIENTED_EDGE('',*,*,#2652,.T.);
#2652 = EDGE_CURVE('',#2645,#2653,#2655,.T.);
#2653 = VERTEX_POINT('',#2654);
#2654 = CARTESIAN_POINT('',(77.75,-15.5,-7.));
#2655 = LINE('',#2656,#2657);
#2656 = CARTESIAN_POINT('',(77.75,-15.5,0.));
#2657 = VECTOR('',#2658,1.);
#2658 = DIRECTION('',(0.,0.,-1.));
#2659 = ORIENTED_EDGE('',*,*,#2660,.F.);
#2660 = EDGE_CURVE('',#2661,#2653,#2663,.T.);
#2661 = VERTEX_POINT('',#2662);
#2662 = CARTESIAN_POINT('',(77.75,-6.,-7.));
#2663 = LINE('',#2664,#2665);
#2664 = CARTESIAN_POINT('',(77.75,2.,-7.));
#2665 = VECTOR('',#2666,1.);
#2666 = DIRECTION('',(-8.E-17,-1.,0.));
#2667 = ORIENTED_EDGE('',*,*,#2668,.F.);
#2668 = EDGE_CURVE('',#1069,#2661,#2669,.T.);
#2669 = LINE('',#2670,#2671);
#2670 = CARTESIAN_POINT('',(77.75,-6.,0.));
#2671 = VECTOR('',#2672,1.);
#2672 = DIRECTION('',(0.,0.,-1.));
#2673 = ORIENTED_EDGE('',*,*,#1068,.F.);
#2674 = PLANE('',#2675);
#2675 = AXIS2_PLACEMENT_3D('',#2676,#2677,#2678);
#2676 = CARTESIAN_POINT('',(77.75,-51.89373297002,-2.372343324251));
#2677 = DIRECTION('',(1.,0.,-3.5E-16));
#2678 = DIRECTION('',(3.5E-16,0.,1.));
#2679 = ADVANCED_FACE('',(#2680),#2692,.T.);
#2680 = FACE_BOUND('',#2681,.F.);
#2681 = EDGE_LOOP('',(#2682,#2683,#2690,#2691));
#2682 = ORIENTED_EDGE('',*,*,#2285,.F.);
#2683 = ORIENTED_EDGE('',*,*,#2684,.F.);
#2684 = EDGE_CURVE('',#2661,#2286,#2685,.T.);
#2685 = CIRCLE('',#2686,8.);
#2686 = AXIS2_PLACEMENT_3D('',#2687,#2688,#2689);
#2687 = CARTESIAN_POINT('',(69.75,-6.,-7.));
#2688 = DIRECTION('',(0.,-0.,1.));
#2689 = DIRECTION('',(0.707106781187,0.707106781187,0.));
#2690 = ORIENTED_EDGE('',*,*,#2668,.F.);
#2691 = ORIENTED_EDGE('',*,*,#1092,.T.);
#2692 = CYLINDRICAL_SURFACE('',#2693,8.);
#2693 = AXIS2_PLACEMENT_3D('',#2694,#2695,#2696);
#2694 = CARTESIAN_POINT('',(69.75,-6.,-3.));
#2695 = DIRECTION('',(-0.,-0.,-1.));
#2696 = DIRECTION('',(1.,0.,0.));
#2697 = ADVANCED_FACE('',(#2698),#2723,.T.);
#2698 = FACE_BOUND('',#2699,.T.);
#2699 = EDGE_LOOP('',(#2700,#2708,#2709,#2717));
#2700 = ORIENTED_EDGE('',*,*,#2701,.T.);
#2701 = EDGE_CURVE('',#2702,#1119,#2704,.T.);
#2702 = VERTEX_POINT('',#2703);
#2703 = CARTESIAN_POINT('',(20.25,-83.6,-1.));
#2704 = LINE('',#2705,#2706);
#2705 = CARTESIAN_POINT('',(20.25,-83.6,-1.));
#2706 = VECTOR('',#2707,1.);
#2707 = DIRECTION('',(0.,0.,1.));
#2708 = ORIENTED_EDGE('',*,*,#1126,.F.);
#2709 = ORIENTED_EDGE('',*,*,#2710,.T.);
#2710 = EDGE_CURVE('',#1110,#2711,#2713,.T.);
#2711 = VERTEX_POINT('',#2712);
#2712 = CARTESIAN_POINT('',(20.25,-79.6,-1.));
#2713 = LINE('',#2714,#2715);
#2714 = CARTESIAN_POINT('',(20.25,-79.60000000049,2.));
#2715 = VECTOR('',#2716,1.);
#2716 = DIRECTION('',(-2.13162820728E-14,1.63666413755E-10,-1.));
#2717 = ORIENTED_EDGE('',*,*,#2718,.F.);
#2718 = EDGE_CURVE('',#2702,#2711,#2719,.T.);
#2719 = LINE('',#2720,#2721);
#2720 = CARTESIAN_POINT('',(20.25,-65.6,-1.));
#2721 = VECTOR('',#2722,1.);
#2722 = DIRECTION('',(0.,1.,0.));
#2723 = PLANE('',#2724);
#2724 = AXIS2_PLACEMENT_3D('',#2725,#2726,#2727);
#2725 = CARTESIAN_POINT('',(20.25,-81.6,-0.2));
#2726 = DIRECTION('',(-1.,-0.,-0.));
#2727 = DIRECTION('',(0.,0.,-1.));
#2728 = ADVANCED_FACE('',(#2729),#2748,.F.);
#2729 = FACE_BOUND('',#2730,.T.);
#2730 = EDGE_LOOP('',(#2731,#2732,#2741,#2747));
#2731 = ORIENTED_EDGE('',*,*,#2701,.F.);
#2732 = ORIENTED_EDGE('',*,*,#2733,.T.);
#2733 = EDGE_CURVE('',#2702,#2734,#2736,.T.);
#2734 = VERTEX_POINT('',#2735);
#2735 = CARTESIAN_POINT('',(19.25,-84.6,-1.));
#2736 = CIRCLE('',#2737,1.);
#2737 = AXIS2_PLACEMENT_3D('',#2738,#2739,#2740);
#2738 = CARTESIAN_POINT('',(19.25,-83.6,-1.));
#2739 = DIRECTION('',(0.,0.,-1.));
#2740 = DIRECTION('',(0.707106781187,-0.707106781187,0.));
#2741 = ORIENTED_EDGE('',*,*,#2742,.F.);
#2742 = EDGE_CURVE('',#1143,#2734,#2743,.T.);
#2743 = LINE('',#2744,#2745);
#2744 = CARTESIAN_POINT('',(19.25,-84.6,2.));
#2745 = VECTOR('',#2746,1.);
#2746 = DIRECTION('',(-1.7763568394E-14,0.,-1.));
#2747 = ORIENTED_EDGE('',*,*,#1150,.F.);
#2748 = CYLINDRICAL_SURFACE('',#2749,1.);
#2749 = AXIS2_PLACEMENT_3D('',#2750,#2751,#2752);
#2750 = CARTESIAN_POINT('',(19.25,-83.6,-1.));
#2751 = DIRECTION('',(-0.,-0.,-1.));
#2752 = DIRECTION('',(1.,0.,0.));
#2753 = ADVANCED_FACE('',(#2754),#2772,.T.);
#2754 = FACE_BOUND('',#2755,.T.);
#2755 = EDGE_LOOP('',(#2756,#2764,#2765,#2766));
#2756 = ORIENTED_EDGE('',*,*,#2757,.T.);
#2757 = EDGE_CURVE('',#2758,#1168,#2760,.T.);
#2758 = VERTEX_POINT('',#2759);
#2759 = CARTESIAN_POINT('',(14.25,-84.6,-1.));
#2760 = LINE('',#2761,#2762);
#2761 = CARTESIAN_POINT('',(14.25,-84.6,-1.));
#2762 = VECTOR('',#2763,1.);
#2763 = DIRECTION('',(1.361873576874E-14,0.,1.));
#2764 = ORIENTED_EDGE('',*,*,#1175,.F.);
#2765 = ORIENTED_EDGE('',*,*,#2742,.T.);
#2766 = ORIENTED_EDGE('',*,*,#2767,.F.);
#2767 = EDGE_CURVE('',#2758,#2734,#2768,.T.);
#2768 = LINE('',#2769,#2770);
#2769 = CARTESIAN_POINT('',(20.25,-84.6,-1.));
#2770 = VECTOR('',#2771,1.);
#2771 = DIRECTION('',(1.,0.,0.));
#2772 = PLANE('',#2773);
#2773 = AXIS2_PLACEMENT_3D('',#2774,#2775,#2776);
#2774 = CARTESIAN_POINT('',(16.750000010492,-84.6,-0.2));
#2775 = DIRECTION('',(0.,1.,0.));
#2776 = DIRECTION('',(0.,0.,1.));
#2777 = ADVANCED_FACE('',(#2778),#2797,.F.);
#2778 = FACE_BOUND('',#2779,.T.);
#2779 = EDGE_LOOP('',(#2780,#2781,#2790,#2796));
#2780 = ORIENTED_EDGE('',*,*,#2757,.F.);
#2781 = ORIENTED_EDGE('',*,*,#2782,.T.);
#2782 = EDGE_CURVE('',#2758,#2783,#2785,.T.);
#2783 = VERTEX_POINT('',#2784);
#2784 = CARTESIAN_POINT('',(13.25,-83.6,-1.));
#2785 = CIRCLE('',#2786,1.);
#2786 = AXIS2_PLACEMENT_3D('',#2787,#2788,#2789);
#2787 = CARTESIAN_POINT('',(14.25,-83.6,-1.));
#2788 = DIRECTION('',(0.,0.,-1.));
#2789 = DIRECTION('',(-0.707106781187,-0.707106781187,-0.));
#2790 = ORIENTED_EDGE('',*,*,#2791,.T.);
#2791 = EDGE_CURVE('',#2783,#1192,#2792,.T.);
#2792 = LINE('',#2793,#2794);
#2793 = CARTESIAN_POINT('',(13.25,-83.6,-1.));
#2794 = VECTOR('',#2795,1.);
#2795 = DIRECTION('',(-7.105427357601E-15,-6.251828684375E-11,1.));
#2796 = ORIENTED_EDGE('',*,*,#1199,.F.);
#2797 = CYLINDRICAL_SURFACE('',#2798,1.);
#2798 = AXIS2_PLACEMENT_3D('',#2799,#2800,#2801);
#2799 = CARTESIAN_POINT('',(14.25,-83.6,-1.));
#2800 = DIRECTION('',(-0.,-0.,-1.));
#2801 = DIRECTION('',(1.,0.,0.));
#2802 = ADVANCED_FACE('',(#2803),#2821,.T.);
#2803 = FACE_BOUND('',#2804,.T.);
#2804 = EDGE_LOOP('',(#2805,#2806,#2814,#2820));
#2805 = ORIENTED_EDGE('',*,*,#2791,.F.);
#2806 = ORIENTED_EDGE('',*,*,#2807,.F.);
#2807 = EDGE_CURVE('',#2808,#2783,#2810,.T.);
#2808 = VERTEX_POINT('',#2809);
#2809 = CARTESIAN_POINT('',(13.25,-79.6,-1.));
#2810 = LINE('',#2811,#2812);
#2811 = CARTESIAN_POINT('',(13.25,-84.6,-1.));
#2812 = VECTOR('',#2813,1.);
#2813 = DIRECTION('',(0.,-1.,0.));
#2814 = ORIENTED_EDGE('',*,*,#2815,.F.);
#2815 = EDGE_CURVE('',#1217,#2808,#2816,.T.);
#2816 = LINE('',#2817,#2818);
#2817 = CARTESIAN_POINT('',(13.25,-79.6,2.));
#2818 = VECTOR('',#2819,1.);
#2819 = DIRECTION('',(1.657933050107E-14,0.,-1.));
#2820 = ORIENTED_EDGE('',*,*,#1224,.F.);
#2821 = PLANE('',#2822);
#2822 = AXIS2_PLACEMENT_3D('',#2823,#2824,#2825);
#2823 = CARTESIAN_POINT('',(13.25,-81.60000009344,-0.199999958978));
#2824 = DIRECTION('',(1.,1.485E-14,-1.14E-15));
#2825 = DIRECTION('',(-1.485E-14,1.,0.));
#2826 = ADVANCED_FACE('',(#2827),#2846,.T.);
#2827 = FACE_BOUND('',#2828,.F.);
#2828 = EDGE_LOOP('',(#2829,#2830,#2831,#2839));
#2829 = ORIENTED_EDGE('',*,*,#2815,.F.);
#2830 = ORIENTED_EDGE('',*,*,#1248,.T.);
#2831 = ORIENTED_EDGE('',*,*,#2832,.T.);
#2832 = EDGE_CURVE('',#1241,#2833,#2835,.T.);
#2833 = VERTEX_POINT('',#2834);
#2834 = CARTESIAN_POINT('',(12.25,-78.6,-1.));
#2835 = LINE('',#2836,#2837);
#2836 = CARTESIAN_POINT('',(12.25,-78.6,2.));
#2837 = VECTOR('',#2838,1.);
#2838 = DIRECTION('',(0.,1.42108547152E-14,-1.));
#2839 = ORIENTED_EDGE('',*,*,#2840,.T.);
#2840 = EDGE_CURVE('',#2833,#2808,#2841,.T.);
#2841 = CIRCLE('',#2842,1.);
#2842 = AXIS2_PLACEMENT_3D('',#2843,#2844,#2845);
#2843 = CARTESIAN_POINT('',(12.25,-79.6,-1.));
#2844 = DIRECTION('',(0.,0.,-1.));
#2845 = DIRECTION('',(0.,1.,0.));
#2846 = CYLINDRICAL_SURFACE('',#2847,1.);
#2847 = AXIS2_PLACEMENT_3D('',#2848,#2849,#2850);
#2848 = CARTESIAN_POINT('',(12.25,-79.6,-1.));
#2849 = DIRECTION('',(-0.,-0.,-1.));
#2850 = DIRECTION('',(1.,0.,0.));
#2851 = ADVANCED_FACE('',(#2852),#2870,.T.);
#2852 = FACE_BOUND('',#2853,.T.);
#2853 = EDGE_LOOP('',(#2854,#2862,#2863,#2864));
#2854 = ORIENTED_EDGE('',*,*,#2855,.F.);
#2855 = EDGE_CURVE('',#1266,#2856,#2858,.T.);
#2856 = VERTEX_POINT('',#2857);
#2857 = CARTESIAN_POINT('',(8.25,-78.6,-1.));
#2858 = LINE('',#2859,#2860);
#2859 = CARTESIAN_POINT('',(8.25,-78.6,2.));
#2860 = VECTOR('',#2861,1.);
#2861 = DIRECTION('',(-3.848773152034E-14,4.736951571734E-15,-1.));
#2862 = ORIENTED_EDGE('',*,*,#1273,.F.);
#2863 = ORIENTED_EDGE('',*,*,#2832,.T.);
#2864 = ORIENTED_EDGE('',*,*,#2865,.F.);
#2865 = EDGE_CURVE('',#2856,#2833,#2866,.T.);
#2866 = LINE('',#2867,#2868);
#2867 = CARTESIAN_POINT('',(26.25,-78.6,-1.));
#2868 = VECTOR('',#2869,1.);
#2869 = DIRECTION('',(1.,0.,0.));
#2870 = PLANE('',#2871);
#2871 = AXIS2_PLACEMENT_3D('',#2872,#2873,#2874);
#2872 = CARTESIAN_POINT('',(10.250000005291,-78.6,-0.200000002323));
#2873 = DIRECTION('',(3.83E-15,1.,9.12E-15));
#2874 = DIRECTION('',(0.,-9.12E-15,1.));
#2875 = ADVANCED_FACE('',(#2876),#2895,.F.);
#2876 = FACE_BOUND('',#2877,.T.);
#2877 = EDGE_LOOP('',(#2878,#2879,#2888,#2894));
#2878 = ORIENTED_EDGE('',*,*,#2855,.T.);
#2879 = ORIENTED_EDGE('',*,*,#2880,.T.);
#2880 = EDGE_CURVE('',#2856,#2881,#2883,.T.);
#2881 = VERTEX_POINT('',#2882);
#2882 = CARTESIAN_POINT('',(7.25,-77.6,-1.));
#2883 = CIRCLE('',#2884,1.);
#2884 = AXIS2_PLACEMENT_3D('',#2885,#2886,#2887);
#2885 = CARTESIAN_POINT('',(8.25,-77.6,-1.));
#2886 = DIRECTION('',(0.,0.,-1.));
#2887 = DIRECTION('',(-0.707106781187,-0.707106781187,-0.));
#2888 = ORIENTED_EDGE('',*,*,#2889,.F.);
#2889 = EDGE_CURVE('',#1290,#2881,#2890,.T.);
#2890 = LINE('',#2891,#2892);
#2891 = CARTESIAN_POINT('',(7.25,-77.5999999995,2.));
#2892 = VECTOR('',#2893,1.);
#2893 = DIRECTION('',(-1.746750892077E-14,-1.666980627609E-10,-1.));
#2894 = ORIENTED_EDGE('',*,*,#1297,.F.);
#2895 = CYLINDRICAL_SURFACE('',#2896,1.);
#2896 = AXIS2_PLACEMENT_3D('',#2897,#2898,#2899);
#2897 = CARTESIAN_POINT('',(8.25,-77.6,-1.));
#2898 = DIRECTION('',(-0.,-0.,-1.));
#2899 = DIRECTION('',(1.,0.,0.));
#2900 = ADVANCED_FACE('',(#2901),#2919,.T.);
#2901 = FACE_BOUND('',#2902,.T.);
#2902 = EDGE_LOOP('',(#2903,#2911,#2912,#2913));
#2903 = ORIENTED_EDGE('',*,*,#2904,.T.);
#2904 = EDGE_CURVE('',#2905,#1315,#2907,.T.);
#2905 = VERTEX_POINT('',#2906);
#2906 = CARTESIAN_POINT('',(7.25,-72.6,-1.));
#2907 = LINE('',#2908,#2909);
#2908 = CARTESIAN_POINT('',(7.25,-72.6,-1.));
#2909 = VECTOR('',#2910,1.);
#2910 = DIRECTION('',(2.22044604925E-14,-4.736951571734E-15,1.));
#2911 = ORIENTED_EDGE('',*,*,#1322,.F.);
#2912 = ORIENTED_EDGE('',*,*,#2889,.T.);
#2913 = ORIENTED_EDGE('',*,*,#2914,.F.);
#2914 = EDGE_CURVE('',#2905,#2881,#2915,.T.);
#2915 = LINE('',#2916,#2917);
#2916 = CARTESIAN_POINT('',(7.25,-78.6,-1.));
#2917 = VECTOR('',#2918,1.);
#2918 = DIRECTION('',(0.,-1.,0.));
#2919 = PLANE('',#2920);
#2920 = AXIS2_PLACEMENT_3D('',#2921,#2922,#2923);
#2921 = CARTESIAN_POINT('',(7.25,-75.10000009264,-0.200000036252));
#2922 = DIRECTION('',(1.,-5.32E-15,-2.337E-14));
#2923 = DIRECTION('',(2.337E-14,0.,1.));
#2924 = ADVANCED_FACE('',(#2925),#2944,.F.);
#2925 = FACE_BOUND('',#2926,.T.);
#2926 = EDGE_LOOP('',(#2927,#2928,#2937,#2943));
#2927 = ORIENTED_EDGE('',*,*,#2904,.F.);
#2928 = ORIENTED_EDGE('',*,*,#2929,.T.);
#2929 = EDGE_CURVE('',#2905,#2930,#2932,.T.);
#2930 = VERTEX_POINT('',#2931);
#2931 = CARTESIAN_POINT('',(8.25,-71.6,-1.));
#2932 = CIRCLE('',#2933,1.);
#2933 = AXIS2_PLACEMENT_3D('',#2934,#2935,#2936);
#2934 = CARTESIAN_POINT('',(8.25,-72.6,-1.));
#2935 = DIRECTION('',(0.,0.,-1.));
#2936 = DIRECTION('',(-0.707106781187,0.707106781187,0.));
#2937 = ORIENTED_EDGE('',*,*,#2938,.F.);
#2938 = EDGE_CURVE('',#1339,#2930,#2939,.T.);
#2939 = LINE('',#2940,#2941);
#2940 = CARTESIAN_POINT('',(8.25,-71.6,2.));
#2941 = VECTOR('',#2942,1.);
#2942 = DIRECTION('',(8.289665250535E-15,0.,-1.));
#2943 = ORIENTED_EDGE('',*,*,#1346,.F.);
#2944 = CYLINDRICAL_SURFACE('',#2945,1.);
#2945 = AXIS2_PLACEMENT_3D('',#2946,#2947,#2948);
#2946 = CARTESIAN_POINT('',(8.25,-72.6,-1.));
#2947 = DIRECTION('',(-0.,-0.,-1.));
#2948 = DIRECTION('',(1.,0.,0.));
#2949 = ADVANCED_FACE('',(#2950),#2968,.T.);
#2950 = FACE_BOUND('',#2951,.T.);
#2951 = EDGE_LOOP('',(#2952,#2960,#2961,#2962));
#2952 = ORIENTED_EDGE('',*,*,#2953,.T.);
#2953 = EDGE_CURVE('',#2954,#1364,#2956,.T.);
#2954 = VERTEX_POINT('',#2955);
#2955 = CARTESIAN_POINT('',(12.25,-71.6,-1.));
#2956 = LINE('',#2957,#2958);
#2957 = CARTESIAN_POINT('',(12.25,-71.6,-1.));
#2958 = VECTOR('',#2959,1.);
#2959 = DIRECTION('',(-4.284726647559E-10,4.736951571734E-15,1.));
#2960 = ORIENTED_EDGE('',*,*,#1371,.F.);
#2961 = ORIENTED_EDGE('',*,*,#2938,.T.);
#2962 = ORIENTED_EDGE('',*,*,#2963,.F.);
#2963 = EDGE_CURVE('',#2954,#2930,#2964,.T.);
#2964 = LINE('',#2965,#2966);
#2965 = CARTESIAN_POINT('',(7.25,-71.6,-1.));
#2966 = VECTOR('',#2967,1.);
#2967 = DIRECTION('',(-1.,0.,0.));
#2968 = PLANE('',#2969);
#2969 = AXIS2_PLACEMENT_3D('',#2970,#2971,#2972);
#2970 = CARTESIAN_POINT('',(23.25000009344,-71.6,-0.199999963623));
#2971 = DIRECTION('',(-7.67E-15,-1.,-5.16E-15));
#2972 = DIRECTION('',(-1.,7.67E-15,0.));
#2973 = ADVANCED_FACE('',(#2974),#2993,.T.);
#2974 = FACE_BOUND('',#2975,.F.);
#2975 = EDGE_LOOP('',(#2976,#2984,#2991,#2992));
#2976 = ORIENTED_EDGE('',*,*,#2977,.T.);
#2977 = EDGE_CURVE('',#1388,#2978,#2980,.T.);
#2978 = VERTEX_POINT('',#2979);
#2979 = CARTESIAN_POINT('',(13.25,-70.6,-1.));
#2980 = LINE('',#2981,#2982);
#2981 = CARTESIAN_POINT('',(13.25,-70.6,2.));
#2982 = VECTOR('',#2983,1.);
#2983 = DIRECTION('',(0.,0.,-1.));
#2984 = ORIENTED_EDGE('',*,*,#2985,.F.);
#2985 = EDGE_CURVE('',#2954,#2978,#2986,.T.);
#2986 = CIRCLE('',#2987,1.);
#2987 = AXIS2_PLACEMENT_3D('',#2988,#2989,#2990);
#2988 = CARTESIAN_POINT('',(12.25,-70.6,-1.));
#2989 = DIRECTION('',(-0.,0.,1.));
#2990 = DIRECTION('',(0.707106781187,-0.707106781187,0.));
#2991 = ORIENTED_EDGE('',*,*,#2953,.T.);
#2992 = ORIENTED_EDGE('',*,*,#1395,.T.);
#2993 = CYLINDRICAL_SURFACE('',#2994,1.);
#2994 = AXIS2_PLACEMENT_3D('',#2995,#2996,#2997);
#2995 = CARTESIAN_POINT('',(12.25,-70.6,-1.));
#2996 = DIRECTION('',(-0.,-0.,-1.));
#2997 = DIRECTION('',(1.,0.,0.));
#2998 = ADVANCED_FACE('',(#2999),#3017,.T.);
#2999 = FACE_BOUND('',#3000,.T.);
#3000 = EDGE_LOOP('',(#3001,#3002,#3010,#3016));
#3001 = ORIENTED_EDGE('',*,*,#2977,.T.);
#3002 = ORIENTED_EDGE('',*,*,#3003,.F.);
#3003 = EDGE_CURVE('',#3004,#2978,#3006,.T.);
#3004 = VERTEX_POINT('',#3005);
#3005 = CARTESIAN_POINT('',(13.25,-66.6,-1.));
#3006 = LINE('',#3007,#3008);
#3007 = CARTESIAN_POINT('',(13.25,-84.6,-1.));
#3008 = VECTOR('',#3009,1.);
#3009 = DIRECTION('',(0.,-1.,0.));
#3010 = ORIENTED_EDGE('',*,*,#3011,.T.);
#3011 = EDGE_CURVE('',#3004,#1413,#3012,.T.);
#3012 = LINE('',#3013,#3014);
#3013 = CARTESIAN_POINT('',(13.25,-66.6,-1.));
#3014 = VECTOR('',#3015,1.);
#3015 = DIRECTION('',(-2.368475785867E-14,6.25088129406E-11,1.));
#3016 = ORIENTED_EDGE('',*,*,#1420,.F.);
#3017 = PLANE('',#3018);
#3018 = AXIS2_PLACEMENT_3D('',#3019,#3020,#3021);
#3019 = CARTESIAN_POINT('',(13.25,-81.60000009344,-0.199999958978));
#3020 = DIRECTION('',(1.,1.485E-14,-1.14E-15));
#3021 = DIRECTION('',(-1.485E-14,1.,0.));
#3022 = ADVANCED_FACE('',(#3023),#3042,.F.);
#3023 = FACE_BOUND('',#3024,.T.);
#3024 = EDGE_LOOP('',(#3025,#3026,#3035,#3041));
#3025 = ORIENTED_EDGE('',*,*,#3011,.F.);
#3026 = ORIENTED_EDGE('',*,*,#3027,.T.);
#3027 = EDGE_CURVE('',#3004,#3028,#3030,.T.);
#3028 = VERTEX_POINT('',#3029);
#3029 = CARTESIAN_POINT('',(14.25,-65.6,-1.));
#3030 = CIRCLE('',#3031,1.);
#3031 = AXIS2_PLACEMENT_3D('',#3032,#3033,#3034);
#3032 = CARTESIAN_POINT('',(14.25,-66.6,-1.));
#3033 = DIRECTION('',(0.,0.,-1.));
#3034 = DIRECTION('',(-0.707106781187,0.707106781187,0.));
#3035 = ORIENTED_EDGE('',*,*,#3036,.F.);
#3036 = EDGE_CURVE('',#1437,#3028,#3037,.T.);
#3037 = LINE('',#3038,#3039);
#3038 = CARTESIAN_POINT('',(14.25,-65.6,2.));
#3039 = VECTOR('',#3040,1.);
#3040 = DIRECTION('',(4.736951571734E-15,-4.736951571734E-15,-1.));
#3041 = ORIENTED_EDGE('',*,*,#1444,.F.);
#3042 = CYLINDRICAL_SURFACE('',#3043,1.);
#3043 = AXIS2_PLACEMENT_3D('',#3044,#3045,#3046);
#3044 = CARTESIAN_POINT('',(14.25,-66.6,-1.));
#3045 = DIRECTION('',(-0.,-0.,-1.));
#3046 = DIRECTION('',(1.,0.,0.));
#3047 = ADVANCED_FACE('',(#3048),#3066,.T.);
#3048 = FACE_BOUND('',#3049,.T.);
#3049 = EDGE_LOOP('',(#3050,#3051,#3059,#3065));
#3050 = ORIENTED_EDGE('',*,*,#3036,.T.);
#3051 = ORIENTED_EDGE('',*,*,#3052,.F.);
#3052 = EDGE_CURVE('',#3053,#3028,#3055,.T.);
#3053 = VERTEX_POINT('',#3054);
#3054 = CARTESIAN_POINT('',(19.25,-65.6,-1.));
#3055 = LINE('',#3056,#3057);
#3056 = CARTESIAN_POINT('',(13.25,-65.6,-1.));
#3057 = VECTOR('',#3058,1.);
#3058 = DIRECTION('',(-1.,0.,0.));
#3059 = ORIENTED_EDGE('',*,*,#3060,.F.);
#3060 = EDGE_CURVE('',#1462,#3053,#3061,.T.);
#3061 = LINE('',#3062,#3063);
#3062 = CARTESIAN_POINT('',(19.25,-65.6,2.));
#3063 = VECTOR('',#3064,1.);
#3064 = DIRECTION('',(-1.184237892934E-15,1.42108547152E-14,-1.));
#3065 = ORIENTED_EDGE('',*,*,#1469,.F.);
#3066 = PLANE('',#3067);
#3067 = AXIS2_PLACEMENT_3D('',#3068,#3069,#3070);
#3068 = CARTESIAN_POINT('',(16.75,-65.6,-0.2));
#3069 = DIRECTION('',(-6.08E-15,-1.,-7.91E-15));
#3070 = DIRECTION('',(0.,7.91E-15,-1.));
#3071 = ADVANCED_FACE('',(#3072),#3091,.F.);
#3072 = FACE_BOUND('',#3073,.T.);
#3073 = EDGE_LOOP('',(#3074,#3082,#3083,#3084));
#3074 = ORIENTED_EDGE('',*,*,#3075,.F.);
#3075 = EDGE_CURVE('',#1486,#3076,#3078,.T.);
#3076 = VERTEX_POINT('',#3077);
#3077 = CARTESIAN_POINT('',(20.25,-66.6,-1.));
#3078 = LINE('',#3079,#3080);
#3079 = CARTESIAN_POINT('',(20.25,-66.6,2.));
#3080 = VECTOR('',#3081,1.);
#3081 = DIRECTION('',(1.657933050107E-14,0.,-1.));
#3082 = ORIENTED_EDGE('',*,*,#1493,.F.);
#3083 = ORIENTED_EDGE('',*,*,#3060,.T.);
#3084 = ORIENTED_EDGE('',*,*,#3085,.T.);
#3085 = EDGE_CURVE('',#3053,#3076,#3086,.T.);
#3086 = CIRCLE('',#3087,1.);
#3087 = AXIS2_PLACEMENT_3D('',#3088,#3089,#3090);
#3088 = CARTESIAN_POINT('',(19.25,-66.6,-1.));
#3089 = DIRECTION('',(0.,0.,-1.));
#3090 = DIRECTION('',(0.707106781187,0.707106781187,0.));
#3091 = CYLINDRICAL_SURFACE('',#3092,1.);
#3092 = AXIS2_PLACEMENT_3D('',#3093,#3094,#3095);
#3093 = CARTESIAN_POINT('',(19.25,-66.6,-1.));
#3094 = DIRECTION('',(-0.,-0.,-1.));
#3095 = DIRECTION('',(1.,0.,0.));
#3096 = ADVANCED_FACE('',(#3097),#3115,.T.);
#3097 = FACE_BOUND('',#3098,.T.);
#3098 = EDGE_LOOP('',(#3099,#3107,#3108,#3109));
#3099 = ORIENTED_EDGE('',*,*,#3100,.T.);
#3100 = EDGE_CURVE('',#3101,#1511,#3103,.T.);
#3101 = VERTEX_POINT('',#3102);
#3102 = CARTESIAN_POINT('',(20.25,-70.6,-1.));
#3103 = LINE('',#3104,#3105);
#3104 = CARTESIAN_POINT('',(20.25,-70.6,-1.));
#3105 = VECTOR('',#3106,1.);
#3106 = DIRECTION('',(3.552713678801E-15,-4.736951571734E-15,1.));
#3107 = ORIENTED_EDGE('',*,*,#1518,.F.);
#3108 = ORIENTED_EDGE('',*,*,#3075,.T.);
#3109 = ORIENTED_EDGE('',*,*,#3110,.F.);
#3110 = EDGE_CURVE('',#3101,#3076,#3111,.T.);
#3111 = LINE('',#3112,#3113);
#3112 = CARTESIAN_POINT('',(20.25,-65.6,-1.));
#3113 = VECTOR('',#3114,1.);
#3114 = DIRECTION('',(0.,1.,0.));
#3115 = PLANE('',#3116);
#3116 = AXIS2_PLACEMENT_3D('',#3117,#3118,#3119);
#3117 = CARTESIAN_POINT('',(20.25,-81.6,-0.2));
#3118 = DIRECTION('',(-1.,-0.,-0.));
#3119 = DIRECTION('',(0.,0.,-1.));
#3120 = ADVANCED_FACE('',(#3121),#3140,.T.);
#3121 = FACE_BOUND('',#3122,.F.);
#3122 = EDGE_LOOP('',(#3123,#3131,#3138,#3139));
#3123 = ORIENTED_EDGE('',*,*,#3124,.T.);
#3124 = EDGE_CURVE('',#1535,#3125,#3127,.T.);
#3125 = VERTEX_POINT('',#3126);
#3126 = CARTESIAN_POINT('',(21.25,-71.6,-1.));
#3127 = LINE('',#3128,#3129);
#3128 = CARTESIAN_POINT('',(21.25,-71.6,2.));
#3129 = VECTOR('',#3130,1.);
#3130 = DIRECTION('',(3.552713678801E-15,0.,-1.));
#3131 = ORIENTED_EDGE('',*,*,#3132,.F.);
#3132 = EDGE_CURVE('',#3101,#3125,#3133,.T.);
#3133 = CIRCLE('',#3134,1.);
#3134 = AXIS2_PLACEMENT_3D('',#3135,#3136,#3137);
#3135 = CARTESIAN_POINT('',(21.25,-70.6,-1.));
#3136 = DIRECTION('',(0.,0.,1.));
#3137 = DIRECTION('',(-0.707106781187,-0.707106781187,0.));
#3138 = ORIENTED_EDGE('',*,*,#3100,.T.);
#3139 = ORIENTED_EDGE('',*,*,#1542,.T.);
#3140 = CYLINDRICAL_SURFACE('',#3141,1.);
#3141 = AXIS2_PLACEMENT_3D('',#3142,#3143,#3144);
#3142 = CARTESIAN_POINT('',(21.25,-70.6,-1.));
#3143 = DIRECTION('',(-0.,-0.,-1.));
#3144 = DIRECTION('',(1.,0.,0.));
#3145 = ADVANCED_FACE('',(#3146),#3164,.T.);
#3146 = FACE_BOUND('',#3147,.T.);
#3147 = EDGE_LOOP('',(#3148,#3156,#3157,#3158));
#3148 = ORIENTED_EDGE('',*,*,#3149,.T.);
#3149 = EDGE_CURVE('',#3150,#1560,#3152,.T.);
#3150 = VERTEX_POINT('',#3151);
#3151 = CARTESIAN_POINT('',(25.25,-71.6,-1.));
#3152 = LINE('',#3153,#3154);
#3153 = CARTESIAN_POINT('',(25.25,-71.6,-1.));
#3154 = VECTOR('',#3155,1.);
#3155 = DIRECTION('',(2.368475785867E-15,4.736951571734E-15,1.));
#3156 = ORIENTED_EDGE('',*,*,#1567,.F.);
#3157 = ORIENTED_EDGE('',*,*,#3124,.T.);
#3158 = ORIENTED_EDGE('',*,*,#3159,.F.);
#3159 = EDGE_CURVE('',#3150,#3125,#3160,.T.);
#3160 = LINE('',#3161,#3162);
#3161 = CARTESIAN_POINT('',(7.25,-71.6,-1.));
#3162 = VECTOR('',#3163,1.);
#3163 = DIRECTION('',(-1.,0.,0.));
#3164 = PLANE('',#3165);
#3165 = AXIS2_PLACEMENT_3D('',#3166,#3167,#3168);
#3166 = CARTESIAN_POINT('',(23.25000009344,-71.6,-0.199999963623));
#3167 = DIRECTION('',(-7.67E-15,-1.,-5.16E-15));
#3168 = DIRECTION('',(-1.,7.67E-15,0.));
#3169 = ADVANCED_FACE('',(#3170),#3189,.F.);
#3170 = FACE_BOUND('',#3171,.T.);
#3171 = EDGE_LOOP('',(#3172,#3180,#3181,#3182));
#3172 = ORIENTED_EDGE('',*,*,#3173,.F.);
#3173 = EDGE_CURVE('',#1584,#3174,#3176,.T.);
#3174 = VERTEX_POINT('',#3175);
#3175 = CARTESIAN_POINT('',(26.25,-72.6,-1.));
#3176 = LINE('',#3177,#3178);
#3177 = CARTESIAN_POINT('',(26.25,-72.6,2.));
#3178 = VECTOR('',#3179,1.);
#3179 = DIRECTION('',(0.,0.,-1.));
#3180 = ORIENTED_EDGE('',*,*,#1591,.F.);
#3181 = ORIENTED_EDGE('',*,*,#3149,.F.);
#3182 = ORIENTED_EDGE('',*,*,#3183,.T.);
#3183 = EDGE_CURVE('',#3150,#3174,#3184,.T.);
#3184 = CIRCLE('',#3185,1.);
#3185 = AXIS2_PLACEMENT_3D('',#3186,#3187,#3188);
#3186 = CARTESIAN_POINT('',(25.25,-72.6,-1.));
#3187 = DIRECTION('',(0.,0.,-1.));
#3188 = DIRECTION('',(0.707106781187,0.707106781187,0.));
#3189 = CYLINDRICAL_SURFACE('',#3190,1.);
#3190 = AXIS2_PLACEMENT_3D('',#3191,#3192,#3193);
#3191 = CARTESIAN_POINT('',(25.25,-72.6,-1.));
#3192 = DIRECTION('',(-0.,-0.,-1.));
#3193 = DIRECTION('',(1.,0.,0.));
#3194 = ADVANCED_FACE('',(#3195),#3213,.T.);
#3195 = FACE_BOUND('',#3196,.T.);
#3196 = EDGE_LOOP('',(#3197,#3198,#3206,#3212));
#3197 = ORIENTED_EDGE('',*,*,#3173,.T.);
#3198 = ORIENTED_EDGE('',*,*,#3199,.F.);
#3199 = EDGE_CURVE('',#3200,#3174,#3202,.T.);
#3200 = VERTEX_POINT('',#3201);
#3201 = CARTESIAN_POINT('',(26.25,-77.6,-1.));
#3202 = LINE('',#3203,#3204);
#3203 = CARTESIAN_POINT('',(26.25,-71.6,-1.));
#3204 = VECTOR('',#3205,1.);
#3205 = DIRECTION('',(0.,1.,0.));
#3206 = ORIENTED_EDGE('',*,*,#3207,.T.);
#3207 = EDGE_CURVE('',#3200,#1609,#3208,.T.);
#3208 = LINE('',#3209,#3210);
#3209 = CARTESIAN_POINT('',(26.25,-77.6,-1.));
#3210 = VECTOR('',#3211,1.);
#3211 = DIRECTION('',(0.,0.,1.));
#3212 = ORIENTED_EDGE('',*,*,#1616,.F.);
#3213 = PLANE('',#3214);
#3214 = AXIS2_PLACEMENT_3D('',#3215,#3216,#3217);
#3215 = CARTESIAN_POINT('',(26.25,-75.1,-0.2));
#3216 = DIRECTION('',(-1.,-0.,-0.));
#3217 = DIRECTION('',(0.,0.,-1.));
#3218 = ADVANCED_FACE('',(#3219),#3246,.F.);
#3219 = FACE_BOUND('',#3220,.T.);
#3220 = EDGE_LOOP('',(#3221,#3222,#3231,#3239,#3245));
#3221 = ORIENTED_EDGE('',*,*,#3207,.F.);
#3222 = ORIENTED_EDGE('',*,*,#3223,.T.);
#3223 = EDGE_CURVE('',#3200,#3224,#3226,.T.);
#3224 = VERTEX_POINT('',#3225);
#3225 = CARTESIAN_POINT('',(25.25,-78.6,-1.));
#3226 = CIRCLE('',#3227,1.);
#3227 = AXIS2_PLACEMENT_3D('',#3228,#3229,#3230);
#3228 = CARTESIAN_POINT('',(25.25,-77.6,-1.));
#3229 = DIRECTION('',(0.,0.,-1.));
#3230 = DIRECTION('',(0.707106781187,-0.707106781187,0.));
#3231 = ORIENTED_EDGE('',*,*,#3232,.T.);
#3232 = EDGE_CURVE('',#3224,#3233,#3235,.T.);
#3233 = VERTEX_POINT('',#3234);
#3234 = CARTESIAN_POINT('',(25.25,-78.6,-0.5));
#3235 = LINE('',#3236,#3237);
#3236 = CARTESIAN_POINT('',(25.25,-78.6,0.));
#3237 = VECTOR('',#3238,1.);
#3238 = DIRECTION('',(0.,0.,1.));
#3239 = ORIENTED_EDGE('',*,*,#3240,.F.);
#3240 = EDGE_CURVE('',#1633,#3233,#3241,.T.);
#3241 = LINE('',#3242,#3243);
#3242 = CARTESIAN_POINT('',(25.250024094799,-78.5999999998,2.));
#3243 = VECTOR('',#3244,1.);
#3244 = DIRECTION('',(-9.637919772395E-06,-7.667608769778E-11,
    -0.999999999954));
#3245 = ORIENTED_EDGE('',*,*,#1640,.F.);
#3246 = CYLINDRICAL_SURFACE('',#3247,1.);
#3247 = AXIS2_PLACEMENT_3D('',#3248,#3249,#3250);
#3248 = CARTESIAN_POINT('',(25.25,-77.6,-1.));
#3249 = DIRECTION('',(-0.,-0.,-1.));
#3250 = DIRECTION('',(1.,0.,0.));
#3251 = ADVANCED_FACE('',(#3252),#3270,.F.);
#3252 = FACE_BOUND('',#3253,.F.);
#3253 = EDGE_LOOP('',(#3254,#3255,#3256,#3264));
#3254 = ORIENTED_EDGE('',*,*,#3240,.F.);
#3255 = ORIENTED_EDGE('',*,*,#1665,.T.);
#3256 = ORIENTED_EDGE('',*,*,#3257,.F.);
#3257 = EDGE_CURVE('',#3258,#1658,#3260,.T.);
#3258 = VERTEX_POINT('',#3259);
#3259 = CARTESIAN_POINT('',(21.255482263907,-78.60000751386,-0.5));
#3260 = LINE('',#3261,#3262);
#3261 = CARTESIAN_POINT('',(21.255482263907,-78.60000751386,-0.5));
#3262 = VECTOR('',#3263,1.);
#3263 = DIRECTION('',(-1.918465386544E-13,-3.005544334642E-06,
    0.999999999995));
#3264 = ORIENTED_EDGE('',*,*,#3265,.F.);
#3265 = EDGE_CURVE('',#3233,#3258,#3266,.T.);
#3266 = LINE('',#3267,#3268);
#3267 = CARTESIAN_POINT('',(29.0625,-78.6,-0.5));
#3268 = VECTOR('',#3269,1.);
#3269 = DIRECTION('',(-1.,0.,0.));
#3270 = PLANE('',#3271);
#3271 = AXIS2_PLACEMENT_3D('',#3272,#3273,#3274);
#3272 = CARTESIAN_POINT('',(25.250000019615,-78.6,-1.));
#3273 = DIRECTION('',(3.76208659128E-06,-0.999999999993,0.));
#3274 = DIRECTION('',(-0.999999999993,-3.76208659128E-06,0.));
#3275 = ADVANCED_FACE('',(#3276),#3304,.T.);
#3276 = FACE_BOUND('',#3277,.F.);
#3277 = EDGE_LOOP('',(#3278,#3279,#3288,#3296,#3302,#3303));
#3278 = ORIENTED_EDGE('',*,*,#2710,.T.);
#3279 = ORIENTED_EDGE('',*,*,#3280,.T.);
#3280 = EDGE_CURVE('',#2711,#3281,#3283,.T.);
#3281 = VERTEX_POINT('',#3282);
#3282 = CARTESIAN_POINT('',(21.25,-78.6,-1.));
#3283 = CIRCLE('',#3284,1.);
#3284 = AXIS2_PLACEMENT_3D('',#3285,#3286,#3287);
#3285 = CARTESIAN_POINT('',(21.25,-79.6,-1.));
#3286 = DIRECTION('',(0.,0.,-1.));
#3287 = DIRECTION('',(-1.,0.,0.));
#3288 = ORIENTED_EDGE('',*,*,#3289,.F.);
#3289 = EDGE_CURVE('',#3290,#3281,#3292,.T.);
#3290 = VERTEX_POINT('',#3291);
#3291 = CARTESIAN_POINT('',(21.25,-78.6,-0.5));
#3292 = LINE('',#3293,#3294);
#3293 = CARTESIAN_POINT('',(21.25,-78.6,0.));
#3294 = VECTOR('',#3295,1.);
#3295 = DIRECTION('',(0.,0.,-1.));
#3296 = ORIENTED_EDGE('',*,*,#3297,.F.);
#3297 = EDGE_CURVE('',#3258,#3290,#3298,.T.);
#3298 = LINE('',#3299,#3300);
#3299 = CARTESIAN_POINT('',(29.0625,-78.6,-0.5));
#3300 = VECTOR('',#3301,1.);
#3301 = DIRECTION('',(-1.,0.,0.));
#3302 = ORIENTED_EDGE('',*,*,#3257,.T.);
#3303 = ORIENTED_EDGE('',*,*,#1682,.T.);
#3304 = CYLINDRICAL_SURFACE('',#3305,1.);
#3305 = AXIS2_PLACEMENT_3D('',#3306,#3307,#3308);
#3306 = CARTESIAN_POINT('',(21.25,-79.6,-1.));
#3307 = DIRECTION('',(-0.,-0.,-1.));
#3308 = DIRECTION('',(1.,0.,0.));
#3309 = ADVANCED_FACE('',(#3310),#3431,.F.);
#3310 = FACE_BOUND('',#3311,.T.);
#3311 = EDGE_LOOP('',(#3312,#3320,#3329,#3337,#3346,#3354,#3363,#3371,
    #3380,#3388,#3397,#3405,#3414,#3422,#3429,#3430));
#3312 = ORIENTED_EDGE('',*,*,#3313,.F.);
#3313 = EDGE_CURVE('',#3314,#1698,#3316,.T.);
#3314 = VERTEX_POINT('',#3315);
#3315 = CARTESIAN_POINT('',(54.93,-75.1,-1.));
#3316 = LINE('',#3317,#3318);
#3317 = CARTESIAN_POINT('',(54.93,-75.1,-1.));
#3318 = VECTOR('',#3319,1.);
#3319 = DIRECTION('',(0.,0.,1.));
#3320 = ORIENTED_EDGE('',*,*,#3321,.F.);
#3321 = EDGE_CURVE('',#3322,#3314,#3324,.T.);
#3322 = VERTEX_POINT('',#3323);
#3323 = CARTESIAN_POINT('',(54.864087403958,-75.8,-1.));
#3324 = CIRCLE('',#3325,3.75);
#3325 = AXIS2_PLACEMENT_3D('',#3326,#3327,#3328);
#3326 = CARTESIAN_POINT('',(51.18,-75.1,-1.));
#3327 = DIRECTION('',(0.,0.,1.));
#3328 = DIRECTION('',(1.,0.,0.));
#3329 = ORIENTED_EDGE('',*,*,#3330,.T.);
#3330 = EDGE_CURVE('',#3322,#3331,#3333,.T.);
#3331 = VERTEX_POINT('',#3332);
#3332 = CARTESIAN_POINT('',(54.864087403958,-75.8,-4.));
#3333 = LINE('',#3334,#3335);
#3334 = CARTESIAN_POINT('',(54.864087403958,-75.8,-1.));
#3335 = VECTOR('',#3336,1.);
#3336 = DIRECTION('',(-0.,-0.,-1.));
#3337 = ORIENTED_EDGE('',*,*,#3338,.F.);
#3338 = EDGE_CURVE('',#3339,#3331,#3341,.T.);
#3339 = VERTEX_POINT('',#3340);
#3340 = CARTESIAN_POINT('',(47.495912596042,-75.8,-4.));
#3341 = CIRCLE('',#3342,3.75);
#3342 = AXIS2_PLACEMENT_3D('',#3343,#3344,#3345);
#3343 = CARTESIAN_POINT('',(51.18,-75.1,-4.));
#3344 = DIRECTION('',(0.,0.,1.));
#3345 = DIRECTION('',(1.,0.,0.));
#3346 = ORIENTED_EDGE('',*,*,#3347,.T.);
#3347 = EDGE_CURVE('',#3339,#3348,#3350,.T.);
#3348 = VERTEX_POINT('',#3349);
#3349 = CARTESIAN_POINT('',(47.495912596042,-75.8,-1.));
#3350 = LINE('',#3351,#3352);
#3351 = CARTESIAN_POINT('',(47.495912596042,-75.8,-5.));
#3352 = VECTOR('',#3353,1.);
#3353 = DIRECTION('',(0.,0.,1.));
#3354 = ORIENTED_EDGE('',*,*,#3355,.T.);
#3355 = EDGE_CURVE('',#3348,#3356,#3358,.T.);
#3356 = VERTEX_POINT('',#3357);
#3357 = CARTESIAN_POINT('',(47.495912596042,-74.4,-1.));
#3358 = CIRCLE('',#3359,3.75);
#3359 = AXIS2_PLACEMENT_3D('',#3360,#3361,#3362);
#3360 = CARTESIAN_POINT('',(51.18,-75.1,-1.));
#3361 = DIRECTION('',(-0.,0.,-1.));
#3362 = DIRECTION('',(-0.982423307722,-0.186666666667,0.));
#3363 = ORIENTED_EDGE('',*,*,#3364,.T.);
#3364 = EDGE_CURVE('',#3356,#3365,#3367,.T.);
#3365 = VERTEX_POINT('',#3366);
#3366 = CARTESIAN_POINT('',(47.495912596042,-74.4,-4.));
#3367 = LINE('',#3368,#3369);
#3368 = CARTESIAN_POINT('',(47.495912596042,-74.4,-1.));
#3369 = VECTOR('',#3370,1.);
#3370 = DIRECTION('',(-0.,-0.,-1.));
#3371 = ORIENTED_EDGE('',*,*,#3372,.F.);
#3372 = EDGE_CURVE('',#3373,#3365,#3375,.T.);
#3373 = VERTEX_POINT('',#3374);
#3374 = CARTESIAN_POINT('',(47.946967367935,-73.2,-4.));
#3375 = CIRCLE('',#3376,3.75);
#3376 = AXIS2_PLACEMENT_3D('',#3377,#3378,#3379);
#3377 = CARTESIAN_POINT('',(51.18,-75.1,-4.));
#3378 = DIRECTION('',(0.,0.,1.));
#3379 = DIRECTION('',(1.,0.,0.));
#3380 = ORIENTED_EDGE('',*,*,#3381,.F.);
#3381 = EDGE_CURVE('',#3382,#3373,#3384,.T.);
#3382 = VERTEX_POINT('',#3383);
#3383 = CARTESIAN_POINT('',(47.946967367935,-73.2,-1.));
#3384 = LINE('',#3385,#3386);
#3385 = CARTESIAN_POINT('',(47.946967367935,-73.2,0.));
#3386 = VECTOR('',#3387,1.);
#3387 = DIRECTION('',(0.,0.,-1.));
#3388 = ORIENTED_EDGE('',*,*,#3389,.T.);
#3389 = EDGE_CURVE('',#3382,#3390,#3392,.T.);
#3390 = VERTEX_POINT('',#3391);
#3391 = CARTESIAN_POINT('',(53.,-71.82126548802,-1.));
#3392 = CIRCLE('',#3393,3.75);
#3393 = AXIS2_PLACEMENT_3D('',#3394,#3395,#3396);
#3394 = CARTESIAN_POINT('',(51.18,-75.1,-1.));
#3395 = DIRECTION('',(0.,0.,-1.));
#3396 = DIRECTION('',(1.,0.,0.));
#3397 = ORIENTED_EDGE('',*,*,#3398,.T.);
#3398 = EDGE_CURVE('',#3390,#3399,#3401,.T.);
#3399 = VERTEX_POINT('',#3400);
#3400 = CARTESIAN_POINT('',(53.,-71.82126548802,-4.));
#3401 = LINE('',#3402,#3403);
#3402 = CARTESIAN_POINT('',(53.,-71.82126548802,-1.));
#3403 = VECTOR('',#3404,1.);
#3404 = DIRECTION('',(-0.,-0.,-1.));
#3405 = ORIENTED_EDGE('',*,*,#3406,.F.);
#3406 = EDGE_CURVE('',#3407,#3399,#3409,.T.);
#3407 = VERTEX_POINT('',#3408);
#3408 = CARTESIAN_POINT('',(54.864087403958,-74.4,-4.));
#3409 = CIRCLE('',#3410,3.75);
#3410 = AXIS2_PLACEMENT_3D('',#3411,#3412,#3413);
#3411 = CARTESIAN_POINT('',(51.18,-75.1,-4.));
#3412 = DIRECTION('',(0.,0.,1.));
#3413 = DIRECTION('',(1.,0.,0.));
#3414 = ORIENTED_EDGE('',*,*,#3415,.F.);
#3415 = EDGE_CURVE('',#3416,#3407,#3418,.T.);
#3416 = VERTEX_POINT('',#3417);
#3417 = CARTESIAN_POINT('',(54.864087403958,-74.4,-1.));
#3418 = LINE('',#3419,#3420);
#3419 = CARTESIAN_POINT('',(54.864087403958,-74.4,-2.));
#3420 = VECTOR('',#3421,1.);
#3421 = DIRECTION('',(0.,0.,-1.));
#3422 = ORIENTED_EDGE('',*,*,#3423,.F.);
#3423 = EDGE_CURVE('',#3314,#3416,#3424,.T.);
#3424 = CIRCLE('',#3425,3.75);
#3425 = AXIS2_PLACEMENT_3D('',#3426,#3427,#3428);
#3426 = CARTESIAN_POINT('',(51.18,-75.1,-1.));
#3427 = DIRECTION('',(0.,0.,1.));
#3428 = DIRECTION('',(1.,0.,0.));
#3429 = ORIENTED_EDGE('',*,*,#3313,.T.);
#3430 = ORIENTED_EDGE('',*,*,#1697,.F.);
#3431 = CYLINDRICAL_SURFACE('',#3432,3.75);
#3432 = AXIS2_PLACEMENT_3D('',#3433,#3434,#3435);
#3433 = CARTESIAN_POINT('',(51.18,-75.1,-1.));
#3434 = DIRECTION('',(-0.,-0.,-1.));
#3435 = DIRECTION('',(1.,0.,0.));
#3436 = ADVANCED_FACE('',(#3437),#3465,.F.);
#3437 = FACE_BOUND('',#3438,.T.);
#3438 = EDGE_LOOP('',(#3439,#3447,#3456,#3463,#3464));
#3439 = ORIENTED_EDGE('',*,*,#3440,.F.);
#3440 = EDGE_CURVE('',#3441,#1724,#3443,.T.);
#3441 = VERTEX_POINT('',#3442);
#3442 = CARTESIAN_POINT('',(62.507691056122,-83.5,-0.492308943878));
#3443 = LINE('',#3444,#3445);
#3444 = CARTESIAN_POINT('',(62.507691056122,-83.5,-0.492308943878));
#3445 = VECTOR('',#3446,1.);
#3446 = DIRECTION('',(0.,0.,1.));
#3447 = ORIENTED_EDGE('',*,*,#3448,.T.);
#3448 = EDGE_CURVE('',#3441,#3449,#3451,.T.);
#3449 = VERTEX_POINT('',#3450);
#3450 = CARTESIAN_POINT('',(54.992308943878,-83.5,-0.492308943878));
#3451 = CIRCLE('',#3452,3.757691056122);
#3452 = AXIS2_PLACEMENT_3D('',#3453,#3454,#3455);
#3453 = CARTESIAN_POINT('',(58.75,-83.5,-0.492308943878));
#3454 = DIRECTION('',(0.,0.,-1.));
#3455 = DIRECTION('',(0.,1.,0.));
#3456 = ORIENTED_EDGE('',*,*,#3457,.T.);
#3457 = EDGE_CURVE('',#3449,#3441,#3458,.T.);
#3458 = CIRCLE('',#3459,3.757691056122);
#3459 = AXIS2_PLACEMENT_3D('',#3460,#3461,#3462);
#3460 = CARTESIAN_POINT('',(58.75,-83.5,-0.492308943878));
#3461 = DIRECTION('',(0.,0.,-1.));
#3462 = DIRECTION('',(0.,1.,0.));
#3463 = ORIENTED_EDGE('',*,*,#3440,.T.);
#3464 = ORIENTED_EDGE('',*,*,#1731,.F.);
#3465 = CYLINDRICAL_SURFACE('',#3466,3.757691056122);
#3466 = AXIS2_PLACEMENT_3D('',#3467,#3468,#3469);
#3467 = CARTESIAN_POINT('',(58.75,-83.5,-1.));
#3468 = DIRECTION('',(-0.,-0.,-1.));
#3469 = DIRECTION('',(1.,0.,0.));
#3470 = ADVANCED_FACE('',(#3471),#3558,.F.);
#3471 = FACE_BOUND('',#3472,.T.);
#3472 = EDGE_LOOP('',(#3473,#3481,#3490,#3498,#3507,#3515,#3524,#3532,
    #3541,#3549,#3556,#3557));
#3473 = ORIENTED_EDGE('',*,*,#3474,.F.);
#3474 = EDGE_CURVE('',#3475,#1749,#3477,.T.);
#3475 = VERTEX_POINT('',#3476);
#3476 = CARTESIAN_POINT('',(70.93,-75.1,-2.));
#3477 = LINE('',#3478,#3479);
#3478 = CARTESIAN_POINT('',(70.93,-75.1,-2.));
#3479 = VECTOR('',#3480,1.);
#3480 = DIRECTION('',(0.,0.,1.));
#3481 = ORIENTED_EDGE('',*,*,#3482,.F.);
#3482 = EDGE_CURVE('',#3483,#3475,#3485,.T.);
#3483 = VERTEX_POINT('',#3484);
#3484 = CARTESIAN_POINT('',(70.864087403958,-75.8,-2.));
#3485 = CIRCLE('',#3486,3.75);
#3486 = AXIS2_PLACEMENT_3D('',#3487,#3488,#3489);
#3487 = CARTESIAN_POINT('',(67.18,-75.1,-2.));
#3488 = DIRECTION('',(0.,0.,1.));
#3489 = DIRECTION('',(1.,0.,0.));
#3490 = ORIENTED_EDGE('',*,*,#3491,.T.);
#3491 = EDGE_CURVE('',#3483,#3492,#3494,.T.);
#3492 = VERTEX_POINT('',#3493);
#3493 = CARTESIAN_POINT('',(70.864087403958,-75.8,-4.));
#3494 = LINE('',#3495,#3496);
#3495 = CARTESIAN_POINT('',(70.864087403958,-75.8,-2.));
#3496 = VECTOR('',#3497,1.);
#3497 = DIRECTION('',(0.,0.,-1.));
#3498 = ORIENTED_EDGE('',*,*,#3499,.F.);
#3499 = EDGE_CURVE('',#3500,#3492,#3502,.T.);
#3500 = VERTEX_POINT('',#3501);
#3501 = CARTESIAN_POINT('',(63.495912596042,-75.8,-4.));
#3502 = CIRCLE('',#3503,3.75);
#3503 = AXIS2_PLACEMENT_3D('',#3504,#3505,#3506);
#3504 = CARTESIAN_POINT('',(67.18,-75.1,-4.));
#3505 = DIRECTION('',(0.,0.,1.));
#3506 = DIRECTION('',(1.,0.,0.));
#3507 = ORIENTED_EDGE('',*,*,#3508,.F.);
#3508 = EDGE_CURVE('',#3509,#3500,#3511,.T.);
#3509 = VERTEX_POINT('',#3510);
#3510 = CARTESIAN_POINT('',(63.495912596042,-75.8,-1.));
#3511 = LINE('',#3512,#3513);
#3512 = CARTESIAN_POINT('',(63.495912596042,-75.8,-2.));
#3513 = VECTOR('',#3514,1.);
#3514 = DIRECTION('',(0.,0.,-1.));
#3515 = ORIENTED_EDGE('',*,*,#3516,.F.);
#3516 = EDGE_CURVE('',#3517,#3509,#3519,.T.);
#3517 = VERTEX_POINT('',#3518);
#3518 = CARTESIAN_POINT('',(63.495912596042,-74.4,-1.));
#3519 = CIRCLE('',#3520,3.75);
#3520 = AXIS2_PLACEMENT_3D('',#3521,#3522,#3523);
#3521 = CARTESIAN_POINT('',(67.18,-75.1,-1.));
#3522 = DIRECTION('',(0.,0.,1.));
#3523 = DIRECTION('',(-0.982423307722,0.186666666667,0.));
#3524 = ORIENTED_EDGE('',*,*,#3525,.T.);
#3525 = EDGE_CURVE('',#3517,#3526,#3528,.T.);
#3526 = VERTEX_POINT('',#3527);
#3527 = CARTESIAN_POINT('',(63.495912596042,-74.4,-4.));
#3528 = LINE('',#3529,#3530);
#3529 = CARTESIAN_POINT('',(63.495912596042,-74.4,-1.));
#3530 = VECTOR('',#3531,1.);
#3531 = DIRECTION('',(-0.,-0.,-1.));
#3532 = ORIENTED_EDGE('',*,*,#3533,.F.);
#3533 = EDGE_CURVE('',#3534,#3526,#3536,.T.);
#3534 = VERTEX_POINT('',#3535);
#3535 = CARTESIAN_POINT('',(70.864087403958,-74.4,-4.));
#3536 = CIRCLE('',#3537,3.75);
#3537 = AXIS2_PLACEMENT_3D('',#3538,#3539,#3540);
#3538 = CARTESIAN_POINT('',(67.18,-75.1,-4.));
#3539 = DIRECTION('',(0.,0.,1.));
#3540 = DIRECTION('',(1.,0.,0.));
#3541 = ORIENTED_EDGE('',*,*,#3542,.F.);
#3542 = EDGE_CURVE('',#3543,#3534,#3545,.T.);
#3543 = VERTEX_POINT('',#3544);
#3544 = CARTESIAN_POINT('',(70.864087403958,-74.4,-2.));
#3545 = LINE('',#3546,#3547);
#3546 = CARTESIAN_POINT('',(70.864087403958,-74.4,-2.));
#3547 = VECTOR('',#3548,1.);
#3548 = DIRECTION('',(0.,0.,-1.));
#3549 = ORIENTED_EDGE('',*,*,#3550,.F.);
#3550 = EDGE_CURVE('',#3475,#3543,#3551,.T.);
#3551 = CIRCLE('',#3552,3.75);
#3552 = AXIS2_PLACEMENT_3D('',#3553,#3554,#3555);
#3553 = CARTESIAN_POINT('',(67.18,-75.1,-2.));
#3554 = DIRECTION('',(0.,0.,1.));
#3555 = DIRECTION('',(1.,0.,0.));
#3556 = ORIENTED_EDGE('',*,*,#3474,.T.);
#3557 = ORIENTED_EDGE('',*,*,#1756,.F.);
#3558 = CYLINDRICAL_SURFACE('',#3559,3.75);
#3559 = AXIS2_PLACEMENT_3D('',#3560,#3561,#3562);
#3560 = CARTESIAN_POINT('',(67.18,-75.1,-1.));
#3561 = DIRECTION('',(-0.,-0.,-1.));
#3562 = DIRECTION('',(1.,0.,0.));
#3563 = ADVANCED_FACE('',(#3564),#3651,.F.);
#3564 = FACE_BOUND('',#3565,.T.);
#3565 = EDGE_LOOP('',(#3566,#3574,#3583,#3591,#3600,#3608,#3617,#3625,
    #3634,#3642,#3649,#3650));
#3566 = ORIENTED_EDGE('',*,*,#3567,.F.);
#3567 = EDGE_CURVE('',#3568,#1773,#3570,.T.);
#3568 = VERTEX_POINT('',#3569);
#3569 = CARTESIAN_POINT('',(62.5,-67.5,-1.));
#3570 = LINE('',#3571,#3572);
#3571 = CARTESIAN_POINT('',(62.5,-67.5,-1.));
#3572 = VECTOR('',#3573,1.);
#3573 = DIRECTION('',(0.,0.,1.));
#3574 = ORIENTED_EDGE('',*,*,#3575,.F.);
#3575 = EDGE_CURVE('',#3576,#3568,#3578,.T.);
#3576 = VERTEX_POINT('',#3577);
#3577 = CARTESIAN_POINT('',(62.434087403958,-68.2,-1.));
#3578 = CIRCLE('',#3579,3.75);
#3579 = AXIS2_PLACEMENT_3D('',#3580,#3581,#3582);
#3580 = CARTESIAN_POINT('',(58.75,-67.5,-1.));
#3581 = DIRECTION('',(0.,0.,1.));
#3582 = DIRECTION('',(1.,0.,0.));
#3583 = ORIENTED_EDGE('',*,*,#3584,.T.);
#3584 = EDGE_CURVE('',#3576,#3585,#3587,.T.);
#3585 = VERTEX_POINT('',#3586);
#3586 = CARTESIAN_POINT('',(62.434087403958,-68.2,-4.));
#3587 = LINE('',#3588,#3589);
#3588 = CARTESIAN_POINT('',(62.434087403958,-68.2,-1.));
#3589 = VECTOR('',#3590,1.);
#3590 = DIRECTION('',(-0.,-0.,-1.));
#3591 = ORIENTED_EDGE('',*,*,#3592,.F.);
#3592 = EDGE_CURVE('',#3593,#3585,#3595,.T.);
#3593 = VERTEX_POINT('',#3594);
#3594 = CARTESIAN_POINT('',(55.065912596042,-68.2,-4.));
#3595 = CIRCLE('',#3596,3.75);
#3596 = AXIS2_PLACEMENT_3D('',#3597,#3598,#3599);
#3597 = CARTESIAN_POINT('',(58.75,-67.5,-4.));
#3598 = DIRECTION('',(0.,0.,1.));
#3599 = DIRECTION('',(1.,0.,0.));
#3600 = ORIENTED_EDGE('',*,*,#3601,.F.);
#3601 = EDGE_CURVE('',#3602,#3593,#3604,.T.);
#3602 = VERTEX_POINT('',#3603);
#3603 = CARTESIAN_POINT('',(55.065912596042,-68.2,-1.));
#3604 = LINE('',#3605,#3606);
#3605 = CARTESIAN_POINT('',(55.065912596042,-68.2,-2.));
#3606 = VECTOR('',#3607,1.);
#3607 = DIRECTION('',(0.,0.,-1.));
#3608 = ORIENTED_EDGE('',*,*,#3609,.T.);
#3609 = EDGE_CURVE('',#3602,#3610,#3612,.T.);
#3610 = VERTEX_POINT('',#3611);
#3611 = CARTESIAN_POINT('',(55.065912596042,-66.8,-1.));
#3612 = CIRCLE('',#3613,3.75);
#3613 = AXIS2_PLACEMENT_3D('',#3614,#3615,#3616);
#3614 = CARTESIAN_POINT('',(58.75,-67.5,-1.));
#3615 = DIRECTION('',(-0.,0.,-1.));
#3616 = DIRECTION('',(-0.982423307722,-0.186666666667,0.));
#3617 = ORIENTED_EDGE('',*,*,#3618,.T.);
#3618 = EDGE_CURVE('',#3610,#3619,#3621,.T.);
#3619 = VERTEX_POINT('',#3620);
#3620 = CARTESIAN_POINT('',(55.065912596042,-66.8,-4.));
#3621 = LINE('',#3622,#3623);
#3622 = CARTESIAN_POINT('',(55.065912596042,-66.8,-1.));
#3623 = VECTOR('',#3624,1.);
#3624 = DIRECTION('',(-0.,-0.,-1.));
#3625 = ORIENTED_EDGE('',*,*,#3626,.F.);
#3626 = EDGE_CURVE('',#3627,#3619,#3629,.T.);
#3627 = VERTEX_POINT('',#3628);
#3628 = CARTESIAN_POINT('',(62.434087403958,-66.8,-4.));
#3629 = CIRCLE('',#3630,3.75);
#3630 = AXIS2_PLACEMENT_3D('',#3631,#3632,#3633);
#3631 = CARTESIAN_POINT('',(58.75,-67.5,-4.));
#3632 = DIRECTION('',(0.,0.,1.));
#3633 = DIRECTION('',(1.,0.,0.));
#3634 = ORIENTED_EDGE('',*,*,#3635,.F.);
#3635 = EDGE_CURVE('',#3636,#3627,#3638,.T.);
#3636 = VERTEX_POINT('',#3637);
#3637 = CARTESIAN_POINT('',(62.434087403958,-66.8,-1.));
#3638 = LINE('',#3639,#3640);
#3639 = CARTESIAN_POINT('',(62.434087403958,-66.8,-2.));
#3640 = VECTOR('',#3641,1.);
#3641 = DIRECTION('',(0.,0.,-1.));
#3642 = ORIENTED_EDGE('',*,*,#3643,.F.);
#3643 = EDGE_CURVE('',#3568,#3636,#3644,.T.);
#3644 = CIRCLE('',#3645,3.75);
#3645 = AXIS2_PLACEMENT_3D('',#3646,#3647,#3648);
#3646 = CARTESIAN_POINT('',(58.75,-67.5,-1.));
#3647 = DIRECTION('',(0.,0.,1.));
#3648 = DIRECTION('',(1.,0.,0.));
#3649 = ORIENTED_EDGE('',*,*,#3567,.T.);
#3650 = ORIENTED_EDGE('',*,*,#1772,.F.);
#3651 = CYLINDRICAL_SURFACE('',#3652,3.75);
#3652 = AXIS2_PLACEMENT_3D('',#3653,#3654,#3655);
#3653 = CARTESIAN_POINT('',(58.75,-67.5,-1.));
#3654 = DIRECTION('',(-0.,-0.,-1.));
#3655 = DIRECTION('',(1.,0.,0.));
#3656 = ADVANCED_FACE('',(#3657),#3682,.T.);
#3657 = FACE_BOUND('',#3658,.T.);
#3658 = EDGE_LOOP('',(#3659,#3660,#3668,#3676));
#3659 = ORIENTED_EDGE('',*,*,#1814,.T.);
#3660 = ORIENTED_EDGE('',*,*,#3661,.T.);
#3661 = EDGE_CURVE('',#1807,#3662,#3664,.T.);
#3662 = VERTEX_POINT('',#3663);
#3663 = CARTESIAN_POINT('',(67.125,-7.65,0.));
#3664 = LINE('',#3665,#3666);
#3665 = CARTESIAN_POINT('',(67.125,-7.65,2.));
#3666 = VECTOR('',#3667,1.);
#3667 = DIRECTION('',(-0.,-0.,-1.));
#3668 = ORIENTED_EDGE('',*,*,#3669,.F.);
#3669 = EDGE_CURVE('',#3670,#3662,#3672,.T.);
#3670 = VERTEX_POINT('',#3671);
#3671 = CARTESIAN_POINT('',(67.125,-52.15,0.));
#3672 = LINE('',#3673,#3674);
#3673 = CARTESIAN_POINT('',(67.125,-42.45,0.));
#3674 = VECTOR('',#3675,1.);
#3675 = DIRECTION('',(0.,1.,0.));
#3676 = ORIENTED_EDGE('',*,*,#3677,.F.);
#3677 = EDGE_CURVE('',#1798,#3670,#3678,.T.);
#3678 = LINE('',#3679,#3680);
#3679 = CARTESIAN_POINT('',(67.125,-52.15,2.));
#3680 = VECTOR('',#3681,1.);
#3681 = DIRECTION('',(-0.,-0.,-1.));
#3682 = PLANE('',#3683);
#3683 = AXIS2_PLACEMENT_3D('',#3684,#3685,#3686);
#3684 = CARTESIAN_POINT('',(67.125,-29.9,1.5E-16));
#3685 = DIRECTION('',(-1.,-0.,-0.));
#3686 = DIRECTION('',(0.,0.,-1.));
#3687 = ADVANCED_FACE('',(#3688),#3706,.T.);
#3688 = FACE_BOUND('',#3689,.T.);
#3689 = EDGE_LOOP('',(#3690,#3691,#3692,#3700));
#3690 = ORIENTED_EDGE('',*,*,#1838,.T.);
#3691 = ORIENTED_EDGE('',*,*,#3677,.T.);
#3692 = ORIENTED_EDGE('',*,*,#3693,.F.);
#3693 = EDGE_CURVE('',#3694,#3670,#3696,.T.);
#3694 = VERTEX_POINT('',#3695);
#3695 = CARTESIAN_POINT('',(8.625,-52.15,0.));
#3696 = LINE('',#3697,#3698);
#3697 = CARTESIAN_POINT('',(21.8875,-52.15,0.));
#3698 = VECTOR('',#3699,1.);
#3699 = DIRECTION('',(1.,0.,0.));
#3700 = ORIENTED_EDGE('',*,*,#3701,.F.);
#3701 = EDGE_CURVE('',#1829,#3694,#3702,.T.);
#3702 = LINE('',#3703,#3704);
#3703 = CARTESIAN_POINT('',(8.625,-52.15,2.));
#3704 = VECTOR('',#3705,1.);
#3705 = DIRECTION('',(-0.,-0.,-1.));
#3706 = PLANE('',#3707);
#3707 = AXIS2_PLACEMENT_3D('',#3708,#3709,#3710);
#3708 = CARTESIAN_POINT('',(37.875,-52.15,0.));
#3709 = DIRECTION('',(0.,1.,3.46E-15));
#3710 = DIRECTION('',(0.,-3.46E-15,1.));
#3711 = ADVANCED_FACE('',(#3712),#3730,.T.);
#3712 = FACE_BOUND('',#3713,.T.);
#3713 = EDGE_LOOP('',(#3714,#3715,#3716,#3724));
#3714 = ORIENTED_EDGE('',*,*,#1862,.T.);
#3715 = ORIENTED_EDGE('',*,*,#3701,.T.);
#3716 = ORIENTED_EDGE('',*,*,#3717,.F.);
#3717 = EDGE_CURVE('',#3718,#3694,#3720,.T.);
#3718 = VERTEX_POINT('',#3719);
#3719 = CARTESIAN_POINT('',(8.625,-7.65,0.));
#3720 = LINE('',#3721,#3722);
#3721 = CARTESIAN_POINT('',(8.625,-42.45,0.));
#3722 = VECTOR('',#3723,1.);
#3723 = DIRECTION('',(0.,-1.,0.));
#3724 = ORIENTED_EDGE('',*,*,#3725,.F.);
#3725 = EDGE_CURVE('',#1853,#3718,#3726,.T.);
#3726 = LINE('',#3727,#3728);
#3727 = CARTESIAN_POINT('',(8.625,-7.65,0.));
#3728 = VECTOR('',#3729,1.);
#3729 = DIRECTION('',(0.,0.,-1.));
#3730 = PLANE('',#3731);
#3731 = AXIS2_PLACEMENT_3D('',#3732,#3733,#3734);
#3732 = CARTESIAN_POINT('',(8.625,-29.9,4.4E-16));
#3733 = DIRECTION('',(1.,0.,0.));
#3734 = DIRECTION('',(0.,0.,1.));
#3735 = ADVANCED_FACE('',(#3736),#3747,.T.);
#3736 = FACE_BOUND('',#3737,.T.);
#3737 = EDGE_LOOP('',(#3738,#3739,#3740,#3746));
#3738 = ORIENTED_EDGE('',*,*,#1879,.T.);
#3739 = ORIENTED_EDGE('',*,*,#3725,.T.);
#3740 = ORIENTED_EDGE('',*,*,#3741,.F.);
#3741 = EDGE_CURVE('',#3662,#3718,#3742,.T.);
#3742 = LINE('',#3743,#3744);
#3743 = CARTESIAN_POINT('',(21.8875,-7.65,0.));
#3744 = VECTOR('',#3745,1.);
#3745 = DIRECTION('',(-1.,0.,0.));
#3746 = ORIENTED_EDGE('',*,*,#3661,.F.);
#3747 = PLANE('',#3748);
#3748 = AXIS2_PLACEMENT_3D('',#3749,#3750,#3751);
#3749 = CARTESIAN_POINT('',(37.875,-7.65,0.));
#3750 = DIRECTION('',(-0.,-1.,-1.27E-15));
#3751 = DIRECTION('',(0.,1.27E-15,-1.));
#3752 = ADVANCED_FACE('',(#3753,#3823,#3833),#3843,.T.);
#3753 = FACE_BOUND('',#3754,.T.);
#3754 = EDGE_LOOP('',(#3755,#3766,#3774,#3783,#3791,#3800,#3808,#3817));
#3755 = ORIENTED_EDGE('',*,*,#3756,.F.);
#3756 = EDGE_CURVE('',#3757,#3759,#3761,.T.);
#3757 = VERTEX_POINT('',#3758);
#3758 = CARTESIAN_POINT('',(25.95,-88.95,-4.5));
#3759 = VERTEX_POINT('',#3760);
#3760 = CARTESIAN_POINT('',(23.45,-91.45,-4.5));
#3761 = CIRCLE('',#3762,2.5);
#3762 = AXIS2_PLACEMENT_3D('',#3763,#3764,#3765);
#3763 = CARTESIAN_POINT('',(25.95,-91.45,-4.5));
#3764 = DIRECTION('',(0.,0.,1.));
#3765 = DIRECTION('',(-0.707106781187,0.707106781187,0.));
#3766 = ORIENTED_EDGE('',*,*,#3767,.T.);
#3767 = EDGE_CURVE('',#3757,#3768,#3770,.T.);
#3768 = VERTEX_POINT('',#3769);
#3769 = CARTESIAN_POINT('',(43.05,-88.95,-4.5));
#3770 = LINE('',#3771,#3772);
#3771 = CARTESIAN_POINT('',(45.55,-88.95,-4.5));
#3772 = VECTOR('',#3773,1.);
#3773 = DIRECTION('',(1.,0.,0.));
#3774 = ORIENTED_EDGE('',*,*,#3775,.F.);
#3775 = EDGE_CURVE('',#3776,#3768,#3778,.T.);
#3776 = VERTEX_POINT('',#3777);
#3777 = CARTESIAN_POINT('',(45.55,-91.45,-4.5));
#3778 = CIRCLE('',#3779,2.5);
#3779 = AXIS2_PLACEMENT_3D('',#3780,#3781,#3782);
#3780 = CARTESIAN_POINT('',(43.05,-91.45,-4.5));
#3781 = DIRECTION('',(0.,-0.,1.));
#3782 = DIRECTION('',(0.707106781187,0.707106781187,0.));
#3783 = ORIENTED_EDGE('',*,*,#3784,.T.);
#3784 = EDGE_CURVE('',#3776,#3785,#3787,.T.);
#3785 = VERTEX_POINT('',#3786);
#3786 = CARTESIAN_POINT('',(45.55,-92.7,-4.5));
#3787 = LINE('',#3788,#3789);
#3788 = CARTESIAN_POINT('',(45.55,-95.2,-4.5));
#3789 = VECTOR('',#3790,1.);
#3790 = DIRECTION('',(0.,-1.,0.));
#3791 = ORIENTED_EDGE('',*,*,#3792,.F.);
#3792 = EDGE_CURVE('',#3793,#3785,#3795,.T.);
#3793 = VERTEX_POINT('',#3794);
#3794 = CARTESIAN_POINT('',(43.05,-95.2,-4.5));
#3795 = CIRCLE('',#3796,2.5);
#3796 = AXIS2_PLACEMENT_3D('',#3797,#3798,#3799);
#3797 = CARTESIAN_POINT('',(43.05,-92.7,-4.5));
#3798 = DIRECTION('',(-0.,0.,1.));
#3799 = DIRECTION('',(0.707106781187,-0.707106781187,0.));
#3800 = ORIENTED_EDGE('',*,*,#3801,.T.);
#3801 = EDGE_CURVE('',#3793,#3802,#3804,.T.);
#3802 = VERTEX_POINT('',#3803);
#3803 = CARTESIAN_POINT('',(25.95,-95.2,-4.5));
#3804 = LINE('',#3805,#3806);
#3805 = CARTESIAN_POINT('',(23.45,-95.2,-4.5));
#3806 = VECTOR('',#3807,1.);
#3807 = DIRECTION('',(-1.,0.,0.));
#3808 = ORIENTED_EDGE('',*,*,#3809,.F.);
#3809 = EDGE_CURVE('',#3810,#3802,#3812,.T.);
#3810 = VERTEX_POINT('',#3811);
#3811 = CARTESIAN_POINT('',(23.45,-92.7,-4.5));
#3812 = CIRCLE('',#3813,2.5);
#3813 = AXIS2_PLACEMENT_3D('',#3814,#3815,#3816);
#3814 = CARTESIAN_POINT('',(25.95,-92.7,-4.5));
#3815 = DIRECTION('',(0.,0.,1.));
#3816 = DIRECTION('',(-0.707106781187,-0.707106781187,0.));
#3817 = ORIENTED_EDGE('',*,*,#3818,.T.);
#3818 = EDGE_CURVE('',#3810,#3759,#3819,.T.);
#3819 = LINE('',#3820,#3821);
#3820 = CARTESIAN_POINT('',(23.45,-88.95,-4.5));
#3821 = VECTOR('',#3822,1.);
#3822 = DIRECTION('',(0.,1.,0.));
#3823 = FACE_BOUND('',#3824,.T.);
#3824 = EDGE_LOOP('',(#3825,#3826,#3827,#3828,#3829,#3830,#3831,#3832));
#3825 = ORIENTED_EDGE('',*,*,#2131,.T.);
#3826 = ORIENTED_EDGE('',*,*,#2177,.F.);
#3827 = ORIENTED_EDGE('',*,*,#2227,.T.);
#3828 = ORIENTED_EDGE('',*,*,#2270,.F.);
#3829 = ORIENTED_EDGE('',*,*,#2244,.T.);
#3830 = ORIENTED_EDGE('',*,*,#2204,.F.);
#3831 = ORIENTED_EDGE('',*,*,#2146,.T.);
#3832 = ORIENTED_EDGE('',*,*,#2097,.F.);
#3833 = FACE_BOUND('',#3834,.T.);
#3834 = EDGE_LOOP('',(#3835,#3836,#3837,#3838,#3839,#3840,#3841,#3842));
#3835 = ORIENTED_EDGE('',*,*,#1910,.T.);
#3836 = ORIENTED_EDGE('',*,*,#1957,.F.);
#3837 = ORIENTED_EDGE('',*,*,#2006,.T.);
#3838 = ORIENTED_EDGE('',*,*,#2057,.F.);
#3839 = ORIENTED_EDGE('',*,*,#2073,.T.);
#3840 = ORIENTED_EDGE('',*,*,#2032,.F.);
#3841 = ORIENTED_EDGE('',*,*,#1984,.T.);
#3842 = ORIENTED_EDGE('',*,*,#1925,.F.);
#3843 = PLANE('',#3844);
#3844 = AXIS2_PLACEMENT_3D('',#3845,#3846,#3847);
#3845 = CARTESIAN_POINT('',(34.5,-92.075,-4.5));
#3846 = DIRECTION('',(0.,0.,-1.));
#3847 = DIRECTION('',(-1.,0.,0.));
#3848 = ADVANCED_FACE('',(#3849),#3925,.T.);
#3849 = FACE_BOUND('',#3850,.T.);
#3850 = EDGE_LOOP('',(#3851,#3852,#3853,#3861,#3869,#3877,#3885,#3893,
    #3902,#3910,#3918,#3924));
#3851 = ORIENTED_EDGE('',*,*,#2684,.F.);
#3852 = ORIENTED_EDGE('',*,*,#2660,.T.);
#3853 = ORIENTED_EDGE('',*,*,#3854,.T.);
#3854 = EDGE_CURVE('',#2653,#3855,#3857,.T.);
#3855 = VERTEX_POINT('',#3856);
#3856 = CARTESIAN_POINT('',(76.75,-15.5,-7.));
#3857 = LINE('',#3858,#3859);
#3858 = CARTESIAN_POINT('',(75.75,-15.5,-7.));
#3859 = VECTOR('',#3860,1.);
#3860 = DIRECTION('',(-1.,0.,0.));
#3861 = ORIENTED_EDGE('',*,*,#3862,.T.);
#3862 = EDGE_CURVE('',#3855,#3863,#3865,.T.);
#3863 = VERTEX_POINT('',#3864);
#3864 = CARTESIAN_POINT('',(76.75,-12.5,-7.));
#3865 = LINE('',#3866,#3867);
#3866 = CARTESIAN_POINT('',(76.75,-9.625,-7.));
#3867 = VECTOR('',#3868,1.);
#3868 = DIRECTION('',(0.,1.,0.));
#3869 = ORIENTED_EDGE('',*,*,#3870,.T.);
#3870 = EDGE_CURVE('',#3863,#3871,#3873,.T.);
#3871 = VERTEX_POINT('',#3872);
#3872 = CARTESIAN_POINT('',(75.75,-12.5,-7.));
#3873 = LINE('',#3874,#3875);
#3874 = CARTESIAN_POINT('',(72.625,-12.5,-7.));
#3875 = VECTOR('',#3876,1.);
#3876 = DIRECTION('',(-1.,0.,0.));
#3877 = ORIENTED_EDGE('',*,*,#3878,.T.);
#3878 = EDGE_CURVE('',#3871,#3879,#3881,.T.);
#3879 = VERTEX_POINT('',#3880);
#3880 = CARTESIAN_POINT('',(75.75,-3.75,-7.));
#3881 = LINE('',#3882,#3883);
#3882 = CARTESIAN_POINT('',(75.75,4.44E-15,-7.));
#3883 = VECTOR('',#3884,1.);
#3884 = DIRECTION('',(0.,1.,0.));
#3885 = ORIENTED_EDGE('',*,*,#3886,.T.);
#3886 = EDGE_CURVE('',#3879,#3887,#3889,.T.);
#3887 = VERTEX_POINT('',#3888);
#3888 = CARTESIAN_POINT('',(72.120828693387,-3.75,-7.));
#3889 = LINE('',#3890,#3891);
#3890 = CARTESIAN_POINT('',(76.75,-3.75,-7.));
#3891 = VECTOR('',#3892,1.);
#3892 = DIRECTION('',(-1.,-2.E-17,0.));
#3893 = ORIENTED_EDGE('',*,*,#3894,.F.);
#3894 = EDGE_CURVE('',#3895,#3887,#3897,.T.);
#3895 = VERTEX_POINT('',#3896);
#3896 = CARTESIAN_POINT('',(68.,-2.5,-7.));
#3897 = CIRCLE('',#3898,2.25);
#3898 = AXIS2_PLACEMENT_3D('',#3899,#3900,#3901);
#3899 = CARTESIAN_POINT('',(70.25,-2.5,-7.));
#3900 = DIRECTION('',(0.,0.,-1.));
#3901 = DIRECTION('',(1.,0.,0.));
#3902 = ORIENTED_EDGE('',*,*,#3903,.T.);
#3903 = EDGE_CURVE('',#3895,#3904,#3906,.T.);
#3904 = VERTEX_POINT('',#3905);
#3905 = CARTESIAN_POINT('',(68.,4.E-15,-7.));
#3906 = LINE('',#3907,#3908);
#3907 = CARTESIAN_POINT('',(68.,-2.5,-7.));
#3908 = VECTOR('',#3909,1.);
#3909 = DIRECTION('',(0.,1.,0.));
#3910 = ORIENTED_EDGE('',*,*,#3911,.T.);
#3911 = EDGE_CURVE('',#3904,#3912,#3914,.T.);
#3912 = VERTEX_POINT('',#3913);
#3913 = CARTESIAN_POINT('',(61.25,2.E-15,-7.));
#3914 = LINE('',#3915,#3916);
#3915 = CARTESIAN_POINT('',(0.,0.,-7.));
#3916 = VECTOR('',#3917,1.);
#3917 = DIRECTION('',(-1.,-6.E-17,0.));
#3918 = ORIENTED_EDGE('',*,*,#3919,.T.);
#3919 = EDGE_CURVE('',#3912,#2294,#3920,.T.);
#3920 = LINE('',#3921,#3922);
#3921 = CARTESIAN_POINT('',(61.25,3.28E-15,-7.));
#3922 = VECTOR('',#3923,1.);
#3923 = DIRECTION('',(0.,1.,0.));
#3924 = ORIENTED_EDGE('',*,*,#2293,.T.);
#3925 = PLANE('',#3926);
#3926 = AXIS2_PLACEMENT_3D('',#3927,#3928,#3929);
#3927 = CARTESIAN_POINT('',(69.5,-6.75,-7.));
#3928 = DIRECTION('',(0.,0.,-1.));
#3929 = DIRECTION('',(-1.,0.,0.));
#3930 = ADVANCED_FACE('',(#3931),#3949,.T.);
#3931 = FACE_BOUND('',#3932,.T.);
#3932 = EDGE_LOOP('',(#3933,#3941,#3942,#3943));
#3933 = ORIENTED_EDGE('',*,*,#3934,.F.);
#3934 = EDGE_CURVE('',#2302,#3935,#3937,.T.);
#3935 = VERTEX_POINT('',#3936);
#3936 = CARTESIAN_POINT('',(61.25,3.E-15,-6.25));
#3937 = LINE('',#3938,#3939);
#3938 = CARTESIAN_POINT('',(61.25,0.5,-6.25));
#3939 = VECTOR('',#3940,1.);
#3940 = DIRECTION('',(0.,-1.,0.));
#3941 = ORIENTED_EDGE('',*,*,#2301,.T.);
#3942 = ORIENTED_EDGE('',*,*,#3919,.F.);
#3943 = ORIENTED_EDGE('',*,*,#3944,.F.);
#3944 = EDGE_CURVE('',#3935,#3912,#3945,.T.);
#3945 = LINE('',#3946,#3947);
#3946 = CARTESIAN_POINT('',(61.25,3.28E-15,0.));
#3947 = VECTOR('',#3948,1.);
#3948 = DIRECTION('',(0.,0.,-1.));
#3949 = PLANE('',#3950);
#3950 = AXIS2_PLACEMENT_3D('',#3951,#3952,#3953);
#3951 = CARTESIAN_POINT('',(61.25,3.28E-15,0.));
#3952 = DIRECTION('',(-1.,0.,0.));
#3953 = DIRECTION('',(0.,1.,0.));
#3954 = ADVANCED_FACE('',(#3955),#4191,.T.);
#3955 = FACE_BOUND('',#3956,.T.);
#3956 = EDGE_LOOP('',(#3957,#3958,#3964,#3965,#3966,#3967,#3968,#3976,
    #3984,#3992,#4001,#4010,#4018,#4026,#4034,#4042,#4051,#4060,#4068,
    #4076,#4084,#4093,#4102,#4110,#4118,#4126,#4135,#4143,#4151,#4159,
    #4168,#4176,#4184,#4190));
#3957 = ORIENTED_EDGE('',*,*,#2532,.F.);
#3958 = ORIENTED_EDGE('',*,*,#3959,.T.);
#3959 = EDGE_CURVE('',#2533,#2474,#3960,.T.);
#3960 = LINE('',#3961,#3962);
#3961 = CARTESIAN_POINT('',(77.75,-108.,-7.));
#3962 = VECTOR('',#3963,1.);
#3963 = DIRECTION('',(-1.,0.,0.));
#3964 = ORIENTED_EDGE('',*,*,#2481,.F.);
#3965 = ORIENTED_EDGE('',*,*,#2442,.T.);
#3966 = ORIENTED_EDGE('',*,*,#2424,.F.);
#3967 = ORIENTED_EDGE('',*,*,#2393,.T.);
#3968 = ORIENTED_EDGE('',*,*,#3969,.T.);
#3969 = EDGE_CURVE('',#2386,#3970,#3972,.T.);
#3970 = VERTEX_POINT('',#3971);
#3971 = CARTESIAN_POINT('',(38.75,0.,-7.));
#3972 = LINE('',#3973,#3974);
#3973 = CARTESIAN_POINT('',(38.75,2.,-7.));
#3974 = VECTOR('',#3975,1.);
#3975 = DIRECTION('',(0.,-1.,0.));
#3976 = ORIENTED_EDGE('',*,*,#3977,.T.);
#3977 = EDGE_CURVE('',#3970,#3978,#3980,.T.);
#3978 = VERTEX_POINT('',#3979);
#3979 = CARTESIAN_POINT('',(7.75,1.E-15,-7.));
#3980 = LINE('',#3981,#3982);
#3981 = CARTESIAN_POINT('',(0.,0.,-7.));
#3982 = VECTOR('',#3983,1.);
#3983 = DIRECTION('',(-1.,-6.E-17,0.));
#3984 = ORIENTED_EDGE('',*,*,#3985,.T.);
#3985 = EDGE_CURVE('',#3978,#3986,#3988,.T.);
#3986 = VERTEX_POINT('',#3987);
#3987 = CARTESIAN_POINT('',(7.75,-2.5,-7.));
#3988 = LINE('',#3989,#3990);
#3989 = CARTESIAN_POINT('',(7.75,-2.5,-7.));
#3990 = VECTOR('',#3991,1.);
#3991 = DIRECTION('',(0.,-1.,0.));
#3992 = ORIENTED_EDGE('',*,*,#3993,.F.);
#3993 = EDGE_CURVE('',#3994,#3986,#3996,.T.);
#3994 = VERTEX_POINT('',#3995);
#3995 = CARTESIAN_POINT('',(3.25,-2.5,-7.));
#3996 = CIRCLE('',#3997,2.25);
#3997 = AXIS2_PLACEMENT_3D('',#3998,#3999,#4000);
#3998 = CARTESIAN_POINT('',(5.5,-2.5,-7.));
#3999 = DIRECTION('',(0.,0.,-1.));
#4000 = DIRECTION('',(1.,0.,0.));
#4001 = ORIENTED_EDGE('',*,*,#4002,.F.);
#4002 = EDGE_CURVE('',#4003,#3994,#4005,.T.);
#4003 = VERTEX_POINT('',#4004);
#4004 = CARTESIAN_POINT('',(5.,-4.693741096848,-7.));
#4005 = CIRCLE('',#4006,2.25);
#4006 = AXIS2_PLACEMENT_3D('',#4007,#4008,#4009);
#4007 = CARTESIAN_POINT('',(5.5,-2.5,-7.));
#4008 = DIRECTION('',(0.,0.,-1.));
#4009 = DIRECTION('',(1.,0.,0.));
#4010 = ORIENTED_EDGE('',*,*,#4011,.T.);
#4011 = EDGE_CURVE('',#4003,#4012,#4014,.T.);
#4012 = VERTEX_POINT('',#4013);
#4013 = CARTESIAN_POINT('',(5.,-4.75,-7.));
#4014 = LINE('',#4015,#4016);
#4015 = CARTESIAN_POINT('',(5.,-3.75,-7.));
#4016 = VECTOR('',#4017,1.);
#4017 = DIRECTION('',(-6.E-17,-1.,0.));
#4018 = ORIENTED_EDGE('',*,*,#4019,.T.);
#4019 = EDGE_CURVE('',#4012,#4020,#4022,.T.);
#4020 = VERTEX_POINT('',#4021);
#4021 = CARTESIAN_POINT('',(0.,-4.75,-7.));
#4022 = LINE('',#4023,#4024);
#4023 = CARTESIAN_POINT('',(5.5,-4.75,-7.));
#4024 = VECTOR('',#4025,1.);
#4025 = DIRECTION('',(-1.,0.,0.));
#4026 = ORIENTED_EDGE('',*,*,#4027,.T.);
#4027 = EDGE_CURVE('',#4020,#4028,#4030,.T.);
#4028 = VERTEX_POINT('',#4029);
#4029 = CARTESIAN_POINT('',(0.,-62.95,-7.));
#4030 = LINE('',#4031,#4032);
#4031 = CARTESIAN_POINT('',(0.,-106.,-7.));
#4032 = VECTOR('',#4033,1.);
#4033 = DIRECTION('',(0.,-1.,0.));
#4034 = ORIENTED_EDGE('',*,*,#4035,.T.);
#4035 = EDGE_CURVE('',#4028,#4036,#4038,.T.);
#4036 = VERTEX_POINT('',#4037);
#4037 = CARTESIAN_POINT('',(4.75,-62.95,-7.));
#4038 = LINE('',#4039,#4040);
#4039 = CARTESIAN_POINT('',(4.75,-62.95,-7.));
#4040 = VECTOR('',#4041,1.);
#4041 = DIRECTION('',(1.,0.,0.));
#4042 = ORIENTED_EDGE('',*,*,#4043,.F.);
#4043 = EDGE_CURVE('',#4044,#4036,#4046,.T.);
#4044 = VERTEX_POINT('',#4045);
#4045 = CARTESIAN_POINT('',(2.5,-65.2,-7.));
#4046 = CIRCLE('',#4047,2.25);
#4047 = AXIS2_PLACEMENT_3D('',#4048,#4049,#4050);
#4048 = CARTESIAN_POINT('',(4.75,-65.2,-7.));
#4049 = DIRECTION('',(0.,0.,-1.));
#4050 = DIRECTION('',(1.,0.,0.));
#4051 = ORIENTED_EDGE('',*,*,#4052,.F.);
#4052 = EDGE_CURVE('',#4053,#4044,#4055,.T.);
#4053 = VERTEX_POINT('',#4054);
#4054 = CARTESIAN_POINT('',(4.75,-67.45,-7.));
#4055 = CIRCLE('',#4056,2.25);
#4056 = AXIS2_PLACEMENT_3D('',#4057,#4058,#4059);
#4057 = CARTESIAN_POINT('',(4.75,-65.2,-7.));
#4058 = DIRECTION('',(0.,0.,-1.));
#4059 = DIRECTION('',(1.,0.,0.));
#4060 = ORIENTED_EDGE('',*,*,#4061,.T.);
#4061 = EDGE_CURVE('',#4053,#4062,#4064,.T.);
#4062 = VERTEX_POINT('',#4063);
#4063 = CARTESIAN_POINT('',(0.,-67.45,-7.));
#4064 = LINE('',#4065,#4066);
#4065 = CARTESIAN_POINT('',(4.75,-67.45,-7.));
#4066 = VECTOR('',#4067,1.);
#4067 = DIRECTION('',(-1.,0.,0.));
#4068 = ORIENTED_EDGE('',*,*,#4069,.T.);
#4069 = EDGE_CURVE('',#4062,#4070,#4072,.T.);
#4070 = VERTEX_POINT('',#4071);
#4071 = CARTESIAN_POINT('',(0.,-100.,-7.));
#4072 = LINE('',#4073,#4074);
#4073 = CARTESIAN_POINT('',(0.,-106.,-7.));
#4074 = VECTOR('',#4075,1.);
#4075 = DIRECTION('',(0.,-1.,0.));
#4076 = ORIENTED_EDGE('',*,*,#4077,.T.);
#4077 = EDGE_CURVE('',#4070,#4078,#4080,.T.);
#4078 = VERTEX_POINT('',#4079);
#4079 = CARTESIAN_POINT('',(6.,-100.,-7.));
#4080 = LINE('',#4081,#4082);
#4081 = CARTESIAN_POINT('',(6.,-100.,-7.));
#4082 = VECTOR('',#4083,1.);
#4083 = DIRECTION('',(1.,0.,0.));
#4084 = ORIENTED_EDGE('',*,*,#4085,.F.);
#4085 = EDGE_CURVE('',#4086,#4078,#4088,.T.);
#4086 = VERTEX_POINT('',#4087);
#4087 = CARTESIAN_POINT('',(3.5,-102.5,-7.));
#4088 = CIRCLE('',#4089,2.5);
#4089 = AXIS2_PLACEMENT_3D('',#4090,#4091,#4092);
#4090 = CARTESIAN_POINT('',(6.,-102.5,-7.));
#4091 = DIRECTION('',(0.,0.,-1.));
#4092 = DIRECTION('',(1.,0.,0.));
#4093 = ORIENTED_EDGE('',*,*,#4094,.F.);
#4094 = EDGE_CURVE('',#4095,#4086,#4097,.T.);
#4095 = VERTEX_POINT('',#4096);
#4096 = CARTESIAN_POINT('',(8.5,-102.5,-7.));
#4097 = CIRCLE('',#4098,2.5);
#4098 = AXIS2_PLACEMENT_3D('',#4099,#4100,#4101);
#4099 = CARTESIAN_POINT('',(6.,-102.5,-7.));
#4100 = DIRECTION('',(0.,0.,-1.));
#4101 = DIRECTION('',(1.,0.,0.));
#4102 = ORIENTED_EDGE('',*,*,#4103,.T.);
#4103 = EDGE_CURVE('',#4095,#4104,#4106,.T.);
#4104 = VERTEX_POINT('',#4105);
#4105 = CARTESIAN_POINT('',(8.5,-106.,-7.));
#4106 = LINE('',#4107,#4108);
#4107 = CARTESIAN_POINT('',(8.5,-102.5,-7.));
#4108 = VECTOR('',#4109,1.);
#4109 = DIRECTION('',(0.,-1.,0.));
#4110 = ORIENTED_EDGE('',*,*,#4111,.T.);
#4111 = EDGE_CURVE('',#4104,#4112,#4114,.T.);
#4112 = VERTEX_POINT('',#4113);
#4113 = CARTESIAN_POINT('',(67.25,-106.,-7.));
#4114 = LINE('',#4115,#4116);
#4115 = CARTESIAN_POINT('',(75.75,-106.,-7.));
#4116 = VECTOR('',#4117,1.);
#4117 = DIRECTION('',(1.,0.,0.));
#4118 = ORIENTED_EDGE('',*,*,#4119,.T.);
#4119 = EDGE_CURVE('',#4112,#4120,#4122,.T.);
#4120 = VERTEX_POINT('',#4121);
#4121 = CARTESIAN_POINT('',(67.25,-102.5,-7.));
#4122 = LINE('',#4123,#4124);
#4123 = CARTESIAN_POINT('',(67.25,-102.5,-7.));
#4124 = VECTOR('',#4125,1.);
#4125 = DIRECTION('',(0.,1.,0.));
#4126 = ORIENTED_EDGE('',*,*,#4127,.F.);
#4127 = EDGE_CURVE('',#4128,#4120,#4130,.T.);
#4128 = VERTEX_POINT('',#4129);
#4129 = CARTESIAN_POINT('',(69.75,-100.,-7.));
#4130 = CIRCLE('',#4131,2.5);
#4131 = AXIS2_PLACEMENT_3D('',#4132,#4133,#4134);
#4132 = CARTESIAN_POINT('',(69.75,-102.5,-7.));
#4133 = DIRECTION('',(0.,0.,-1.));
#4134 = DIRECTION('',(1.,0.,0.));
#4135 = ORIENTED_EDGE('',*,*,#4136,.T.);
#4136 = EDGE_CURVE('',#4128,#4137,#4139,.T.);
#4137 = VERTEX_POINT('',#4138);
#4138 = CARTESIAN_POINT('',(75.75,-100.,-7.));
#4139 = LINE('',#4140,#4141);
#4140 = CARTESIAN_POINT('',(69.75,-100.,-7.));
#4141 = VECTOR('',#4142,1.);
#4142 = DIRECTION('',(1.,0.,0.));
#4143 = ORIENTED_EDGE('',*,*,#4144,.T.);
#4144 = EDGE_CURVE('',#4137,#4145,#4147,.T.);
#4145 = VERTEX_POINT('',#4146);
#4146 = CARTESIAN_POINT('',(75.75,-67.45,-7.));
#4147 = LINE('',#4148,#4149);
#4148 = CARTESIAN_POINT('',(75.75,4.44E-15,-7.));
#4149 = VECTOR('',#4150,1.);
#4150 = DIRECTION('',(0.,1.,0.));
#4151 = ORIENTED_EDGE('',*,*,#4152,.T.);
#4152 = EDGE_CURVE('',#4145,#4153,#4155,.T.);
#4153 = VERTEX_POINT('',#4154);
#4154 = CARTESIAN_POINT('',(71.,-67.45,-7.));
#4155 = LINE('',#4156,#4157);
#4156 = CARTESIAN_POINT('',(71.,-67.45,-7.));
#4157 = VECTOR('',#4158,1.);
#4158 = DIRECTION('',(-1.,0.,0.));
#4159 = ORIENTED_EDGE('',*,*,#4160,.F.);
#4160 = EDGE_CURVE('',#4161,#4153,#4163,.T.);
#4161 = VERTEX_POINT('',#4162);
#4162 = CARTESIAN_POINT('',(71.,-62.95,-7.));
#4163 = CIRCLE('',#4164,2.25);
#4164 = AXIS2_PLACEMENT_3D('',#4165,#4166,#4167);
#4165 = CARTESIAN_POINT('',(71.,-65.2,-7.));
#4166 = DIRECTION('',(0.,0.,-1.));
#4167 = DIRECTION('',(1.,0.,0.));
#4168 = ORIENTED_EDGE('',*,*,#4169,.T.);
#4169 = EDGE_CURVE('',#4161,#4170,#4172,.T.);
#4170 = VERTEX_POINT('',#4171);
#4171 = CARTESIAN_POINT('',(75.75,-62.95,-7.));
#4172 = LINE('',#4173,#4174);
#4173 = CARTESIAN_POINT('',(71.,-62.95,-7.));
#4174 = VECTOR('',#4175,1.);
#4175 = DIRECTION('',(1.,0.,0.));
#4176 = ORIENTED_EDGE('',*,*,#4177,.T.);
#4177 = EDGE_CURVE('',#4170,#4178,#4180,.T.);
#4178 = VERTEX_POINT('',#4179);
#4179 = CARTESIAN_POINT('',(75.75,-60.7,-7.));
#4180 = LINE('',#4181,#4182);
#4181 = CARTESIAN_POINT('',(75.75,4.44E-15,-7.));
#4182 = VECTOR('',#4183,1.);
#4183 = DIRECTION('',(0.,1.,0.));
#4184 = ORIENTED_EDGE('',*,*,#4185,.T.);
#4185 = EDGE_CURVE('',#4178,#2565,#4186,.T.);
#4186 = LINE('',#4187,#4188);
#4187 = CARTESIAN_POINT('',(77.75,-60.7,-7.));
#4188 = VECTOR('',#4189,1.);
#4189 = DIRECTION('',(1.,0.,0.));
#4190 = ORIENTED_EDGE('',*,*,#2564,.T.);
#4191 = PLANE('',#4192);
#4192 = AXIS2_PLACEMENT_3D('',#4193,#4194,#4195);
#4193 = CARTESIAN_POINT('',(37.875,-53.,-7.));
#4194 = DIRECTION('',(0.,0.,-1.));
#4195 = DIRECTION('',(-1.,0.,0.));
#4196 = ADVANCED_FACE('',(#4197),#4216,.F.);
#4197 = FACE_BOUND('',#4198,.F.);
#4198 = EDGE_LOOP('',(#4199,#4200,#4201,#4209));
#4199 = ORIENTED_EDGE('',*,*,#3934,.F.);
#4200 = ORIENTED_EDGE('',*,*,#2309,.F.);
#4201 = ORIENTED_EDGE('',*,*,#4202,.F.);
#4202 = EDGE_CURVE('',#4203,#2310,#4205,.T.);
#4203 = VERTEX_POINT('',#4204);
#4204 = CARTESIAN_POINT('',(59.25,3.E-15,-4.25));
#4205 = LINE('',#4206,#4207);
#4206 = CARTESIAN_POINT('',(59.25,0.5,-4.25));
#4207 = VECTOR('',#4208,1.);
#4208 = DIRECTION('',(0.,1.,0.));
#4209 = ORIENTED_EDGE('',*,*,#4210,.F.);
#4210 = EDGE_CURVE('',#3935,#4203,#4211,.T.);
#4211 = CIRCLE('',#4212,2.);
#4212 = AXIS2_PLACEMENT_3D('',#4213,#4214,#4215);
#4213 = CARTESIAN_POINT('',(59.25,4.44E-15,-6.25));
#4214 = DIRECTION('',(6.E-17,-1.,0.));
#4215 = DIRECTION('',(0.707106781187,4.242640687119E-17,0.707106781187)
  );
#4216 = CYLINDRICAL_SURFACE('',#4217,2.);
#4217 = AXIS2_PLACEMENT_3D('',#4218,#4219,#4220);
#4218 = CARTESIAN_POINT('',(59.25,0.5,-6.25));
#4219 = DIRECTION('',(0.,1.,0.));
#4220 = DIRECTION('',(0.707106781187,0.,0.707106781187));
#4221 = ADVANCED_FACE('',(#4222),#4240,.T.);
#4222 = FACE_BOUND('',#4223,.T.);
#4223 = EDGE_LOOP('',(#4224,#4232,#4238,#4239));
#4224 = ORIENTED_EDGE('',*,*,#4225,.F.);
#4225 = EDGE_CURVE('',#4226,#2377,#4228,.T.);
#4226 = VERTEX_POINT('',#4227);
#4227 = CARTESIAN_POINT('',(38.75,2.E-15,-6.));
#4228 = LINE('',#4229,#4230);
#4229 = CARTESIAN_POINT('',(38.75,1.5,-6.));
#4230 = VECTOR('',#4231,1.);
#4231 = DIRECTION('',(0.,1.,0.));
#4232 = ORIENTED_EDGE('',*,*,#4233,.T.);
#4233 = EDGE_CURVE('',#4226,#3970,#4234,.T.);
#4234 = LINE('',#4235,#4236);
#4235 = CARTESIAN_POINT('',(38.75,2.22E-15,0.));
#4236 = VECTOR('',#4237,1.);
#4237 = DIRECTION('',(0.,0.,-1.));
#4238 = ORIENTED_EDGE('',*,*,#3969,.F.);
#4239 = ORIENTED_EDGE('',*,*,#2385,.F.);
#4240 = PLANE('',#4241);
#4241 = AXIS2_PLACEMENT_3D('',#4242,#4243,#4244);
#4242 = CARTESIAN_POINT('',(38.75,2.,0.));
#4243 = DIRECTION('',(1.,0.,0.));
#4244 = DIRECTION('',(0.,-1.,0.));
#4245 = ADVANCED_FACE('',(#4246),#4264,.T.);
#4246 = FACE_BOUND('',#4247,.T.);
#4247 = EDGE_LOOP('',(#4248,#4249,#4257,#4263));
#4248 = ORIENTED_EDGE('',*,*,#4202,.F.);
#4249 = ORIENTED_EDGE('',*,*,#4250,.T.);
#4250 = EDGE_CURVE('',#4203,#4251,#4253,.T.);
#4251 = VERTEX_POINT('',#4252);
#4252 = CARTESIAN_POINT('',(58.25,3.E-15,-4.25));
#4253 = LINE('',#4254,#4255);
#4254 = CARTESIAN_POINT('',(56.25,3.3E-15,-4.25));
#4255 = VECTOR('',#4256,1.);
#4256 = DIRECTION('',(-1.,0.,0.));
#4257 = ORIENTED_EDGE('',*,*,#4258,.F.);
#4258 = EDGE_CURVE('',#2319,#4251,#4259,.T.);
#4259 = LINE('',#4260,#4261);
#4260 = CARTESIAN_POINT('',(58.25,1.5,-4.25));
#4261 = VECTOR('',#4262,1.);
#4262 = DIRECTION('',(0.,-1.,0.));
#4263 = ORIENTED_EDGE('',*,*,#2318,.T.);
#4264 = PLANE('',#4265);
#4265 = AXIS2_PLACEMENT_3D('',#4266,#4267,#4268);
#4266 = CARTESIAN_POINT('',(58.75,1.,-4.25));
#4267 = DIRECTION('',(0.,0.,-1.));
#4268 = DIRECTION('',(-1.,0.,0.));
#4269 = ADVANCED_FACE('',(#4270),#4289,.F.);
#4270 = FACE_BOUND('',#4271,.F.);
#4271 = EDGE_LOOP('',(#4272,#4273,#4282,#4288));
#4272 = ORIENTED_EDGE('',*,*,#4225,.F.);
#4273 = ORIENTED_EDGE('',*,*,#4274,.F.);
#4274 = EDGE_CURVE('',#4275,#4226,#4277,.T.);
#4275 = VERTEX_POINT('',#4276);
#4276 = CARTESIAN_POINT('',(40.75,2.E-15,-4.));
#4277 = CIRCLE('',#4278,2.);
#4278 = AXIS2_PLACEMENT_3D('',#4279,#4280,#4281);
#4279 = CARTESIAN_POINT('',(40.75,3.33E-15,-6.));
#4280 = DIRECTION('',(6.E-17,-1.,0.));
#4281 = DIRECTION('',(-0.707106781187,-4.242640687119E-17,0.707106781187
    ));
#4282 = ORIENTED_EDGE('',*,*,#4283,.F.);
#4283 = EDGE_CURVE('',#2369,#4275,#4284,.T.);
#4284 = LINE('',#4285,#4286);
#4285 = CARTESIAN_POINT('',(40.75,1.5,-4.));
#4286 = VECTOR('',#4287,1.);
#4287 = DIRECTION('',(0.,-1.,0.));
#4288 = ORIENTED_EDGE('',*,*,#2376,.F.);
#4289 = CYLINDRICAL_SURFACE('',#4290,2.);
#4290 = AXIS2_PLACEMENT_3D('',#4291,#4292,#4293);
#4291 = CARTESIAN_POINT('',(40.75,1.5,-6.));
#4292 = DIRECTION('',(0.,-1.,0.));
#4293 = DIRECTION('',(-0.707106781187,0.,0.707106781187));
#4294 = ADVANCED_FACE('',(#4295),#4314,.F.);
#4295 = FACE_BOUND('',#4296,.F.);
#4296 = EDGE_LOOP('',(#4297,#4305,#4312,#4313));
#4297 = ORIENTED_EDGE('',*,*,#4298,.F.);
#4298 = EDGE_CURVE('',#4299,#2327,#4301,.T.);
#4299 = VERTEX_POINT('',#4300);
#4300 = CARTESIAN_POINT('',(56.25,3.E-15,-6.25));
#4301 = LINE('',#4302,#4303);
#4302 = CARTESIAN_POINT('',(56.25,1.5,-6.25));
#4303 = VECTOR('',#4304,1.);
#4304 = DIRECTION('',(0.,1.,0.));
#4305 = ORIENTED_EDGE('',*,*,#4306,.F.);
#4306 = EDGE_CURVE('',#4251,#4299,#4307,.T.);
#4307 = CIRCLE('',#4308,2.);
#4308 = AXIS2_PLACEMENT_3D('',#4309,#4310,#4311);
#4309 = CARTESIAN_POINT('',(58.25,4.44E-15,-6.25));
#4310 = DIRECTION('',(6.E-17,-1.,0.));
#4311 = DIRECTION('',(-0.707106781187,-4.242640687119E-17,0.707106781187
    ));
#4312 = ORIENTED_EDGE('',*,*,#4258,.F.);
#4313 = ORIENTED_EDGE('',*,*,#2326,.F.);
#4314 = CYLINDRICAL_SURFACE('',#4315,2.);
#4315 = AXIS2_PLACEMENT_3D('',#4316,#4317,#4318);
#4316 = CARTESIAN_POINT('',(58.25,1.5,-6.25));
#4317 = DIRECTION('',(0.,-1.,0.));
#4318 = DIRECTION('',(-0.707106781187,0.,0.707106781187));
#4319 = ADVANCED_FACE('',(#4320),#4338,.T.);
#4320 = FACE_BOUND('',#4321,.T.);
#4321 = EDGE_LOOP('',(#4322,#4330,#4336,#4337));
#4322 = ORIENTED_EDGE('',*,*,#4323,.F.);
#4323 = EDGE_CURVE('',#4324,#2360,#4326,.T.);
#4324 = VERTEX_POINT('',#4325);
#4325 = CARTESIAN_POINT('',(46.75,2.E-15,-4.));
#4326 = LINE('',#4327,#4328);
#4327 = CARTESIAN_POINT('',(46.75,0.5,-4.));
#4328 = VECTOR('',#4329,1.);
#4329 = DIRECTION('',(0.,1.,0.));
#4330 = ORIENTED_EDGE('',*,*,#4331,.T.);
#4331 = EDGE_CURVE('',#4324,#4275,#4332,.T.);
#4332 = LINE('',#4333,#4334);
#4333 = CARTESIAN_POINT('',(38.75,2.3E-15,-4.));
#4334 = VECTOR('',#4335,1.);
#4335 = DIRECTION('',(-1.,0.,0.));
#4336 = ORIENTED_EDGE('',*,*,#4283,.F.);
#4337 = ORIENTED_EDGE('',*,*,#2368,.T.);
#4338 = PLANE('',#4339);
#4339 = AXIS2_PLACEMENT_3D('',#4340,#4341,#4342);
#4340 = CARTESIAN_POINT('',(43.75,1.,-4.));
#4341 = DIRECTION('',(0.,0.,-1.));
#4342 = DIRECTION('',(-1.,0.,0.));
#4343 = ADVANCED_FACE('',(#4344),#4362,.T.);
#4344 = FACE_BOUND('',#4345,.T.);
#4345 = EDGE_LOOP('',(#4346,#4347,#4355,#4361));
#4346 = ORIENTED_EDGE('',*,*,#4298,.F.);
#4347 = ORIENTED_EDGE('',*,*,#4348,.T.);
#4348 = EDGE_CURVE('',#4299,#4349,#4351,.T.);
#4349 = VERTEX_POINT('',#4350);
#4350 = CARTESIAN_POINT('',(56.25,3.E-15,-7.));
#4351 = LINE('',#4352,#4353);
#4352 = CARTESIAN_POINT('',(56.25,3.33E-15,0.));
#4353 = VECTOR('',#4354,1.);
#4354 = DIRECTION('',(0.,0.,-1.));
#4355 = ORIENTED_EDGE('',*,*,#4356,.F.);
#4356 = EDGE_CURVE('',#2336,#4349,#4357,.T.);
#4357 = LINE('',#4358,#4359);
#4358 = CARTESIAN_POINT('',(56.25,2.,-7.));
#4359 = VECTOR('',#4360,1.);
#4360 = DIRECTION('',(0.,-1.,0.));
#4361 = ORIENTED_EDGE('',*,*,#2335,.F.);
#4362 = PLANE('',#4363);
#4363 = AXIS2_PLACEMENT_3D('',#4364,#4365,#4366);
#4364 = CARTESIAN_POINT('',(56.25,2.,0.));
#4365 = DIRECTION('',(1.,0.,0.));
#4366 = DIRECTION('',(0.,-1.,0.));
#4367 = ADVANCED_FACE('',(#4368),#4387,.F.);
#4368 = FACE_BOUND('',#4369,.F.);
#4369 = EDGE_LOOP('',(#4370,#4378,#4379,#4380));
#4370 = ORIENTED_EDGE('',*,*,#4371,.F.);
#4371 = EDGE_CURVE('',#2352,#4372,#4374,.T.);
#4372 = VERTEX_POINT('',#4373);
#4373 = CARTESIAN_POINT('',(48.75,2.E-15,-6.));
#4374 = LINE('',#4375,#4376);
#4375 = CARTESIAN_POINT('',(48.75,0.5,-6.));
#4376 = VECTOR('',#4377,1.);
#4377 = DIRECTION('',(0.,-1.,0.));
#4378 = ORIENTED_EDGE('',*,*,#2359,.F.);
#4379 = ORIENTED_EDGE('',*,*,#4323,.F.);
#4380 = ORIENTED_EDGE('',*,*,#4381,.F.);
#4381 = EDGE_CURVE('',#4372,#4324,#4382,.T.);
#4382 = CIRCLE('',#4383,2.);
#4383 = AXIS2_PLACEMENT_3D('',#4384,#4385,#4386);
#4384 = CARTESIAN_POINT('',(46.75,3.33E-15,-6.));
#4385 = DIRECTION('',(6.E-17,-1.,0.));
#4386 = DIRECTION('',(0.707106781187,4.242640687119E-17,0.707106781187)
  );
#4387 = CYLINDRICAL_SURFACE('',#4388,2.);
#4388 = AXIS2_PLACEMENT_3D('',#4389,#4390,#4391);
#4389 = CARTESIAN_POINT('',(46.75,0.5,-6.));
#4390 = DIRECTION('',(0.,1.,0.));
#4391 = DIRECTION('',(0.707106781187,0.,0.707106781187));
#4392 = ADVANCED_FACE('',(#4393),#4443,.T.);
#4393 = FACE_BOUND('',#4394,.T.);
#4394 = EDGE_LOOP('',(#4395,#4403,#4411,#4419,#4427,#4435,#4441,#4442));
#4395 = ORIENTED_EDGE('',*,*,#4396,.T.);
#4396 = EDGE_CURVE('',#4349,#4397,#4399,.T.);
#4397 = VERTEX_POINT('',#4398);
#4398 = CARTESIAN_POINT('',(54.25,3.E-15,-7.));
#4399 = LINE('',#4400,#4401);
#4400 = CARTESIAN_POINT('',(0.,0.,-7.));
#4401 = VECTOR('',#4402,1.);
#4402 = DIRECTION('',(-1.,-6.E-17,0.));
#4403 = ORIENTED_EDGE('',*,*,#4404,.T.);
#4404 = EDGE_CURVE('',#4397,#4405,#4407,.T.);
#4405 = VERTEX_POINT('',#4406);
#4406 = CARTESIAN_POINT('',(54.25,-4.75,-7.));
#4407 = LINE('',#4408,#4409);
#4408 = CARTESIAN_POINT('',(54.25,-7.,-7.));
#4409 = VECTOR('',#4410,1.);
#4410 = DIRECTION('',(0.,-1.,0.));
#4411 = ORIENTED_EDGE('',*,*,#4412,.T.);
#4412 = EDGE_CURVE('',#4405,#4413,#4415,.T.);
#4413 = VERTEX_POINT('',#4414);
#4414 = CARTESIAN_POINT('',(49.75,-4.75,-7.));
#4415 = LINE('',#4416,#4417);
#4416 = CARTESIAN_POINT('',(75.75,-4.75,-7.));
#4417 = VECTOR('',#4418,1.);
#4418 = DIRECTION('',(-1.,0.,0.));
#4419 = ORIENTED_EDGE('',*,*,#4420,.T.);
#4420 = EDGE_CURVE('',#4413,#4421,#4423,.T.);
#4421 = VERTEX_POINT('',#4422);
#4422 = CARTESIAN_POINT('',(49.75,3.E-15,-7.));
#4423 = LINE('',#4424,#4425);
#4424 = CARTESIAN_POINT('',(49.75,3.18E-15,-7.));
#4425 = VECTOR('',#4426,1.);
#4426 = DIRECTION('',(0.,1.,0.));
#4427 = ORIENTED_EDGE('',*,*,#4428,.T.);
#4428 = EDGE_CURVE('',#4421,#4429,#4431,.T.);
#4429 = VERTEX_POINT('',#4430);
#4430 = CARTESIAN_POINT('',(48.75,2.E-15,-7.));
#4431 = LINE('',#4432,#4433);
#4432 = CARTESIAN_POINT('',(0.,0.,-7.));
#4433 = VECTOR('',#4434,1.);
#4434 = DIRECTION('',(-1.,-6.E-17,0.));
#4435 = ORIENTED_EDGE('',*,*,#4436,.T.);
#4436 = EDGE_CURVE('',#4429,#2344,#4437,.T.);
#4437 = LINE('',#4438,#4439);
#4438 = CARTESIAN_POINT('',(48.75,2.3E-15,-7.));
#4439 = VECTOR('',#4440,1.);
#4440 = DIRECTION('',(0.,1.,0.));
#4441 = ORIENTED_EDGE('',*,*,#2343,.T.);
#4442 = ORIENTED_EDGE('',*,*,#4356,.T.);
#4443 = PLANE('',#4444);
#4444 = AXIS2_PLACEMENT_3D('',#4445,#4446,#4447);
#4445 = CARTESIAN_POINT('',(52.5,1.,-7.));
#4446 = DIRECTION('',(0.,0.,-1.));
#4447 = DIRECTION('',(-1.,0.,0.));
#4448 = ADVANCED_FACE('',(#4449),#4460,.T.);
#4449 = FACE_BOUND('',#4450,.T.);
#4450 = EDGE_LOOP('',(#4451,#4452,#4453,#4454));
#4451 = ORIENTED_EDGE('',*,*,#4371,.F.);
#4452 = ORIENTED_EDGE('',*,*,#2351,.T.);
#4453 = ORIENTED_EDGE('',*,*,#4436,.F.);
#4454 = ORIENTED_EDGE('',*,*,#4455,.F.);
#4455 = EDGE_CURVE('',#4372,#4429,#4456,.T.);
#4456 = LINE('',#4457,#4458);
#4457 = CARTESIAN_POINT('',(48.75,2.3E-15,0.));
#4458 = VECTOR('',#4459,1.);
#4459 = DIRECTION('',(0.,0.,-1.));
#4460 = PLANE('',#4461);
#4461 = AXIS2_PLACEMENT_3D('',#4462,#4463,#4464);
#4462 = CARTESIAN_POINT('',(48.75,2.3E-15,0.));
#4463 = DIRECTION('',(-1.,0.,0.));
#4464 = DIRECTION('',(0.,1.,0.));
#4465 = ADVANCED_FACE('',(#4466),#4473,.T.);
#4466 = FACE_BOUND('',#4467,.T.);
#4467 = EDGE_LOOP('',(#4468,#4469,#4470,#4471,#4472));
#4468 = ORIENTED_EDGE('',*,*,#2506,.F.);
#4469 = ORIENTED_EDGE('',*,*,#2473,.F.);
#4470 = ORIENTED_EDGE('',*,*,#3959,.F.);
#4471 = ORIENTED_EDGE('',*,*,#2541,.F.);
#4472 = ORIENTED_EDGE('',*,*,#2549,.F.);
#4473 = PLANE('',#4474);
#4474 = AXIS2_PLACEMENT_3D('',#4475,#4476,#4477);
#4475 = CARTESIAN_POINT('',(37.875,-108.,-4.5));
#4476 = DIRECTION('',(-0.,-1.,-0.));
#4477 = DIRECTION('',(0.,0.,-1.));
#4478 = ADVANCED_FACE('',(#4479),#4497,.T.);
#4479 = FACE_BOUND('',#4480,.T.);
#4480 = EDGE_LOOP('',(#4481,#4489,#4490,#4491));
#4481 = ORIENTED_EDGE('',*,*,#4482,.T.);
#4482 = EDGE_CURVE('',#4483,#2573,#4485,.T.);
#4483 = VERTEX_POINT('',#4484);
#4484 = CARTESIAN_POINT('',(75.75,-60.7,-5.));
#4485 = LINE('',#4486,#4487);
#4486 = CARTESIAN_POINT('',(76.25,-60.7,-5.));
#4487 = VECTOR('',#4488,1.);
#4488 = DIRECTION('',(1.,0.,0.));
#4489 = ORIENTED_EDGE('',*,*,#2572,.T.);
#4490 = ORIENTED_EDGE('',*,*,#4185,.F.);
#4491 = ORIENTED_EDGE('',*,*,#4492,.F.);
#4492 = EDGE_CURVE('',#4483,#4178,#4493,.T.);
#4493 = LINE('',#4494,#4495);
#4494 = CARTESIAN_POINT('',(75.75,-60.7,0.));
#4495 = VECTOR('',#4496,1.);
#4496 = DIRECTION('',(0.,0.,-1.));
#4497 = PLANE('',#4498);
#4498 = AXIS2_PLACEMENT_3D('',#4499,#4500,#4501);
#4499 = CARTESIAN_POINT('',(75.75,-60.7,0.));
#4500 = DIRECTION('',(0.,1.,0.));
#4501 = DIRECTION('',(1.,0.,0.));
#4502 = ADVANCED_FACE('',(#4503),#4521,.T.);
#4503 = FACE_BOUND('',#4504,.T.);
#4504 = EDGE_LOOP('',(#4505,#4513,#4519,#4520));
#4505 = ORIENTED_EDGE('',*,*,#4506,.T.);
#4506 = EDGE_CURVE('',#4483,#4507,#4509,.T.);
#4507 = VERTEX_POINT('',#4508);
#4508 = CARTESIAN_POINT('',(75.75,-47.7,-5.));
#4509 = LINE('',#4510,#4511);
#4510 = CARTESIAN_POINT('',(75.75,-60.7,-5.));
#4511 = VECTOR('',#4512,1.);
#4512 = DIRECTION('',(0.,1.,0.));
#4513 = ORIENTED_EDGE('',*,*,#4514,.F.);
#4514 = EDGE_CURVE('',#2581,#4507,#4515,.T.);
#4515 = LINE('',#4516,#4517);
#4516 = CARTESIAN_POINT('',(77.25,-47.7,-5.));
#4517 = VECTOR('',#4518,1.);
#4518 = DIRECTION('',(-1.,0.,0.));
#4519 = ORIENTED_EDGE('',*,*,#2580,.T.);
#4520 = ORIENTED_EDGE('',*,*,#4482,.F.);
#4521 = PLANE('',#4522);
#4522 = AXIS2_PLACEMENT_3D('',#4523,#4524,#4525);
#4523 = CARTESIAN_POINT('',(76.75,-54.2,-5.));
#4524 = DIRECTION('',(0.,0.,-1.));
#4525 = DIRECTION('',(-1.,0.,0.));
#4526 = ADVANCED_FACE('',(#4527),#4545,.T.);
#4527 = FACE_BOUND('',#4528,.T.);
#4528 = EDGE_LOOP('',(#4529,#4537,#4538,#4539));
#4529 = ORIENTED_EDGE('',*,*,#4530,.T.);
#4530 = EDGE_CURVE('',#4531,#3855,#4533,.T.);
#4531 = VERTEX_POINT('',#4532);
#4532 = CARTESIAN_POINT('',(76.75,-15.5,-4.9));
#4533 = LINE('',#4534,#4535);
#4534 = CARTESIAN_POINT('',(76.75,-15.5,-2.));
#4535 = VECTOR('',#4536,1.);
#4536 = DIRECTION('',(0.,0.,-1.));
#4537 = ORIENTED_EDGE('',*,*,#3854,.F.);
#4538 = ORIENTED_EDGE('',*,*,#2652,.F.);
#4539 = ORIENTED_EDGE('',*,*,#4540,.T.);
#4540 = EDGE_CURVE('',#2645,#4531,#4541,.T.);
#4541 = LINE('',#4542,#4543);
#4542 = CARTESIAN_POINT('',(77.25,-15.5,-4.9));
#4543 = VECTOR('',#4544,1.);
#4544 = DIRECTION('',(-1.,0.,0.));
#4545 = PLANE('',#4546);
#4546 = AXIS2_PLACEMENT_3D('',#4547,#4548,#4549);
#4547 = CARTESIAN_POINT('',(77.75,-15.5,0.));
#4548 = DIRECTION('',(0.,-1.,0.));
#4549 = DIRECTION('',(-1.,0.,0.));
#4550 = ADVANCED_FACE('',(#4551),#4569,.T.);
#4551 = FACE_BOUND('',#4552,.T.);
#4552 = EDGE_LOOP('',(#4553,#4554,#4562,#4568));
#4553 = ORIENTED_EDGE('',*,*,#4514,.T.);
#4554 = ORIENTED_EDGE('',*,*,#4555,.T.);
#4555 = EDGE_CURVE('',#4507,#4556,#4558,.T.);
#4556 = VERTEX_POINT('',#4557);
#4557 = CARTESIAN_POINT('',(75.75,-47.7,-7.));
#4558 = LINE('',#4559,#4560);
#4559 = CARTESIAN_POINT('',(75.75,-47.7,0.));
#4560 = VECTOR('',#4561,1.);
#4561 = DIRECTION('',(0.,0.,-1.));
#4562 = ORIENTED_EDGE('',*,*,#4563,.F.);
#4563 = EDGE_CURVE('',#2589,#4556,#4564,.T.);
#4564 = LINE('',#4565,#4566);
#4565 = CARTESIAN_POINT('',(75.75,-47.7,-7.));
#4566 = VECTOR('',#4567,1.);
#4567 = DIRECTION('',(-1.,0.,0.));
#4568 = ORIENTED_EDGE('',*,*,#2588,.F.);
#4569 = PLANE('',#4570);
#4570 = AXIS2_PLACEMENT_3D('',#4571,#4572,#4573);
#4571 = CARTESIAN_POINT('',(77.75,-47.7,0.));
#4572 = DIRECTION('',(0.,-1.,0.));
#4573 = DIRECTION('',(-1.,0.,0.));
#4574 = ADVANCED_FACE('',(#4575),#4593,.T.);
#4575 = FACE_BOUND('',#4576,.T.);
#4576 = EDGE_LOOP('',(#4577,#4585,#4586,#4587));
#4577 = ORIENTED_EDGE('',*,*,#4578,.T.);
#4578 = EDGE_CURVE('',#4579,#4531,#4581,.T.);
#4579 = VERTEX_POINT('',#4580);
#4580 = CARTESIAN_POINT('',(76.75,-21.5,-4.9));
#4581 = LINE('',#4582,#4583);
#4582 = CARTESIAN_POINT('',(76.75,-15.5,-4.9));
#4583 = VECTOR('',#4584,1.);
#4584 = DIRECTION('',(0.,1.,0.));
#4585 = ORIENTED_EDGE('',*,*,#4540,.F.);
#4586 = ORIENTED_EDGE('',*,*,#2644,.T.);
#4587 = ORIENTED_EDGE('',*,*,#4588,.F.);
#4588 = EDGE_CURVE('',#4579,#2637,#4589,.T.);
#4589 = LINE('',#4590,#4591);
#4590 = CARTESIAN_POINT('',(76.25,-21.5,-4.9));
#4591 = VECTOR('',#4592,1.);
#4592 = DIRECTION('',(1.,0.,0.));
#4593 = PLANE('',#4594);
#4594 = AXIS2_PLACEMENT_3D('',#4595,#4596,#4597);
#4595 = CARTESIAN_POINT('',(76.75,-18.5,-4.9));
#4596 = DIRECTION('',(0.,0.,-1.));
#4597 = DIRECTION('',(-1.,0.,0.));
#4598 = ADVANCED_FACE('',(#4599),#4617,.T.);
#4599 = FACE_BOUND('',#4600,.T.);
#4600 = EDGE_LOOP('',(#4601,#4609,#4610,#4611));
#4601 = ORIENTED_EDGE('',*,*,#4602,.F.);
#4602 = EDGE_CURVE('',#2597,#4603,#4605,.T.);
#4603 = VERTEX_POINT('',#4604);
#4604 = CARTESIAN_POINT('',(75.75,-43.75,-7.));
#4605 = LINE('',#4606,#4607);
#4606 = CARTESIAN_POINT('',(76.25625,-43.24375,-7.));
#4607 = VECTOR('',#4608,1.);
#4608 = DIRECTION('',(-0.707106781187,-0.707106781187,0.));
#4609 = ORIENTED_EDGE('',*,*,#2596,.T.);
#4610 = ORIENTED_EDGE('',*,*,#4563,.T.);
#4611 = ORIENTED_EDGE('',*,*,#4612,.T.);
#4612 = EDGE_CURVE('',#4556,#4603,#4613,.T.);
#4613 = LINE('',#4614,#4615);
#4614 = CARTESIAN_POINT('',(75.75,-55.05,-7.));
#4615 = VECTOR('',#4616,1.);
#4616 = DIRECTION('',(0.,1.,0.));
#4617 = PLANE('',#4618);
#4618 = AXIS2_PLACEMENT_3D('',#4619,#4620,#4621);
#4619 = CARTESIAN_POINT('',(76.75,-44.725,-7.));
#4620 = DIRECTION('',(0.,0.,-1.));
#4621 = DIRECTION('',(-1.,0.,0.));
#4622 = ADVANCED_FACE('',(#4623),#4641,.T.);
#4623 = FACE_BOUND('',#4624,.T.);
#4624 = EDGE_LOOP('',(#4625,#4633,#4634,#4635));
#4625 = ORIENTED_EDGE('',*,*,#4626,.T.);
#4626 = EDGE_CURVE('',#4627,#4579,#4629,.T.);
#4627 = VERTEX_POINT('',#4628);
#4628 = CARTESIAN_POINT('',(76.75,-21.5,-7.));
#4629 = LINE('',#4630,#4631);
#4630 = CARTESIAN_POINT('',(76.75,-21.5,-2.));
#4631 = VECTOR('',#4632,1.);
#4632 = DIRECTION('',(0.,0.,1.));
#4633 = ORIENTED_EDGE('',*,*,#4588,.T.);
#4634 = ORIENTED_EDGE('',*,*,#2636,.T.);
#4635 = ORIENTED_EDGE('',*,*,#4636,.F.);
#4636 = EDGE_CURVE('',#4627,#2629,#4637,.T.);
#4637 = LINE('',#4638,#4639);
#4638 = CARTESIAN_POINT('',(77.75,-21.5,-7.));
#4639 = VECTOR('',#4640,1.);
#4640 = DIRECTION('',(1.,0.,0.));
#4641 = PLANE('',#4642);
#4642 = AXIS2_PLACEMENT_3D('',#4643,#4644,#4645);
#4643 = CARTESIAN_POINT('',(75.75,-21.5,0.));
#4644 = DIRECTION('',(0.,1.,0.));
#4645 = DIRECTION('',(1.,0.,0.));
#4646 = ADVANCED_FACE('',(#4647),#4665,.T.);
#4647 = FACE_BOUND('',#4648,.T.);
#4648 = EDGE_LOOP('',(#4649,#4650,#4658,#4664));
#4649 = ORIENTED_EDGE('',*,*,#4602,.T.);
#4650 = ORIENTED_EDGE('',*,*,#4651,.T.);
#4651 = EDGE_CURVE('',#4603,#4652,#4654,.T.);
#4652 = VERTEX_POINT('',#4653);
#4653 = CARTESIAN_POINT('',(75.75,-43.75,-4.));
#4654 = LINE('',#4655,#4656);
#4655 = CARTESIAN_POINT('',(75.75,-43.75,0.));
#4656 = VECTOR('',#4657,1.);
#4657 = DIRECTION('',(0.,0.,1.));
#4658 = ORIENTED_EDGE('',*,*,#4659,.F.);
#4659 = EDGE_CURVE('',#2605,#4652,#4660,.T.);
#4660 = LINE('',#4661,#4662);
#4661 = CARTESIAN_POINT('',(78.5,-41.,-4.));
#4662 = VECTOR('',#4663,1.);
#4663 = DIRECTION('',(-0.707106781187,-0.707106781187,0.));
#4664 = ORIENTED_EDGE('',*,*,#2604,.T.);
#4665 = PLANE('',#4666);
#4666 = AXIS2_PLACEMENT_3D('',#4667,#4668,#4669);
#4667 = CARTESIAN_POINT('',(76.75,-42.75,0.));
#4668 = DIRECTION('',(-0.707106781187,0.707106781187,0.));
#4669 = DIRECTION('',(0.,0.,1.));
#4670 = ADVANCED_FACE('',(#4671),#4705,.T.);
#4671 = FACE_BOUND('',#4672,.T.);
#4672 = EDGE_LOOP('',(#4673,#4681,#4682,#4683,#4691,#4699));
#4673 = ORIENTED_EDGE('',*,*,#4674,.T.);
#4674 = EDGE_CURVE('',#4675,#4627,#4677,.T.);
#4675 = VERTEX_POINT('',#4676);
#4676 = CARTESIAN_POINT('',(76.75,-24.5,-7.));
#4677 = LINE('',#4678,#4679);
#4678 = CARTESIAN_POINT('',(76.75,-19.0625,-7.));
#4679 = VECTOR('',#4680,1.);
#4680 = DIRECTION('',(0.,1.,0.));
#4681 = ORIENTED_EDGE('',*,*,#4636,.T.);
#4682 = ORIENTED_EDGE('',*,*,#2628,.T.);
#4683 = ORIENTED_EDGE('',*,*,#4684,.F.);
#4684 = EDGE_CURVE('',#4685,#2621,#4687,.T.);
#4685 = VERTEX_POINT('',#4686);
#4686 = CARTESIAN_POINT('',(75.75,-27.75,-7.));
#4687 = LINE('',#4688,#4689);
#4688 = CARTESIAN_POINT('',(75.96875,-27.96875,-7.));
#4689 = VECTOR('',#4690,1.);
#4690 = DIRECTION('',(0.707106781187,-0.707106781187,0.));
#4691 = ORIENTED_EDGE('',*,*,#4692,.T.);
#4692 = EDGE_CURVE('',#4685,#4693,#4695,.T.);
#4693 = VERTEX_POINT('',#4694);
#4694 = CARTESIAN_POINT('',(75.75,-24.5,-7.));
#4695 = LINE('',#4696,#4697);
#4696 = CARTESIAN_POINT('',(75.75,-21.5,-7.));
#4697 = VECTOR('',#4698,1.);
#4698 = DIRECTION('',(0.,1.,0.));
#4699 = ORIENTED_EDGE('',*,*,#4700,.T.);
#4700 = EDGE_CURVE('',#4693,#4675,#4701,.T.);
#4701 = LINE('',#4702,#4703);
#4702 = CARTESIAN_POINT('',(76.75,-24.5,-7.));
#4703 = VECTOR('',#4704,1.);
#4704 = DIRECTION('',(1.,0.,0.));
#4705 = PLANE('',#4706);
#4706 = AXIS2_PLACEMENT_3D('',#4707,#4708,#4709);
#4707 = CARTESIAN_POINT('',(76.75,-25.625,-7.));
#4708 = DIRECTION('',(0.,0.,-1.));
#4709 = DIRECTION('',(-1.,0.,0.));
#4710 = ADVANCED_FACE('',(#4711),#4729,.T.);
#4711 = FACE_BOUND('',#4712,.T.);
#4712 = EDGE_LOOP('',(#4713,#4714,#4715,#4723));
#4713 = ORIENTED_EDGE('',*,*,#2612,.T.);
#4714 = ORIENTED_EDGE('',*,*,#4659,.T.);
#4715 = ORIENTED_EDGE('',*,*,#4716,.T.);
#4716 = EDGE_CURVE('',#4652,#4717,#4719,.T.);
#4717 = VERTEX_POINT('',#4718);
#4718 = CARTESIAN_POINT('',(75.75,-27.75,-4.));
#4719 = LINE('',#4720,#4721);
#4720 = CARTESIAN_POINT('',(75.75,-55.05,-4.));
#4721 = VECTOR('',#4722,1.);
#4722 = DIRECTION('',(0.,1.,0.));
#4723 = ORIENTED_EDGE('',*,*,#4724,.T.);
#4724 = EDGE_CURVE('',#4717,#2613,#4725,.T.);
#4725 = LINE('',#4726,#4727);
#4726 = CARTESIAN_POINT('',(78.5,-30.5,-4.));
#4727 = VECTOR('',#4728,1.);
#4728 = DIRECTION('',(0.707106781187,-0.707106781187,0.));
#4729 = PLANE('',#4730);
#4730 = AXIS2_PLACEMENT_3D('',#4731,#4732,#4733);
#4731 = CARTESIAN_POINT('',(76.75,-35.75,-4.));
#4732 = DIRECTION('',(0.,0.,-1.));
#4733 = DIRECTION('',(-1.,0.,0.));
#4734 = ADVANCED_FACE('',(#4735),#4746,.T.);
#4735 = FACE_BOUND('',#4736,.T.);
#4736 = EDGE_LOOP('',(#4737,#4738,#4739,#4740));
#4737 = ORIENTED_EDGE('',*,*,#4684,.T.);
#4738 = ORIENTED_EDGE('',*,*,#2620,.F.);
#4739 = ORIENTED_EDGE('',*,*,#4724,.F.);
#4740 = ORIENTED_EDGE('',*,*,#4741,.T.);
#4741 = EDGE_CURVE('',#4717,#4685,#4742,.T.);
#4742 = LINE('',#4743,#4744);
#4743 = CARTESIAN_POINT('',(75.75,-27.75,0.));
#4744 = VECTOR('',#4745,1.);
#4745 = DIRECTION('',(0.,0.,-1.));
#4746 = PLANE('',#4747);
#4747 = AXIS2_PLACEMENT_3D('',#4748,#4749,#4750);
#4748 = CARTESIAN_POINT('',(76.75,-28.75,0.));
#4749 = DIRECTION('',(-0.707106781187,-0.707106781187,0.));
#4750 = DIRECTION('',(0.,0.,1.));
#4751 = ADVANCED_FACE('',(#4752,#4763),#4794,.F.);
#4752 = FACE_BOUND('',#4753,.T.);
#4753 = EDGE_LOOP('',(#4754));
#4754 = ORIENTED_EDGE('',*,*,#4755,.T.);
#4755 = EDGE_CURVE('',#4756,#4756,#4758,.T.);
#4756 = VERTEX_POINT('',#4757);
#4757 = CARTESIAN_POINT('',(5.,-75.1,-1.));
#4758 = CIRCLE('',#4759,11.75);
#4759 = AXIS2_PLACEMENT_3D('',#4760,#4761,#4762);
#4760 = CARTESIAN_POINT('',(16.75,-75.1,-1.));
#4761 = DIRECTION('',(0.,0.,-1.));
#4762 = DIRECTION('',(1.,0.,0.));
#4763 = FACE_BOUND('',#4764,.T.);
#4764 = EDGE_LOOP('',(#4765,#4766,#4772,#4773,#4774,#4775,#4776,#4777,
    #4778,#4779,#4780,#4781,#4782,#4783,#4784,#4785,#4786,#4787,#4788,
    #4789,#4790,#4791,#4792,#4793));
#4765 = ORIENTED_EDGE('',*,*,#3280,.T.);
#4766 = ORIENTED_EDGE('',*,*,#4767,.T.);
#4767 = EDGE_CURVE('',#3281,#3224,#4768,.T.);
#4768 = LINE('',#4769,#4770);
#4769 = CARTESIAN_POINT('',(26.25,-78.6,-1.));
#4770 = VECTOR('',#4771,1.);
#4771 = DIRECTION('',(1.,0.,0.));
#4772 = ORIENTED_EDGE('',*,*,#3223,.F.);
#4773 = ORIENTED_EDGE('',*,*,#3199,.T.);
#4774 = ORIENTED_EDGE('',*,*,#3183,.F.);
#4775 = ORIENTED_EDGE('',*,*,#3159,.T.);
#4776 = ORIENTED_EDGE('',*,*,#3132,.F.);
#4777 = ORIENTED_EDGE('',*,*,#3110,.T.);
#4778 = ORIENTED_EDGE('',*,*,#3085,.F.);
#4779 = ORIENTED_EDGE('',*,*,#3052,.T.);
#4780 = ORIENTED_EDGE('',*,*,#3027,.F.);
#4781 = ORIENTED_EDGE('',*,*,#3003,.T.);
#4782 = ORIENTED_EDGE('',*,*,#2985,.F.);
#4783 = ORIENTED_EDGE('',*,*,#2963,.T.);
#4784 = ORIENTED_EDGE('',*,*,#2929,.F.);
#4785 = ORIENTED_EDGE('',*,*,#2914,.T.);
#4786 = ORIENTED_EDGE('',*,*,#2880,.F.);
#4787 = ORIENTED_EDGE('',*,*,#2865,.T.);
#4788 = ORIENTED_EDGE('',*,*,#2840,.T.);
#4789 = ORIENTED_EDGE('',*,*,#2807,.T.);
#4790 = ORIENTED_EDGE('',*,*,#2782,.F.);
#4791 = ORIENTED_EDGE('',*,*,#2767,.T.);
#4792 = ORIENTED_EDGE('',*,*,#2733,.F.);
#4793 = ORIENTED_EDGE('',*,*,#2718,.T.);
#4794 = PLANE('',#4795);
#4795 = AXIS2_PLACEMENT_3D('',#4796,#4797,#4798);
#4796 = CARTESIAN_POINT('',(37.875,-53.,-1.));
#4797 = DIRECTION('',(0.,0.,1.));
#4798 = DIRECTION('',(1.,0.,0.));
#4799 = ADVANCED_FACE('',(#4800),#4807,.T.);
#4800 = FACE_BOUND('',#4801,.T.);
#4801 = EDGE_LOOP('',(#4802,#4803,#4804,#4805,#4806));
#4802 = ORIENTED_EDGE('',*,*,#3265,.F.);
#4803 = ORIENTED_EDGE('',*,*,#3232,.F.);
#4804 = ORIENTED_EDGE('',*,*,#4767,.F.);
#4805 = ORIENTED_EDGE('',*,*,#3289,.F.);
#4806 = ORIENTED_EDGE('',*,*,#3297,.F.);
#4807 = PLANE('',#4808);
#4808 = AXIS2_PLACEMENT_3D('',#4809,#4810,#4811);
#4809 = CARTESIAN_POINT('',(23.25,-78.6,-1.25));
#4810 = DIRECTION('',(0.,1.,0.));
#4811 = DIRECTION('',(0.,0.,1.));
#4812 = ADVANCED_FACE('',(#4813),#4900,.F.);
#4813 = FACE_BOUND('',#4814,.F.);
#4814 = EDGE_LOOP('',(#4815,#4826,#4835,#4841,#4842,#4843,#4851,#4860,
    #4869,#4878,#4884,#4885,#4893));
#4815 = ORIENTED_EDGE('',*,*,#4816,.F.);
#4816 = EDGE_CURVE('',#4817,#4819,#4821,.T.);
#4817 = VERTEX_POINT('',#4818);
#4818 = CARTESIAN_POINT('',(56.870568908735,-73.1980469262,-1.));
#4819 = VERTEX_POINT('',#4820);
#4820 = CARTESIAN_POINT('',(61.66078416023,-72.74664993806,-1.));
#4821 = CIRCLE('',#4822,6.);
#4822 = AXIS2_PLACEMENT_3D('',#4823,#4824,#4825);
#4823 = CARTESIAN_POINT('',(58.75,-67.5,-1.));
#4824 = DIRECTION('',(0.,0.,1.));
#4825 = DIRECTION('',(-1.,0.,0.));
#4826 = ORIENTED_EDGE('',*,*,#4827,.T.);
#4827 = EDGE_CURVE('',#4817,#4828,#4830,.T.);
#4828 = VERTEX_POINT('',#4829);
#4829 = CARTESIAN_POINT('',(57.139026766176,-74.4,-1.));
#4830 = CIRCLE('',#4831,6.);
#4831 = AXIS2_PLACEMENT_3D('',#4832,#4833,#4834);
#4832 = CARTESIAN_POINT('',(51.18,-75.1,-1.));
#4833 = DIRECTION('',(0.,0.,-1.));
#4834 = DIRECTION('',(1.,0.,0.));
#4835 = ORIENTED_EDGE('',*,*,#4836,.F.);
#4836 = EDGE_CURVE('',#3416,#4828,#4837,.T.);
#4837 = LINE('',#4838,#4839);
#4838 = CARTESIAN_POINT('',(47.002878758897,-74.4,-1.));
#4839 = VECTOR('',#4840,1.);
#4840 = DIRECTION('',(1.,0.,0.));
#4841 = ORIENTED_EDGE('',*,*,#3423,.F.);
#4842 = ORIENTED_EDGE('',*,*,#3321,.F.);
#4843 = ORIENTED_EDGE('',*,*,#4844,.F.);
#4844 = EDGE_CURVE('',#4845,#3322,#4847,.T.);
#4845 = VERTEX_POINT('',#4846);
#4846 = CARTESIAN_POINT('',(57.139026766176,-75.8,-1.));
#4847 = LINE('',#4848,#4849);
#4848 = CARTESIAN_POINT('',(46.369543701979,-75.8,-1.));
#4849 = VECTOR('',#4850,1.);
#4850 = DIRECTION('',(-1.,0.,0.));
#4851 = ORIENTED_EDGE('',*,*,#4852,.F.);
#4852 = EDGE_CURVE('',#4853,#4845,#4855,.T.);
#4853 = VERTEX_POINT('',#4854);
#4854 = CARTESIAN_POINT('',(56.456967797345,-77.95545283024,-1.));
#4855 = CIRCLE('',#4856,6.);
#4856 = AXIS2_PLACEMENT_3D('',#4857,#4858,#4859);
#4857 = CARTESIAN_POINT('',(51.18,-75.1,-1.));
#4858 = DIRECTION('',(-0.,0.,1.));
#4859 = DIRECTION('',(0.879494632891,-0.475908805042,0.));
#4860 = ORIENTED_EDGE('',*,*,#4861,.T.);
#4861 = EDGE_CURVE('',#4853,#4862,#4864,.T.);
#4862 = VERTEX_POINT('',#4863);
#4863 = CARTESIAN_POINT('',(62.421098280106,-78.75415577396,-1.));
#4864 = CIRCLE('',#4865,6.);
#4865 = AXIS2_PLACEMENT_3D('',#4866,#4867,#4868);
#4866 = CARTESIAN_POINT('',(58.75,-83.5,-1.));
#4867 = DIRECTION('',(0.,0.,-1.));
#4868 = DIRECTION('',(1.,0.,0.));
#4869 = ORIENTED_EDGE('',*,*,#4870,.T.);
#4870 = EDGE_CURVE('',#4862,#4871,#4873,.T.);
#4871 = VERTEX_POINT('',#4872);
#4872 = CARTESIAN_POINT('',(61.220973233824,-75.8,-1.));
#4873 = CIRCLE('',#4874,6.);
#4874 = AXIS2_PLACEMENT_3D('',#4875,#4876,#4877);
#4875 = CARTESIAN_POINT('',(67.18,-75.1,-1.));
#4876 = DIRECTION('',(0.,0.,-1.));
#4877 = DIRECTION('',(1.,0.,0.));
#4878 = ORIENTED_EDGE('',*,*,#4879,.F.);
#4879 = EDGE_CURVE('',#3509,#4871,#4880,.T.);
#4880 = LINE('',#4881,#4882);
#4881 = CARTESIAN_POINT('',(50.052121241103,-75.8,-1.));
#4882 = VECTOR('',#4883,1.);
#4883 = DIRECTION('',(-1.,0.,0.));
#4884 = ORIENTED_EDGE('',*,*,#3516,.F.);
#4885 = ORIENTED_EDGE('',*,*,#4886,.F.);
#4886 = EDGE_CURVE('',#4887,#3517,#4889,.T.);
#4887 = VERTEX_POINT('',#4888);
#4888 = CARTESIAN_POINT('',(61.220973233824,-74.4,-1.));
#4889 = LINE('',#4890,#4891);
#4890 = CARTESIAN_POINT('',(50.685456298021,-74.4,-1.));
#4891 = VECTOR('',#4892,1.);
#4892 = DIRECTION('',(1.,0.,0.));
#4893 = ORIENTED_EDGE('',*,*,#4894,.T.);
#4894 = EDGE_CURVE('',#4887,#4819,#4895,.T.);
#4895 = CIRCLE('',#4896,6.);
#4896 = AXIS2_PLACEMENT_3D('',#4897,#4898,#4899);
#4897 = CARTESIAN_POINT('',(67.18,-75.1,-1.));
#4898 = DIRECTION('',(0.,0.,-1.));
#4899 = DIRECTION('',(1.,0.,0.));
#4900 = PLANE('',#4901);
#4901 = AXIS2_PLACEMENT_3D('',#4902,#4903,#4904);
#4902 = CARTESIAN_POINT('',(37.875,-53.,-1.));
#4903 = DIRECTION('',(0.,0.,1.));
#4904 = DIRECTION('',(1.,0.,0.));
#4905 = ADVANCED_FACE('',(#4906),#4940,.T.);
#4906 = FACE_BOUND('',#4907,.T.);
#4907 = EDGE_LOOP('',(#4908,#4909,#4910,#4918,#4926,#4934));
#4908 = ORIENTED_EDGE('',*,*,#3330,.F.);
#4909 = ORIENTED_EDGE('',*,*,#4844,.F.);
#4910 = ORIENTED_EDGE('',*,*,#4911,.T.);
#4911 = EDGE_CURVE('',#4845,#4912,#4914,.T.);
#4912 = VERTEX_POINT('',#4913);
#4913 = CARTESIAN_POINT('',(57.139026766176,-75.8,-2.));
#4914 = LINE('',#4915,#4916);
#4915 = CARTESIAN_POINT('',(57.139026766176,-75.8,-1.));
#4916 = VECTOR('',#4917,1.);
#4917 = DIRECTION('',(-0.,-0.,-1.));
#4918 = ORIENTED_EDGE('',*,*,#4919,.F.);
#4919 = EDGE_CURVE('',#4920,#4912,#4922,.T.);
#4920 = VERTEX_POINT('',#4921);
#4921 = CARTESIAN_POINT('',(56.130757517795,-75.8,-3.));
#4922 = ( BOUNDED_CURVE() B_SPLINE_CURVE(2,(#4923,#4924,#4925),
.UNSPECIFIED.,.F.,.F.) B_SPLINE_CURVE_WITH_KNOTS((3,3),(0.,
0.142007294401),.PIECEWISE_BEZIER_KNOTS.) CURVE() 
GEOMETRIC_REPRESENTATION_ITEM() RATIONAL_B_SPLINE_CURVE((1.,
1.004227512344,1.)) REPRESENTATION_ITEM('') );
#4923 = CARTESIAN_POINT('',(56.130757517795,-75.8,-3.));
#4924 = CARTESIAN_POINT('',(56.589061721599,-75.8,-2.546209403516));
#4925 = CARTESIAN_POINT('',(57.139026766176,-75.8,-2.));
#4926 = ORIENTED_EDGE('',*,*,#4927,.T.);
#4927 = EDGE_CURVE('',#4920,#4928,#4930,.T.);
#4928 = VERTEX_POINT('',#4929);
#4929 = CARTESIAN_POINT('',(56.130757517795,-75.8,-4.));
#4930 = LINE('',#4931,#4932);
#4931 = CARTESIAN_POINT('',(56.130757517795,-75.8,-2.));
#4932 = VECTOR('',#4933,1.);
#4933 = DIRECTION('',(0.,0.,-1.));
#4934 = ORIENTED_EDGE('',*,*,#4935,.F.);
#4935 = EDGE_CURVE('',#3331,#4928,#4936,.T.);
#4936 = LINE('',#4937,#4938);
#4937 = CARTESIAN_POINT('',(45.731515530179,-75.8,-4.));
#4938 = VECTOR('',#4939,1.);
#4939 = DIRECTION('',(1.,0.,0.));
#4940 = PLANE('',#4941);
#4941 = AXIS2_PLACEMENT_3D('',#4942,#4943,#4944);
#4942 = CARTESIAN_POINT('',(55.812352605031,-75.8,-2.348191457641));
#4943 = DIRECTION('',(1.88E-15,1.,5.3E-16));
#4944 = DIRECTION('',(1.,-1.88E-15,0.));
#4945 = ADVANCED_FACE('',(#4946),#4965,.F.);
#4946 = FACE_BOUND('',#4947,.T.);
#4947 = EDGE_LOOP('',(#4948,#4956,#4957,#4958));
#4948 = ORIENTED_EDGE('',*,*,#4949,.T.);
#4949 = EDGE_CURVE('',#4950,#3339,#4952,.T.);
#4950 = VERTEX_POINT('',#4951);
#4951 = CARTESIAN_POINT('',(46.229242482205,-75.8,-4.));
#4952 = LINE('',#4953,#4954);
#4953 = CARTESIAN_POINT('',(45.731515530179,-75.8,-4.));
#4954 = VECTOR('',#4955,1.);
#4955 = DIRECTION('',(1.,0.,0.));
#4956 = ORIENTED_EDGE('',*,*,#3338,.T.);
#4957 = ORIENTED_EDGE('',*,*,#4935,.T.);
#4958 = ORIENTED_EDGE('',*,*,#4959,.T.);
#4959 = EDGE_CURVE('',#4928,#4950,#4960,.T.);
#4960 = CIRCLE('',#4961,5.);
#4961 = AXIS2_PLACEMENT_3D('',#4962,#4963,#4964);
#4962 = CARTESIAN_POINT('',(51.18,-75.1,-4.));
#4963 = DIRECTION('',(0.,0.,-1.));
#4964 = DIRECTION('',(1.,0.,0.));
#4965 = PLANE('',#4966);
#4966 = AXIS2_PLACEMENT_3D('',#4967,#4968,#4969);
#4967 = CARTESIAN_POINT('',(51.18,-77.95,-4.));
#4968 = DIRECTION('',(0.,0.,1.));
#4969 = DIRECTION('',(1.,0.,0.));
#4970 = ADVANCED_FACE('',(#4971),#5005,.T.);
#4971 = FACE_BOUND('',#4972,.T.);
#4972 = EDGE_LOOP('',(#4973,#4974,#4982,#4990,#4998,#5004));
#4973 = ORIENTED_EDGE('',*,*,#3415,.T.);
#4974 = ORIENTED_EDGE('',*,*,#4975,.F.);
#4975 = EDGE_CURVE('',#4976,#3407,#4978,.T.);
#4976 = VERTEX_POINT('',#4977);
#4977 = CARTESIAN_POINT('',(56.130757517795,-74.4,-4.));
#4978 = LINE('',#4979,#4980);
#4979 = CARTESIAN_POINT('',(56.583761459312,-74.4,-4.));
#4980 = VECTOR('',#4981,1.);
#4981 = DIRECTION('',(-1.,0.,0.));
#4982 = ORIENTED_EDGE('',*,*,#4983,.F.);
#4983 = EDGE_CURVE('',#4984,#4976,#4986,.T.);
#4984 = VERTEX_POINT('',#4985);
#4985 = CARTESIAN_POINT('',(56.130757517795,-74.4,-3.));
#4986 = LINE('',#4987,#4988);
#4987 = CARTESIAN_POINT('',(56.130757517795,-74.4,-2.));
#4988 = VECTOR('',#4989,1.);
#4989 = DIRECTION('',(0.,0.,-1.));
#4990 = ORIENTED_EDGE('',*,*,#4991,.F.);
#4991 = EDGE_CURVE('',#4992,#4984,#4994,.T.);
#4992 = VERTEX_POINT('',#4993);
#4993 = CARTESIAN_POINT('',(57.139026766176,-74.4,-2.));
#4994 = ( BOUNDED_CURVE() B_SPLINE_CURVE(2,(#4995,#4996,#4997),
.UNSPECIFIED.,.F.,.F.) B_SPLINE_CURVE_WITH_KNOTS((3,3),(
3.221753470438E-04,0.1423604831),.PIECEWISE_BEZIER_KNOTS.) CURVE() 
GEOMETRIC_REPRESENTATION_ITEM() RATIONAL_B_SPLINE_CURVE((1.000019178112,
1.004237141901,1.)) REPRESENTATION_ITEM('') );
#4995 = CARTESIAN_POINT('',(57.139026766176,-74.4,-2.));
#4996 = CARTESIAN_POINT('',(56.589061721591,-74.4,-2.546209403524));
#4997 = CARTESIAN_POINT('',(56.130757517795,-74.4,-3.));
#4998 = ORIENTED_EDGE('',*,*,#4999,.F.);
#4999 = EDGE_CURVE('',#4828,#4992,#5000,.T.);
#5000 = LINE('',#5001,#5002);
#5001 = CARTESIAN_POINT('',(57.139026766176,-74.4,-1.));
#5002 = VECTOR('',#5003,1.);
#5003 = DIRECTION('',(-0.,-0.,-1.));
#5004 = ORIENTED_EDGE('',*,*,#4836,.F.);
#5005 = PLANE('',#5006);
#5006 = AXIS2_PLACEMENT_3D('',#5007,#5008,#5009);
#5007 = CARTESIAN_POINT('',(55.812352605031,-74.4,-2.348191457641));
#5008 = DIRECTION('',(-1.88E-15,-1.,-5.3E-16));
#5009 = DIRECTION('',(-1.,1.88E-15,0.));
#5010 = ADVANCED_FACE('',(#5011),#5055,.T.);
#5011 = FACE_BOUND('',#5012,.T.);
#5012 = EDGE_LOOP('',(#5013,#5014,#5015,#5023,#5032,#5041,#5049));
#5013 = ORIENTED_EDGE('',*,*,#3347,.F.);
#5014 = ORIENTED_EDGE('',*,*,#4949,.F.);
#5015 = ORIENTED_EDGE('',*,*,#5016,.F.);
#5016 = EDGE_CURVE('',#5017,#4950,#5019,.T.);
#5017 = VERTEX_POINT('',#5018);
#5018 = CARTESIAN_POINT('',(46.229242482205,-75.8,-3.));
#5019 = LINE('',#5020,#5021);
#5020 = CARTESIAN_POINT('',(46.229242482205,-75.8,-2.));
#5021 = VECTOR('',#5022,1.);
#5022 = DIRECTION('',(0.,0.,-1.));
#5023 = ORIENTED_EDGE('',*,*,#5024,.F.);
#5024 = EDGE_CURVE('',#5025,#5017,#5027,.T.);
#5025 = VERTEX_POINT('',#5026);
#5026 = CARTESIAN_POINT('',(45.43,-75.8,-2.207548014873));
#5027 = HYPERBOLA('',#5028,0.7,0.7);
#5028 = AXIS2_PLACEMENT_3D('',#5029,#5030,#5031);
#5029 = CARTESIAN_POINT('',(51.18,-75.8,-8.));
#5030 = DIRECTION('',(0.,1.,0.));
#5031 = DIRECTION('',(0.,0.,1.));
#5032 = ORIENTED_EDGE('',*,*,#5033,.F.);
#5033 = EDGE_CURVE('',#5034,#5025,#5036,.T.);
#5034 = VERTEX_POINT('',#5035);
#5035 = CARTESIAN_POINT('',(45.220973233824,-75.8,-2.));
#5036 = HYPERBOLA('',#5037,0.7,0.7);
#5037 = AXIS2_PLACEMENT_3D('',#5038,#5039,#5040);
#5038 = CARTESIAN_POINT('',(51.18,-75.8,-8.));
#5039 = DIRECTION('',(0.,1.,0.));
#5040 = DIRECTION('',(0.,0.,1.));
#5041 = ORIENTED_EDGE('',*,*,#5042,.F.);
#5042 = EDGE_CURVE('',#5043,#5034,#5045,.T.);
#5043 = VERTEX_POINT('',#5044);
#5044 = CARTESIAN_POINT('',(45.220973233824,-75.8,-1.));
#5045 = LINE('',#5046,#5047);
#5046 = CARTESIAN_POINT('',(45.220973233824,-75.8,-1.));
#5047 = VECTOR('',#5048,1.);
#5048 = DIRECTION('',(-0.,-0.,-1.));
#5049 = ORIENTED_EDGE('',*,*,#5050,.F.);
#5050 = EDGE_CURVE('',#3348,#5043,#5051,.T.);
#5051 = LINE('',#5052,#5053);
#5052 = CARTESIAN_POINT('',(47.495912596042,-75.8,-1.));
#5053 = VECTOR('',#5054,1.);
#5054 = DIRECTION('',(-1.,-4.373E-14,4.1E-15));
#5055 = PLANE('',#5056);
#5056 = AXIS2_PLACEMENT_3D('',#5057,#5058,#5059);
#5057 = CARTESIAN_POINT('',(46.600301038771,-75.8,-2.813871900994));
#5058 = DIRECTION('',(-2.564E-14,1.,7.72E-15));
#5059 = DIRECTION('',(1.,2.564E-14,0.));
#5060 = ADVANCED_FACE('',(#5061),#5080,.F.);
#5061 = FACE_BOUND('',#5062,.F.);
#5062 = EDGE_LOOP('',(#5063,#5064,#5073,#5079));
#5063 = ORIENTED_EDGE('',*,*,#4975,.F.);
#5064 = ORIENTED_EDGE('',*,*,#5065,.F.);
#5065 = EDGE_CURVE('',#5066,#4976,#5068,.T.);
#5066 = VERTEX_POINT('',#5067);
#5067 = CARTESIAN_POINT('',(53.,-70.4430052609,-4.));
#5068 = CIRCLE('',#5069,5.);
#5069 = AXIS2_PLACEMENT_3D('',#5070,#5071,#5072);
#5070 = CARTESIAN_POINT('',(51.18,-75.1,-4.));
#5071 = DIRECTION('',(0.,0.,-1.));
#5072 = DIRECTION('',(1.,0.,0.));
#5073 = ORIENTED_EDGE('',*,*,#5074,.F.);
#5074 = EDGE_CURVE('',#3399,#5066,#5075,.T.);
#5075 = LINE('',#5076,#5077);
#5076 = CARTESIAN_POINT('',(53.,-72.725,-4.));
#5077 = VECTOR('',#5078,1.);
#5078 = DIRECTION('',(0.,1.,0.));
#5079 = ORIENTED_EDGE('',*,*,#3406,.F.);
#5080 = PLANE('',#5081);
#5081 = AXIS2_PLACEMENT_3D('',#5082,#5083,#5084);
#5082 = CARTESIAN_POINT('',(51.18,-72.25,-4.));
#5083 = DIRECTION('',(0.,0.,1.));
#5084 = DIRECTION('',(1.,0.,0.));
#5085 = ADVANCED_FACE('',(#5086,#5343,#5556),#5626,.T.);
#5086 = FACE_BOUND('',#5087,.T.);
#5087 = EDGE_LOOP('',(#5088,#5098,#5106,#5114,#5123,#5132,#5140,#5148,
    #5156,#5164,#5172,#5180,#5188,#5197,#5205,#5213,#5221,#5230,#5238,
    #5246,#5254,#5262,#5271,#5279,#5287,#5295,#5304,#5312,#5320,#5328,
    #5336));
#5088 = ORIENTED_EDGE('',*,*,#5089,.T.);
#5089 = EDGE_CURVE('',#5090,#5092,#5094,.T.);
#5090 = VERTEX_POINT('',#5091);
#5091 = CARTESIAN_POINT('',(6.,-98.,-1.));
#5092 = VERTEX_POINT('',#5093);
#5093 = CARTESIAN_POINT('',(2.,-98.,-1.));
#5094 = LINE('',#5095,#5096);
#5095 = CARTESIAN_POINT('',(6.,-98.,-1.));
#5096 = VECTOR('',#5097,1.);
#5097 = DIRECTION('',(-1.,0.,0.));
#5098 = ORIENTED_EDGE('',*,*,#5099,.T.);
#5099 = EDGE_CURVE('',#5092,#5100,#5102,.T.);
#5100 = VERTEX_POINT('',#5101);
#5101 = CARTESIAN_POINT('',(2.,-68.45,-1.));
#5102 = LINE('',#5103,#5104);
#5103 = CARTESIAN_POINT('',(2.,-98.,-1.));
#5104 = VECTOR('',#5105,1.);
#5105 = DIRECTION('',(0.,1.,0.));
#5106 = ORIENTED_EDGE('',*,*,#5107,.T.);
#5107 = EDGE_CURVE('',#5100,#5108,#5110,.T.);
#5108 = VERTEX_POINT('',#5109);
#5109 = CARTESIAN_POINT('',(4.715050893336,-68.45,-1.));
#5110 = LINE('',#5111,#5112);
#5111 = CARTESIAN_POINT('',(2.,-68.45,-1.));
#5112 = VECTOR('',#5113,1.);
#5113 = DIRECTION('',(1.,0.,0.));
#5114 = ORIENTED_EDGE('',*,*,#5115,.T.);
#5115 = EDGE_CURVE('',#5108,#5116,#5118,.T.);
#5116 = VERTEX_POINT('',#5117);
#5117 = CARTESIAN_POINT('',(7.933971950245,-64.54821581788,-1.));
#5118 = CIRCLE('',#5119,13.75);
#5119 = AXIS2_PLACEMENT_3D('',#5120,#5121,#5122);
#5120 = CARTESIAN_POINT('',(16.75,-75.1,-1.));
#5121 = DIRECTION('',(0.,0.,1.));
#5122 = DIRECTION('',(-0.875269025939,0.483636363636,0.));
#5123 = ORIENTED_EDGE('',*,*,#5124,.F.);
#5124 = EDGE_CURVE('',#5125,#5116,#5127,.T.);
#5125 = VERTEX_POINT('',#5126);
#5126 = CARTESIAN_POINT('',(4.75,-61.95,-1.));
#5127 = CIRCLE('',#5128,3.25);
#5128 = AXIS2_PLACEMENT_3D('',#5129,#5130,#5131);
#5129 = CARTESIAN_POINT('',(4.75,-65.2,-1.));
#5130 = DIRECTION('',(0.,0.,-1.));
#5131 = DIRECTION('',(1.,0.,0.));
#5132 = ORIENTED_EDGE('',*,*,#5133,.T.);
#5133 = EDGE_CURVE('',#5125,#5134,#5136,.T.);
#5134 = VERTEX_POINT('',#5135);
#5135 = CARTESIAN_POINT('',(1.,-61.95,-1.));
#5136 = LINE('',#5137,#5138);
#5137 = CARTESIAN_POINT('',(4.75,-61.95,-1.));
#5138 = VECTOR('',#5139,1.);
#5139 = DIRECTION('',(-1.,1.89E-15,0.));
#5140 = ORIENTED_EDGE('',*,*,#5141,.T.);
#5141 = EDGE_CURVE('',#5134,#5142,#5144,.T.);
#5142 = VERTEX_POINT('',#5143);
#5143 = CARTESIAN_POINT('',(1.,-45.75,-1.));
#5144 = LINE('',#5145,#5146);
#5145 = CARTESIAN_POINT('',(1.,-61.95,-1.));
#5146 = VECTOR('',#5147,1.);
#5147 = DIRECTION('',(0.,1.,0.));
#5148 = ORIENTED_EDGE('',*,*,#5149,.T.);
#5149 = EDGE_CURVE('',#5142,#5150,#5152,.T.);
#5150 = VERTEX_POINT('',#5151);
#5151 = CARTESIAN_POINT('',(5.,-45.75,-1.));
#5152 = LINE('',#5153,#5154);
#5153 = CARTESIAN_POINT('',(21.4375,-45.75,-1.));
#5154 = VECTOR('',#5155,1.);
#5155 = DIRECTION('',(1.,0.,0.));
#5156 = ORIENTED_EDGE('',*,*,#5157,.T.);
#5157 = EDGE_CURVE('',#5150,#5158,#5160,.T.);
#5158 = VERTEX_POINT('',#5159);
#5159 = CARTESIAN_POINT('',(5.,-56.05,-1.));
#5160 = LINE('',#5161,#5162);
#5161 = CARTESIAN_POINT('',(5.,-54.525,-1.));
#5162 = VECTOR('',#5163,1.);
#5163 = DIRECTION('',(-6.E-17,-1.,0.));
#5164 = ORIENTED_EDGE('',*,*,#5165,.T.);
#5165 = EDGE_CURVE('',#5158,#5166,#5168,.T.);
#5166 = VERTEX_POINT('',#5167);
#5167 = CARTESIAN_POINT('',(74.75,-56.05,-1.));
#5168 = LINE('',#5169,#5170);
#5169 = CARTESIAN_POINT('',(5.,-56.05,-1.));
#5170 = VECTOR('',#5171,1.);
#5171 = DIRECTION('',(1.,0.,0.));
#5172 = ORIENTED_EDGE('',*,*,#5173,.F.);
#5173 = EDGE_CURVE('',#5174,#5166,#5176,.T.);
#5174 = VERTEX_POINT('',#5175);
#5175 = CARTESIAN_POINT('',(74.75,-61.95,-1.));
#5176 = LINE('',#5177,#5178);
#5177 = CARTESIAN_POINT('',(74.75,-79.5,-1.));
#5178 = VECTOR('',#5179,1.);
#5179 = DIRECTION('',(0.,1.,0.));
#5180 = ORIENTED_EDGE('',*,*,#5181,.T.);
#5181 = EDGE_CURVE('',#5174,#5182,#5184,.T.);
#5182 = VERTEX_POINT('',#5183);
#5183 = CARTESIAN_POINT('',(71.,-61.95,-1.));
#5184 = LINE('',#5185,#5186);
#5185 = CARTESIAN_POINT('',(74.75,-61.95,-1.));
#5186 = VECTOR('',#5187,1.);
#5187 = DIRECTION('',(-1.,0.,0.));
#5188 = ORIENTED_EDGE('',*,*,#5189,.F.);
#5189 = EDGE_CURVE('',#5190,#5182,#5192,.T.);
#5190 = VERTEX_POINT('',#5191);
#5191 = CARTESIAN_POINT('',(71.,-68.45,-1.));
#5192 = CIRCLE('',#5193,3.25);
#5193 = AXIS2_PLACEMENT_3D('',#5194,#5195,#5196);
#5194 = CARTESIAN_POINT('',(71.,-65.2,-1.));
#5195 = DIRECTION('',(0.,0.,-1.));
#5196 = DIRECTION('',(-1.,0.,0.));
#5197 = ORIENTED_EDGE('',*,*,#5198,.T.);
#5198 = EDGE_CURVE('',#5190,#5199,#5201,.T.);
#5199 = VERTEX_POINT('',#5200);
#5200 = CARTESIAN_POINT('',(73.75,-68.45,-1.));
#5201 = LINE('',#5202,#5203);
#5202 = CARTESIAN_POINT('',(71.,-68.45,-1.));
#5203 = VECTOR('',#5204,1.);
#5204 = DIRECTION('',(1.,0.,0.));
#5205 = ORIENTED_EDGE('',*,*,#5206,.T.);
#5206 = EDGE_CURVE('',#5199,#5207,#5209,.T.);
#5207 = VERTEX_POINT('',#5208);
#5208 = CARTESIAN_POINT('',(73.75,-98.,-1.));
#5209 = LINE('',#5210,#5211);
#5210 = CARTESIAN_POINT('',(73.75,-68.45,-1.));
#5211 = VECTOR('',#5212,1.);
#5212 = DIRECTION('',(0.,-1.,0.));
#5213 = ORIENTED_EDGE('',*,*,#5214,.T.);
#5214 = EDGE_CURVE('',#5207,#5215,#5217,.T.);
#5215 = VERTEX_POINT('',#5216);
#5216 = CARTESIAN_POINT('',(69.75,-98.,-1.));
#5217 = LINE('',#5218,#5219);
#5218 = CARTESIAN_POINT('',(73.75,-98.,-1.));
#5219 = VECTOR('',#5220,1.);
#5220 = DIRECTION('',(-1.,0.,0.));
#5221 = ORIENTED_EDGE('',*,*,#5222,.F.);
#5222 = EDGE_CURVE('',#5223,#5215,#5225,.T.);
#5223 = VERTEX_POINT('',#5224);
#5224 = CARTESIAN_POINT('',(69.55,-98.0044466414,-1.));
#5225 = CIRCLE('',#5226,4.5);
#5226 = AXIS2_PLACEMENT_3D('',#5227,#5228,#5229);
#5227 = CARTESIAN_POINT('',(69.75,-102.5,-1.));
#5228 = DIRECTION('',(0.,0.,-1.));
#5229 = DIRECTION('',(-1.,0.,0.));
#5230 = ORIENTED_EDGE('',*,*,#5231,.T.);
#5231 = EDGE_CURVE('',#5223,#5232,#5234,.T.);
#5232 = VERTEX_POINT('',#5233);
#5233 = CARTESIAN_POINT('',(69.55,-93.7,-1.));
#5234 = LINE('',#5235,#5236);
#5235 = CARTESIAN_POINT('',(69.55,-73.35,-1.));
#5236 = VECTOR('',#5237,1.);
#5237 = DIRECTION('',(0.,1.,0.));
#5238 = ORIENTED_EDGE('',*,*,#5239,.T.);
#5239 = EDGE_CURVE('',#5232,#5240,#5242,.T.);
#5240 = VERTEX_POINT('',#5241);
#5241 = CARTESIAN_POINT('',(64.55,-93.7,-1.));
#5242 = LINE('',#5243,#5244);
#5243 = CARTESIAN_POINT('',(51.2125,-93.7,-1.));
#5244 = VECTOR('',#5245,1.);
#5245 = DIRECTION('',(-1.,0.,0.));
#5246 = ORIENTED_EDGE('',*,*,#5247,.T.);
#5247 = EDGE_CURVE('',#5240,#5248,#5250,.T.);
#5248 = VERTEX_POINT('',#5249);
#5249 = CARTESIAN_POINT('',(64.55,-98.7,-1.));
#5250 = LINE('',#5251,#5252);
#5251 = CARTESIAN_POINT('',(64.55,-75.85,-1.));
#5252 = VECTOR('',#5253,1.);
#5253 = DIRECTION('',(0.,-1.,0.));
#5254 = ORIENTED_EDGE('',*,*,#5255,.T.);
#5255 = EDGE_CURVE('',#5248,#5256,#5258,.T.);
#5256 = VERTEX_POINT('',#5257);
#5257 = CARTESIAN_POINT('',(67.339605841361,-98.7,-1.));
#5258 = LINE('',#5259,#5260);
#5259 = CARTESIAN_POINT('',(53.7125,-98.7,-1.));
#5260 = VECTOR('',#5261,1.);
#5261 = DIRECTION('',(1.,0.,0.));
#5262 = ORIENTED_EDGE('',*,*,#5263,.F.);
#5263 = EDGE_CURVE('',#5264,#5256,#5266,.T.);
#5264 = VERTEX_POINT('',#5265);
#5265 = CARTESIAN_POINT('',(65.25,-102.5,-1.));
#5266 = CIRCLE('',#5267,4.5);
#5267 = AXIS2_PLACEMENT_3D('',#5268,#5269,#5270);
#5268 = CARTESIAN_POINT('',(69.75,-102.5,-1.));
#5269 = DIRECTION('',(0.,0.,-1.));
#5270 = DIRECTION('',(-1.,0.,0.));
#5271 = ORIENTED_EDGE('',*,*,#5272,.F.);
#5272 = EDGE_CURVE('',#5273,#5264,#5275,.T.);
#5273 = VERTEX_POINT('',#5274);
#5274 = CARTESIAN_POINT('',(65.25,-104.,-1.));
#5275 = LINE('',#5276,#5277);
#5276 = CARTESIAN_POINT('',(65.25,-79.5,-1.));
#5277 = VECTOR('',#5278,1.);
#5278 = DIRECTION('',(0.,1.,0.));
#5279 = ORIENTED_EDGE('',*,*,#5280,.F.);
#5280 = EDGE_CURVE('',#5281,#5273,#5283,.T.);
#5281 = VERTEX_POINT('',#5282);
#5282 = CARTESIAN_POINT('',(10.5,-104.,-1.));
#5283 = LINE('',#5284,#5285);
#5284 = CARTESIAN_POINT('',(18.9375,-104.,-1.));
#5285 = VECTOR('',#5286,1.);
#5286 = DIRECTION('',(1.,0.,0.));
#5287 = ORIENTED_EDGE('',*,*,#5288,.F.);
#5288 = EDGE_CURVE('',#5289,#5281,#5291,.T.);
#5289 = VERTEX_POINT('',#5290);
#5290 = CARTESIAN_POINT('',(10.5,-102.5,-1.));
#5291 = LINE('',#5292,#5293);
#5292 = CARTESIAN_POINT('',(10.5,-77.75,-1.));
#5293 = VECTOR('',#5294,1.);
#5294 = DIRECTION('',(0.,-1.,0.));
#5295 = ORIENTED_EDGE('',*,*,#5296,.F.);
#5296 = EDGE_CURVE('',#5297,#5289,#5299,.T.);
#5297 = VERTEX_POINT('',#5298);
#5298 = CARTESIAN_POINT('',(8.410394158639,-98.7,-1.));
#5299 = CIRCLE('',#5300,4.5);
#5300 = AXIS2_PLACEMENT_3D('',#5301,#5302,#5303);
#5301 = CARTESIAN_POINT('',(6.,-102.5,-1.));
#5302 = DIRECTION('',(0.,0.,-1.));
#5303 = DIRECTION('',(1.,0.,0.));
#5304 = ORIENTED_EDGE('',*,*,#5305,.T.);
#5305 = EDGE_CURVE('',#5297,#5306,#5308,.T.);
#5306 = VERTEX_POINT('',#5307);
#5307 = CARTESIAN_POINT('',(11.2,-98.7,-1.));
#5308 = LINE('',#5309,#5310);
#5309 = CARTESIAN_POINT('',(24.5375,-98.7,-1.));
#5310 = VECTOR('',#5311,1.);
#5311 = DIRECTION('',(1.,0.,0.));
#5312 = ORIENTED_EDGE('',*,*,#5313,.T.);
#5313 = EDGE_CURVE('',#5306,#5314,#5316,.T.);
#5314 = VERTEX_POINT('',#5315);
#5315 = CARTESIAN_POINT('',(11.2,-93.7,-1.));
#5316 = LINE('',#5317,#5318);
#5317 = CARTESIAN_POINT('',(11.2,-73.35,-1.));
#5318 = VECTOR('',#5319,1.);
#5319 = DIRECTION('',(0.,1.,0.));
#5320 = ORIENTED_EDGE('',*,*,#5321,.T.);
#5321 = EDGE_CURVE('',#5314,#5322,#5324,.T.);
#5322 = VERTEX_POINT('',#5323);
#5323 = CARTESIAN_POINT('',(6.2,-93.7,-1.));
#5324 = LINE('',#5325,#5326);
#5325 = CARTESIAN_POINT('',(22.0375,-93.7,-1.));
#5326 = VECTOR('',#5327,1.);
#5327 = DIRECTION('',(-1.,0.,0.));
#5328 = ORIENTED_EDGE('',*,*,#5329,.T.);
#5329 = EDGE_CURVE('',#5322,#5330,#5332,.T.);
#5330 = VERTEX_POINT('',#5331);
#5331 = CARTESIAN_POINT('',(6.2,-98.0044466414,-1.));
#5332 = LINE('',#5333,#5334);
#5333 = CARTESIAN_POINT('',(6.2,-75.85,-1.));
#5334 = VECTOR('',#5335,1.);
#5335 = DIRECTION('',(0.,-1.,0.));
#5336 = ORIENTED_EDGE('',*,*,#5337,.F.);
#5337 = EDGE_CURVE('',#5090,#5330,#5338,.T.);
#5338 = CIRCLE('',#5339,4.5);
#5339 = AXIS2_PLACEMENT_3D('',#5340,#5341,#5342);
#5340 = CARTESIAN_POINT('',(6.,-102.5,-1.));
#5341 = DIRECTION('',(0.,0.,-1.));
#5342 = DIRECTION('',(1.,0.,0.));
#5343 = FACE_BOUND('',#5344,.T.);
#5344 = EDGE_LOOP('',(#5345,#5355,#5364,#5373,#5382,#5388,#5389,#5390,
    #5398,#5407,#5413,#5414,#5422,#5430,#5439,#5448,#5454,#5455,#5463,
    #5472,#5478,#5479,#5480,#5489,#5498,#5506,#5515,#5524,#5532,#5541,
    #5549));
#5345 = ORIENTED_EDGE('',*,*,#5346,.T.);
#5346 = EDGE_CURVE('',#5347,#5349,#5351,.T.);
#5347 = VERTEX_POINT('',#5348);
#5348 = CARTESIAN_POINT('',(62.434087403958,-82.8,-1.));
#5349 = VERTEX_POINT('',#5350);
#5350 = CARTESIAN_POINT('',(64.709026766176,-82.8,-1.));
#5351 = LINE('',#5352,#5353);
#5352 = CARTESIAN_POINT('',(62.434087403958,-82.8,-1.));
#5353 = VECTOR('',#5354,1.);
#5354 = DIRECTION('',(1.,0.,0.));
#5355 = ORIENTED_EDGE('',*,*,#5356,.T.);
#5356 = EDGE_CURVE('',#5349,#5357,#5359,.T.);
#5357 = VERTEX_POINT('',#5358);
#5358 = CARTESIAN_POINT('',(63.508901719894,-79.84584422603,-1.));
#5359 = CIRCLE('',#5360,6.);
#5360 = AXIS2_PLACEMENT_3D('',#5361,#5362,#5363);
#5361 = CARTESIAN_POINT('',(58.75,-83.5,-1.));
#5362 = DIRECTION('',(0.,-0.,1.));
#5363 = DIRECTION('',(0.993171127696,0.116666666667,0.));
#5364 = ORIENTED_EDGE('',*,*,#5365,.T.);
#5365 = EDGE_CURVE('',#5357,#5366,#5368,.T.);
#5366 = VERTEX_POINT('',#5367);
#5367 = CARTESIAN_POINT('',(64.26921583977,-69.85335006193,-1.));
#5368 = CIRCLE('',#5369,6.);
#5369 = AXIS2_PLACEMENT_3D('',#5370,#5371,#5372);
#5370 = CARTESIAN_POINT('',(67.18,-75.1,-1.));
#5371 = DIRECTION('',(3.E-17,7.E-17,1.));
#5372 = DIRECTION('',(-0.611849713351,-0.790974037673,7.372367403762E-17
    ));
#5373 = ORIENTED_EDGE('',*,*,#5374,.T.);
#5374 = EDGE_CURVE('',#5366,#5375,#5377,.T.);
#5375 = VERTEX_POINT('',#5376);
#5376 = CARTESIAN_POINT('',(64.709026766176,-68.2,-1.));
#5377 = CIRCLE('',#5378,6.);
#5378 = AXIS2_PLACEMENT_3D('',#5379,#5380,#5381);
#5379 = CARTESIAN_POINT('',(58.75,-67.5,-1.));
#5380 = DIRECTION('',(-0.,0.,1.));
#5381 = DIRECTION('',(0.919869306628,-0.392225010323,0.));
#5382 = ORIENTED_EDGE('',*,*,#5383,.T.);
#5383 = EDGE_CURVE('',#5375,#3576,#5384,.T.);
#5384 = LINE('',#5385,#5386);
#5385 = CARTESIAN_POINT('',(64.709026766176,-68.2,-1.));
#5386 = VECTOR('',#5387,1.);
#5387 = DIRECTION('',(-1.,0.,0.));
#5388 = ORIENTED_EDGE('',*,*,#3575,.T.);
#5389 = ORIENTED_EDGE('',*,*,#3643,.T.);
#5390 = ORIENTED_EDGE('',*,*,#5391,.T.);
#5391 = EDGE_CURVE('',#3636,#5392,#5394,.T.);
#5392 = VERTEX_POINT('',#5393);
#5393 = CARTESIAN_POINT('',(64.709026766176,-66.8,-1.));
#5394 = LINE('',#5395,#5396);
#5395 = CARTESIAN_POINT('',(62.434087403958,-66.8,-1.));
#5396 = VECTOR('',#5397,1.);
#5397 = DIRECTION('',(1.,0.,0.));
#5398 = ORIENTED_EDGE('',*,*,#5399,.T.);
#5399 = EDGE_CURVE('',#5392,#5400,#5402,.T.);
#5400 = VERTEX_POINT('',#5401);
#5401 = CARTESIAN_POINT('',(52.790973233824,-66.8,-1.));
#5402 = CIRCLE('',#5403,6.);
#5403 = AXIS2_PLACEMENT_3D('',#5404,#5405,#5406);
#5404 = CARTESIAN_POINT('',(58.75,-67.5,-1.));
#5405 = DIRECTION('',(0.,-0.,1.));
#5406 = DIRECTION('',(0.993171127696,0.116666666667,0.));
#5407 = ORIENTED_EDGE('',*,*,#5408,.T.);
#5408 = EDGE_CURVE('',#5400,#3610,#5409,.T.);
#5409 = LINE('',#5410,#5411);
#5410 = CARTESIAN_POINT('',(46.470456298021,-66.8,-1.));
#5411 = VECTOR('',#5412,1.);
#5412 = DIRECTION('',(1.,0.,0.));
#5413 = ORIENTED_EDGE('',*,*,#3609,.F.);
#5414 = ORIENTED_EDGE('',*,*,#5415,.T.);
#5415 = EDGE_CURVE('',#3602,#5416,#5418,.T.);
#5416 = VERTEX_POINT('',#5417);
#5417 = CARTESIAN_POINT('',(53.,-68.2,-1.));
#5418 = LINE('',#5419,#5420);
#5419 = CARTESIAN_POINT('',(45.837121241103,-68.2,-1.));
#5420 = VECTOR('',#5421,1.);
#5421 = DIRECTION('',(-1.,0.,0.));
#5422 = ORIENTED_EDGE('',*,*,#5423,.F.);
#5423 = EDGE_CURVE('',#5424,#5416,#5426,.T.);
#5424 = VERTEX_POINT('',#5425);
#5425 = CARTESIAN_POINT('',(53.,-69.2139136501,-1.));
#5426 = LINE('',#5427,#5428);
#5427 = CARTESIAN_POINT('',(53.,-73.2,-1.));
#5428 = VECTOR('',#5429,1.);
#5429 = DIRECTION('',(0.,1.,0.));
#5430 = ORIENTED_EDGE('',*,*,#5431,.F.);
#5431 = EDGE_CURVE('',#5432,#5424,#5434,.T.);
#5432 = VERTEX_POINT('',#5433);
#5433 = CARTESIAN_POINT('',(53.059431091265,-69.40195307379,-1.));
#5434 = CIRCLE('',#5435,6.);
#5435 = AXIS2_PLACEMENT_3D('',#5436,#5437,#5438);
#5436 = CARTESIAN_POINT('',(58.75,-67.5,-1.));
#5437 = DIRECTION('',(0.,0.,-1.));
#5438 = DIRECTION('',(-1.,0.,0.));
#5439 = ORIENTED_EDGE('',*,*,#5440,.T.);
#5440 = EDGE_CURVE('',#5432,#5441,#5443,.T.);
#5441 = VERTEX_POINT('',#5442);
#5442 = CARTESIAN_POINT('',(53.,-69.3826929416,-1.));
#5443 = CIRCLE('',#5444,6.);
#5444 = AXIS2_PLACEMENT_3D('',#5445,#5446,#5447);
#5445 = CARTESIAN_POINT('',(51.18,-75.1,-1.));
#5446 = DIRECTION('',(0.,-0.,1.));
#5447 = DIRECTION('',(0.313238515211,0.9496744877,0.));
#5448 = ORIENTED_EDGE('',*,*,#5449,.F.);
#5449 = EDGE_CURVE('',#3390,#5441,#5450,.T.);
#5450 = LINE('',#5451,#5452);
#5451 = CARTESIAN_POINT('',(53.,-73.2,-1.));
#5452 = VECTOR('',#5453,1.);
#5453 = DIRECTION('',(0.,1.,0.));
#5454 = ORIENTED_EDGE('',*,*,#3389,.F.);
#5455 = ORIENTED_EDGE('',*,*,#5456,.F.);
#5456 = EDGE_CURVE('',#5457,#3382,#5459,.T.);
#5457 = VERTEX_POINT('',#5458);
#5458 = CARTESIAN_POINT('',(45.488778689947,-73.2,-1.));
#5459 = LINE('',#5460,#5461);
#5460 = CARTESIAN_POINT('',(43.,-73.2,-1.));
#5461 = VECTOR('',#5462,1.);
#5462 = DIRECTION('',(1.,0.,0.));
#5463 = ORIENTED_EDGE('',*,*,#5464,.T.);
#5464 = EDGE_CURVE('',#5457,#5465,#5467,.T.);
#5465 = VERTEX_POINT('',#5466);
#5466 = CARTESIAN_POINT('',(45.220973233824,-74.4,-1.));
#5467 = CIRCLE('',#5468,6.);
#5468 = AXIS2_PLACEMENT_3D('',#5469,#5470,#5471);
#5469 = CARTESIAN_POINT('',(51.18,-75.1,-1.));
#5470 = DIRECTION('',(0.,-0.,1.));
#5471 = DIRECTION('',(0.313238515211,0.9496744877,0.));
#5472 = ORIENTED_EDGE('',*,*,#5473,.T.);
#5473 = EDGE_CURVE('',#5465,#3356,#5474,.T.);
#5474 = LINE('',#5475,#5476);
#5475 = CARTESIAN_POINT('',(45.220973233824,-74.4,-1.));
#5476 = VECTOR('',#5477,1.);
#5477 = DIRECTION('',(1.,2.499E-14,-1.406E-14));
#5478 = ORIENTED_EDGE('',*,*,#3355,.F.);
#5479 = ORIENTED_EDGE('',*,*,#5050,.T.);
#5480 = ORIENTED_EDGE('',*,*,#5481,.T.);
#5481 = EDGE_CURVE('',#5043,#5482,#5484,.T.);
#5482 = VERTEX_POINT('',#5483);
#5483 = CARTESIAN_POINT('',(53.473032202655,-80.64454716975,-1.));
#5484 = CIRCLE('',#5485,6.);
#5485 = AXIS2_PLACEMENT_3D('',#5486,#5487,#5488);
#5486 = CARTESIAN_POINT('',(51.18,-75.1,-1.));
#5487 = DIRECTION('',(2.58E-15,-8.67E-15,1.));
#5488 = DIRECTION('',(-0.993171127696,-0.116666666667,1.550881509455E-15
    ));
#5489 = ORIENTED_EDGE('',*,*,#5490,.F.);
#5490 = EDGE_CURVE('',#5491,#5482,#5493,.T.);
#5491 = VERTEX_POINT('',#5492);
#5492 = CARTESIAN_POINT('',(52.790973233824,-82.8,-1.));
#5493 = CIRCLE('',#5494,6.);
#5494 = AXIS2_PLACEMENT_3D('',#5495,#5496,#5497);
#5495 = CARTESIAN_POINT('',(58.75,-83.5,-1.));
#5496 = DIRECTION('',(0.,0.,-1.));
#5497 = DIRECTION('',(1.,0.,0.));
#5498 = ORIENTED_EDGE('',*,*,#5499,.T.);
#5499 = EDGE_CURVE('',#5491,#5500,#5502,.T.);
#5500 = VERTEX_POINT('',#5501);
#5501 = CARTESIAN_POINT('',(55.065912596042,-82.8,-1.));
#5502 = LINE('',#5503,#5504);
#5503 = CARTESIAN_POINT('',(46.470456298021,-82.8,-1.));
#5504 = VECTOR('',#5505,1.);
#5505 = DIRECTION('',(1.,0.,0.));
#5506 = ORIENTED_EDGE('',*,*,#5507,.T.);
#5507 = EDGE_CURVE('',#5500,#5508,#5510,.T.);
#5508 = VERTEX_POINT('',#5509);
#5509 = CARTESIAN_POINT('',(55.,-83.5,-1.));
#5510 = CIRCLE('',#5511,3.75);
#5511 = AXIS2_PLACEMENT_3D('',#5512,#5513,#5514);
#5512 = CARTESIAN_POINT('',(58.75,-83.5,-1.));
#5513 = DIRECTION('',(0.,0.,1.));
#5514 = DIRECTION('',(1.,0.,0.));
#5515 = ORIENTED_EDGE('',*,*,#5516,.T.);
#5516 = EDGE_CURVE('',#5508,#5517,#5519,.T.);
#5517 = VERTEX_POINT('',#5518);
#5518 = CARTESIAN_POINT('',(55.065912596042,-84.2,-1.));
#5519 = CIRCLE('',#5520,3.75);
#5520 = AXIS2_PLACEMENT_3D('',#5521,#5522,#5523);
#5521 = CARTESIAN_POINT('',(58.75,-83.5,-1.));
#5522 = DIRECTION('',(0.,0.,1.));
#5523 = DIRECTION('',(1.,0.,0.));
#5524 = ORIENTED_EDGE('',*,*,#5525,.T.);
#5525 = EDGE_CURVE('',#5517,#5526,#5528,.T.);
#5526 = VERTEX_POINT('',#5527);
#5527 = CARTESIAN_POINT('',(52.790973233824,-84.2,-1.));
#5528 = LINE('',#5529,#5530);
#5529 = CARTESIAN_POINT('',(45.837121241103,-84.2,-1.));
#5530 = VECTOR('',#5531,1.);
#5531 = DIRECTION('',(-1.,0.,0.));
#5532 = ORIENTED_EDGE('',*,*,#5533,.T.);
#5533 = EDGE_CURVE('',#5526,#5534,#5536,.T.);
#5534 = VERTEX_POINT('',#5535);
#5535 = CARTESIAN_POINT('',(64.709026766176,-84.2,-1.));
#5536 = CIRCLE('',#5537,6.);
#5537 = AXIS2_PLACEMENT_3D('',#5538,#5539,#5540);
#5538 = CARTESIAN_POINT('',(58.75,-83.5,-1.));
#5539 = DIRECTION('',(0.,0.,1.));
#5540 = DIRECTION('',(-0.993171127696,-0.116666666667,0.));
#5541 = ORIENTED_EDGE('',*,*,#5542,.T.);
#5542 = EDGE_CURVE('',#5534,#5543,#5545,.T.);
#5543 = VERTEX_POINT('',#5544);
#5544 = CARTESIAN_POINT('',(62.434087403958,-84.2,-1.));
#5545 = LINE('',#5546,#5547);
#5546 = CARTESIAN_POINT('',(64.709026766176,-84.2,-1.));
#5547 = VECTOR('',#5548,1.);
#5548 = DIRECTION('',(-1.,0.,0.));
#5549 = ORIENTED_EDGE('',*,*,#5550,.T.);
#5550 = EDGE_CURVE('',#5543,#5347,#5551,.T.);
#5551 = CIRCLE('',#5552,3.75);
#5552 = AXIS2_PLACEMENT_3D('',#5553,#5554,#5555);
#5553 = CARTESIAN_POINT('',(58.75,-83.5,-1.));
#5554 = DIRECTION('',(0.,0.,1.));
#5555 = DIRECTION('',(1.,0.,0.));
#5556 = FACE_BOUND('',#5557,.T.);
#5557 = EDGE_LOOP('',(#5558,#5569,#5577,#5586,#5594,#5603,#5611,#5620));
#5558 = ORIENTED_EDGE('',*,*,#5559,.F.);
#5559 = EDGE_CURVE('',#5560,#5562,#5564,.T.);
#5560 = VERTEX_POINT('',#5561);
#5561 = CARTESIAN_POINT('',(46.55,-92.7,-1.));
#5562 = VERTEX_POINT('',#5563);
#5563 = CARTESIAN_POINT('',(43.05,-96.2,-1.));
#5564 = CIRCLE('',#5565,3.5);
#5565 = AXIS2_PLACEMENT_3D('',#5566,#5567,#5568);
#5566 = CARTESIAN_POINT('',(43.05,-92.7,-1.));
#5567 = DIRECTION('',(0.,0.,-1.));
#5568 = DIRECTION('',(0.707106781187,-0.707106781187,0.));
#5569 = ORIENTED_EDGE('',*,*,#5570,.T.);
#5570 = EDGE_CURVE('',#5560,#5571,#5573,.T.);
#5571 = VERTEX_POINT('',#5572);
#5572 = CARTESIAN_POINT('',(46.55,-91.45,-1.));
#5573 = LINE('',#5574,#5575);
#5574 = CARTESIAN_POINT('',(46.55,-92.7,-1.));
#5575 = VECTOR('',#5576,1.);
#5576 = DIRECTION('',(0.,1.,0.));
#5577 = ORIENTED_EDGE('',*,*,#5578,.F.);
#5578 = EDGE_CURVE('',#5579,#5571,#5581,.T.);
#5579 = VERTEX_POINT('',#5580);
#5580 = CARTESIAN_POINT('',(43.05,-87.95,-1.));
#5581 = CIRCLE('',#5582,3.5);
#5582 = AXIS2_PLACEMENT_3D('',#5583,#5584,#5585);
#5583 = CARTESIAN_POINT('',(43.05,-91.45,-1.));
#5584 = DIRECTION('',(0.,0.,-1.));
#5585 = DIRECTION('',(0.707106781187,0.707106781187,0.));
#5586 = ORIENTED_EDGE('',*,*,#5587,.T.);
#5587 = EDGE_CURVE('',#5579,#5588,#5590,.T.);
#5588 = VERTEX_POINT('',#5589);
#5589 = CARTESIAN_POINT('',(25.95,-87.95,-1.));
#5590 = LINE('',#5591,#5592);
#5591 = CARTESIAN_POINT('',(43.05,-87.95,-1.));
#5592 = VECTOR('',#5593,1.);
#5593 = DIRECTION('',(-1.,0.,0.));
#5594 = ORIENTED_EDGE('',*,*,#5595,.F.);
#5595 = EDGE_CURVE('',#5596,#5588,#5598,.T.);
#5596 = VERTEX_POINT('',#5597);
#5597 = CARTESIAN_POINT('',(22.45,-91.45,-1.));
#5598 = CIRCLE('',#5599,3.5);
#5599 = AXIS2_PLACEMENT_3D('',#5600,#5601,#5602);
#5600 = CARTESIAN_POINT('',(25.95,-91.45,-1.));
#5601 = DIRECTION('',(0.,0.,-1.));
#5602 = DIRECTION('',(-0.707106781187,0.707106781187,0.));
#5603 = ORIENTED_EDGE('',*,*,#5604,.F.);
#5604 = EDGE_CURVE('',#5605,#5596,#5607,.T.);
#5605 = VERTEX_POINT('',#5606);
#5606 = CARTESIAN_POINT('',(22.45,-92.7,-1.));
#5607 = LINE('',#5608,#5609);
#5608 = CARTESIAN_POINT('',(22.45,-74.1,-1.));
#5609 = VECTOR('',#5610,1.);
#5610 = DIRECTION('',(0.,1.,0.));
#5611 = ORIENTED_EDGE('',*,*,#5612,.F.);
#5612 = EDGE_CURVE('',#5613,#5605,#5615,.T.);
#5613 = VERTEX_POINT('',#5614);
#5614 = CARTESIAN_POINT('',(25.95,-96.2,-1.));
#5615 = CIRCLE('',#5616,3.5);
#5616 = AXIS2_PLACEMENT_3D('',#5617,#5618,#5619);
#5617 = CARTESIAN_POINT('',(25.95,-92.7,-1.));
#5618 = DIRECTION('',(0.,0.,-1.));
#5619 = DIRECTION('',(-0.707106781187,-0.707106781187,-0.));
#5620 = ORIENTED_EDGE('',*,*,#5621,.F.);
#5621 = EDGE_CURVE('',#5562,#5613,#5622,.T.);
#5622 = LINE('',#5623,#5624);
#5623 = CARTESIAN_POINT('',(41.7125,-96.2,-1.));
#5624 = VECTOR('',#5625,1.);
#5625 = DIRECTION('',(-1.,0.,0.));
#5626 = PLANE('',#5627);
#5627 = AXIS2_PLACEMENT_3D('',#5628,#5629,#5630);
#5628 = CARTESIAN_POINT('',(38.03086550687,-77.08450117912,-1.));
#5629 = DIRECTION('',(-0.,-0.,-1.));
#5630 = DIRECTION('',(-1.,0.,0.));
#5631 = ADVANCED_FACE('',(#5632),#5660,.T.);
#5632 = FACE_BOUND('',#5633,.T.);
#5633 = EDGE_LOOP('',(#5634,#5642,#5651,#5657,#5658,#5659));
#5634 = ORIENTED_EDGE('',*,*,#5635,.T.);
#5635 = EDGE_CURVE('',#5441,#5636,#5638,.T.);
#5636 = VERTEX_POINT('',#5637);
#5637 = CARTESIAN_POINT('',(53.,-69.3826929416,-2.));
#5638 = LINE('',#5639,#5640);
#5639 = CARTESIAN_POINT('',(53.,-69.3826929416,-1.));
#5640 = VECTOR('',#5641,1.);
#5641 = DIRECTION('',(-0.,-0.,-1.));
#5642 = ORIENTED_EDGE('',*,*,#5643,.T.);
#5643 = EDGE_CURVE('',#5636,#5644,#5646,.T.);
#5644 = VERTEX_POINT('',#5645);
#5645 = CARTESIAN_POINT('',(53.,-70.4430052609,-3.));
#5646 = HYPERBOLA('',#5647,1.82,1.82);
#5647 = AXIS2_PLACEMENT_3D('',#5648,#5649,#5650);
#5648 = CARTESIAN_POINT('',(53.,-75.1,-8.));
#5649 = DIRECTION('',(1.,0.,-0.));
#5650 = DIRECTION('',(0.,0.,1.));
#5651 = ORIENTED_EDGE('',*,*,#5652,.T.);
#5652 = EDGE_CURVE('',#5644,#5066,#5653,.T.);
#5653 = LINE('',#5654,#5655);
#5654 = CARTESIAN_POINT('',(53.,-70.4430052609,-2.));
#5655 = VECTOR('',#5656,1.);
#5656 = DIRECTION('',(0.,0.,-1.));
#5657 = ORIENTED_EDGE('',*,*,#5074,.F.);
#5658 = ORIENTED_EDGE('',*,*,#3398,.F.);
#5659 = ORIENTED_EDGE('',*,*,#5449,.T.);
#5660 = PLANE('',#5661);
#5661 = AXIS2_PLACEMENT_3D('',#5662,#5663,#5664);
#5662 = CARTESIAN_POINT('',(53.,-70.85168605069,-2.808700129773));
#5663 = DIRECTION('',(-1.,-3.94E-15,-9.4E-16));
#5664 = DIRECTION('',(3.94E-15,-1.,0.));
#5665 = ADVANCED_FACE('',(#5666),#5710,.T.);
#5666 = FACE_BOUND('',#5667,.T.);
#5667 = EDGE_LOOP('',(#5668,#5679,#5687,#5693,#5694,#5695,#5703));
#5668 = ORIENTED_EDGE('',*,*,#5669,.F.);
#5669 = EDGE_CURVE('',#5670,#5672,#5674,.T.);
#5670 = VERTEX_POINT('',#5671);
#5671 = CARTESIAN_POINT('',(46.229242482205,-74.4,-3.));
#5672 = VERTEX_POINT('',#5673);
#5673 = CARTESIAN_POINT('',(45.43,-74.4,-2.207548014873));
#5674 = HYPERBOLA('',#5675,0.7,0.7);
#5675 = AXIS2_PLACEMENT_3D('',#5676,#5677,#5678);
#5676 = CARTESIAN_POINT('',(51.18,-74.4,-8.));
#5677 = DIRECTION('',(0.,-1.,0.));
#5678 = DIRECTION('',(0.,0.,1.));
#5679 = ORIENTED_EDGE('',*,*,#5680,.T.);
#5680 = EDGE_CURVE('',#5670,#5681,#5683,.T.);
#5681 = VERTEX_POINT('',#5682);
#5682 = CARTESIAN_POINT('',(46.229242482205,-74.4,-4.));
#5683 = LINE('',#5684,#5685);
#5684 = CARTESIAN_POINT('',(46.229242482205,-74.4,-2.));
#5685 = VECTOR('',#5686,1.);
#5686 = DIRECTION('',(0.,0.,-1.));
#5687 = ORIENTED_EDGE('',*,*,#5688,.F.);
#5688 = EDGE_CURVE('',#3365,#5681,#5689,.T.);
#5689 = LINE('',#5690,#5691);
#5690 = CARTESIAN_POINT('',(56.583761459312,-74.4,-4.));
#5691 = VECTOR('',#5692,1.);
#5692 = DIRECTION('',(-1.,0.,0.));
#5693 = ORIENTED_EDGE('',*,*,#3364,.F.);
#5694 = ORIENTED_EDGE('',*,*,#5473,.F.);
#5695 = ORIENTED_EDGE('',*,*,#5696,.T.);
#5696 = EDGE_CURVE('',#5465,#5697,#5699,.T.);
#5697 = VERTEX_POINT('',#5698);
#5698 = CARTESIAN_POINT('',(45.220973233824,-74.4,-2.));
#5699 = LINE('',#5700,#5701);
#5700 = CARTESIAN_POINT('',(45.220973233824,-74.4,-1.));
#5701 = VECTOR('',#5702,1.);
#5702 = DIRECTION('',(-0.,-0.,-1.));
#5703 = ORIENTED_EDGE('',*,*,#5704,.F.);
#5704 = EDGE_CURVE('',#5672,#5697,#5705,.T.);
#5705 = HYPERBOLA('',#5706,0.7,0.7);
#5706 = AXIS2_PLACEMENT_3D('',#5707,#5708,#5709);
#5707 = CARTESIAN_POINT('',(51.18,-74.4,-8.));
#5708 = DIRECTION('',(0.,-1.,0.));
#5709 = DIRECTION('',(0.,0.,1.));
#5710 = PLANE('',#5711);
#5711 = AXIS2_PLACEMENT_3D('',#5712,#5713,#5714);
#5712 = CARTESIAN_POINT('',(46.600301038771,-74.4,-2.813871900994));
#5713 = DIRECTION('',(1.465E-14,-1.,-4.41E-15));
#5714 = DIRECTION('',(-1.,-1.465E-14,0.));
#5715 = ADVANCED_FACE('',(#5716),#5735,.F.);
#5716 = FACE_BOUND('',#5717,.F.);
#5717 = EDGE_LOOP('',(#5718,#5726,#5733,#5734));
#5718 = ORIENTED_EDGE('',*,*,#5719,.T.);
#5719 = EDGE_CURVE('',#3373,#5720,#5722,.T.);
#5720 = VERTEX_POINT('',#5721);
#5721 = CARTESIAN_POINT('',(46.555067568061,-73.2,-4.));
#5722 = LINE('',#5723,#5724);
#5723 = CARTESIAN_POINT('',(47.09,-73.2,-4.));
#5724 = VECTOR('',#5725,1.);
#5725 = DIRECTION('',(-1.,0.,0.));
#5726 = ORIENTED_EDGE('',*,*,#5727,.F.);
#5727 = EDGE_CURVE('',#5681,#5720,#5728,.T.);
#5728 = CIRCLE('',#5729,5.);
#5729 = AXIS2_PLACEMENT_3D('',#5730,#5731,#5732);
#5730 = CARTESIAN_POINT('',(51.18,-75.1,-4.));
#5731 = DIRECTION('',(0.,0.,-1.));
#5732 = DIRECTION('',(1.,0.,0.));
#5733 = ORIENTED_EDGE('',*,*,#5688,.F.);
#5734 = ORIENTED_EDGE('',*,*,#3372,.F.);
#5735 = PLANE('',#5736);
#5736 = AXIS2_PLACEMENT_3D('',#5737,#5738,#5739);
#5737 = CARTESIAN_POINT('',(51.18,-72.25,-4.));
#5738 = DIRECTION('',(0.,0.,1.));
#5739 = DIRECTION('',(1.,0.,0.));
#5740 = ADVANCED_FACE('',(#5741),#5769,.T.);
#5741 = FACE_BOUND('',#5742,.T.);
#5742 = EDGE_LOOP('',(#5743,#5751,#5752,#5753,#5754,#5762));
#5743 = ORIENTED_EDGE('',*,*,#5744,.F.);
#5744 = EDGE_CURVE('',#5457,#5745,#5747,.T.);
#5745 = VERTEX_POINT('',#5746);
#5746 = CARTESIAN_POINT('',(45.488778689947,-73.2,-2.));
#5747 = LINE('',#5748,#5749);
#5748 = CARTESIAN_POINT('',(45.488778689947,-73.2,-1.));
#5749 = VECTOR('',#5750,1.);
#5750 = DIRECTION('',(-0.,-0.,-1.));
#5751 = ORIENTED_EDGE('',*,*,#5456,.T.);
#5752 = ORIENTED_EDGE('',*,*,#3381,.T.);
#5753 = ORIENTED_EDGE('',*,*,#5719,.T.);
#5754 = ORIENTED_EDGE('',*,*,#5755,.F.);
#5755 = EDGE_CURVE('',#5756,#5720,#5758,.T.);
#5756 = VERTEX_POINT('',#5757);
#5757 = CARTESIAN_POINT('',(46.555067568061,-73.2,-3.));
#5758 = LINE('',#5759,#5760);
#5759 = CARTESIAN_POINT('',(46.555067568061,-73.2,-2.));
#5760 = VECTOR('',#5761,1.);
#5761 = DIRECTION('',(0.,0.,-1.));
#5762 = ORIENTED_EDGE('',*,*,#5763,.F.);
#5763 = EDGE_CURVE('',#5745,#5756,#5764,.T.);
#5764 = HYPERBOLA('',#5765,1.9,1.9);
#5765 = AXIS2_PLACEMENT_3D('',#5766,#5767,#5768);
#5766 = CARTESIAN_POINT('',(51.18,-73.2,-8.));
#5767 = DIRECTION('',(0.,1.,0.));
#5768 = DIRECTION('',(0.,0.,1.));
#5769 = PLANE('',#5770);
#5770 = AXIS2_PLACEMENT_3D('',#5771,#5772,#5773);
#5771 = CARTESIAN_POINT('',(46.968445764021,-73.2,-2.808148508601));
#5772 = DIRECTION('',(-4.67E-15,1.,1.12E-15));
#5773 = DIRECTION('',(1.,4.67E-15,0.));
#5774 = ADVANCED_FACE('',(#5775),#5795,.F.);
#5775 = FACE_BOUND('',#5776,.F.);
#5776 = EDGE_LOOP('',(#5777,#5778,#5779,#5787,#5794));
#5777 = ORIENTED_EDGE('',*,*,#3457,.T.);
#5778 = ORIENTED_EDGE('',*,*,#3448,.T.);
#5779 = ORIENTED_EDGE('',*,*,#5780,.T.);
#5780 = EDGE_CURVE('',#3449,#5781,#5783,.T.);
#5781 = VERTEX_POINT('',#5782);
#5782 = CARTESIAN_POINT('',(55.,-83.5,-0.5));
#5783 = LINE('',#5784,#5785);
#5784 = CARTESIAN_POINT('',(54.75,-83.5,-0.25));
#5785 = VECTOR('',#5786,1.);
#5786 = DIRECTION('',(0.707106781187,9.E-17,-0.707106781187));
#5787 = ORIENTED_EDGE('',*,*,#5788,.F.);
#5788 = EDGE_CURVE('',#5781,#5781,#5789,.T.);
#5789 = CIRCLE('',#5790,3.75);
#5790 = AXIS2_PLACEMENT_3D('',#5791,#5792,#5793);
#5791 = CARTESIAN_POINT('',(58.75,-83.5,-0.5));
#5792 = DIRECTION('',(0.,0.,-1.));
#5793 = DIRECTION('',(1.,0.,0.));
#5794 = ORIENTED_EDGE('',*,*,#5780,.F.);
#5795 = CONICAL_SURFACE('',#5796,4.,0.785398163397);
#5796 = AXIS2_PLACEMENT_3D('',#5797,#5798,#5799);
#5797 = CARTESIAN_POINT('',(58.75,-83.5,-0.25));
#5798 = DIRECTION('',(0.,0.,1.));
#5799 = DIRECTION('',(1.,0.,0.));
#5800 = ADVANCED_FACE('',(#5801),#5828,.F.);
#5801 = FACE_BOUND('',#5802,.F.);
#5802 = EDGE_LOOP('',(#5803,#5811,#5812,#5813,#5821));
#5803 = ORIENTED_EDGE('',*,*,#5804,.F.);
#5804 = EDGE_CURVE('',#3543,#5805,#5807,.T.);
#5805 = VERTEX_POINT('',#5806);
#5806 = CARTESIAN_POINT('',(73.139026766176,-74.4,-2.));
#5807 = LINE('',#5808,#5809);
#5808 = CARTESIAN_POINT('',(70.864087403958,-74.4,-2.));
#5809 = VECTOR('',#5810,1.);
#5810 = DIRECTION('',(1.,6.25E-15,-4.1E-15));
#5811 = ORIENTED_EDGE('',*,*,#3550,.F.);
#5812 = ORIENTED_EDGE('',*,*,#3482,.F.);
#5813 = ORIENTED_EDGE('',*,*,#5814,.T.);
#5814 = EDGE_CURVE('',#3483,#5815,#5817,.T.);
#5815 = VERTEX_POINT('',#5816);
#5816 = CARTESIAN_POINT('',(73.139026766176,-75.8,-2.));
#5817 = LINE('',#5818,#5819);
#5818 = CARTESIAN_POINT('',(70.864087403958,-75.8,-2.));
#5819 = VECTOR('',#5820,1.);
#5820 = DIRECTION('',(1.,-6.25E-15,-8.E-15));
#5821 = ORIENTED_EDGE('',*,*,#5822,.T.);
#5822 = EDGE_CURVE('',#5815,#5805,#5823,.T.);
#5823 = CIRCLE('',#5824,6.);
#5824 = AXIS2_PLACEMENT_3D('',#5825,#5826,#5827);
#5825 = CARTESIAN_POINT('',(67.18,-75.1,-2.));
#5826 = DIRECTION('',(3.944304526105E-31,-2.728E-14,1.));
#5827 = DIRECTION('',(0.993171127696,-0.116666666667,-3.182666666667E-15
    ));
#5828 = PLANE('',#5829);
#5829 = AXIS2_PLACEMENT_3D('',#5830,#5831,#5832);
#5830 = CARTESIAN_POINT('',(37.875,-53.,-2.));
#5831 = DIRECTION('',(0.,0.,1.));
#5832 = DIRECTION('',(1.,0.,0.));
#5833 = ADVANCED_FACE('',(#5834),#5870,.T.);
#5834 = FACE_BOUND('',#5835,.T.);
#5835 = EDGE_LOOP('',(#5836,#5837,#5838,#5847,#5856,#5864));
#5836 = ORIENTED_EDGE('',*,*,#3491,.F.);
#5837 = ORIENTED_EDGE('',*,*,#5814,.T.);
#5838 = ORIENTED_EDGE('',*,*,#5839,.F.);
#5839 = EDGE_CURVE('',#5840,#5815,#5842,.T.);
#5840 = VERTEX_POINT('',#5841);
#5841 = CARTESIAN_POINT('',(72.93,-75.8,-2.207548014873));
#5842 = HYPERBOLA('',#5843,0.7,0.7);
#5843 = AXIS2_PLACEMENT_3D('',#5844,#5845,#5846);
#5844 = CARTESIAN_POINT('',(67.18,-75.8,-8.));
#5845 = DIRECTION('',(0.,1.,0.));
#5846 = DIRECTION('',(0.,0.,1.));
#5847 = ORIENTED_EDGE('',*,*,#5848,.F.);
#5848 = EDGE_CURVE('',#5849,#5840,#5851,.T.);
#5849 = VERTEX_POINT('',#5850);
#5850 = CARTESIAN_POINT('',(72.130757517795,-75.8,-3.));
#5851 = HYPERBOLA('',#5852,0.7,0.7);
#5852 = AXIS2_PLACEMENT_3D('',#5853,#5854,#5855);
#5853 = CARTESIAN_POINT('',(67.18,-75.8,-8.));
#5854 = DIRECTION('',(0.,1.,0.));
#5855 = DIRECTION('',(0.,0.,1.));
#5856 = ORIENTED_EDGE('',*,*,#5857,.T.);
#5857 = EDGE_CURVE('',#5849,#5858,#5860,.T.);
#5858 = VERTEX_POINT('',#5859);
#5859 = CARTESIAN_POINT('',(72.130757517795,-75.8,-4.));
#5860 = LINE('',#5861,#5862);
#5861 = CARTESIAN_POINT('',(72.130757517795,-75.8,-2.));
#5862 = VECTOR('',#5863,1.);
#5863 = DIRECTION('',(0.,0.,-1.));
#5864 = ORIENTED_EDGE('',*,*,#5865,.T.);
#5865 = EDGE_CURVE('',#5858,#3492,#5866,.T.);
#5866 = LINE('',#5867,#5868);
#5867 = CARTESIAN_POINT('',(72.130757517795,-75.8,-4.));
#5868 = VECTOR('',#5869,1.);
#5869 = DIRECTION('',(-1.,0.,0.));
#5870 = PLANE('',#5871);
#5871 = AXIS2_PLACEMENT_3D('',#5872,#5873,#5874);
#5872 = CARTESIAN_POINT('',(70.864087403958,-75.8,-2.));
#5873 = DIRECTION('',(0.,1.,0.));
#5874 = DIRECTION('',(1.,0.,0.));
#5875 = ADVANCED_FACE('',(#5876),#5895,.F.);
#5876 = FACE_BOUND('',#5877,.T.);
#5877 = EDGE_LOOP('',(#5878,#5886,#5887,#5888));
#5878 = ORIENTED_EDGE('',*,*,#5879,.T.);
#5879 = EDGE_CURVE('',#5880,#3500,#5882,.T.);
#5880 = VERTEX_POINT('',#5881);
#5881 = CARTESIAN_POINT('',(62.229242482205,-75.8,-4.));
#5882 = LINE('',#5883,#5884);
#5883 = CARTESIAN_POINT('',(61.572749660234,-75.8,-4.));
#5884 = VECTOR('',#5885,1.);
#5885 = DIRECTION('',(1.,0.,0.));
#5886 = ORIENTED_EDGE('',*,*,#3499,.T.);
#5887 = ORIENTED_EDGE('',*,*,#5865,.F.);
#5888 = ORIENTED_EDGE('',*,*,#5889,.T.);
#5889 = EDGE_CURVE('',#5858,#5880,#5890,.T.);
#5890 = CIRCLE('',#5891,5.);
#5891 = AXIS2_PLACEMENT_3D('',#5892,#5893,#5894);
#5892 = CARTESIAN_POINT('',(67.18,-75.1,-4.));
#5893 = DIRECTION('',(0.,0.,-1.));
#5894 = DIRECTION('',(1.,0.,0.));
#5895 = PLANE('',#5896);
#5896 = AXIS2_PLACEMENT_3D('',#5897,#5898,#5899);
#5897 = CARTESIAN_POINT('',(67.18,-77.95,-4.));
#5898 = DIRECTION('',(0.,0.,1.));
#5899 = DIRECTION('',(1.,0.,0.));
#5900 = ADVANCED_FACE('',(#5901),#5937,.T.);
#5901 = FACE_BOUND('',#5902,.T.);
#5902 = EDGE_LOOP('',(#5903,#5912,#5913,#5914,#5922,#5930));
#5903 = ORIENTED_EDGE('',*,*,#5904,.F.);
#5904 = EDGE_CURVE('',#5805,#5905,#5907,.T.);
#5905 = VERTEX_POINT('',#5906);
#5906 = CARTESIAN_POINT('',(72.93,-74.4,-2.207548014873));
#5907 = HYPERBOLA('',#5908,0.7,0.7);
#5908 = AXIS2_PLACEMENT_3D('',#5909,#5910,#5911);
#5909 = CARTESIAN_POINT('',(67.18,-74.4,-8.));
#5910 = DIRECTION('',(0.,-1.,0.));
#5911 = DIRECTION('',(0.,0.,1.));
#5912 = ORIENTED_EDGE('',*,*,#5804,.F.);
#5913 = ORIENTED_EDGE('',*,*,#3542,.T.);
#5914 = ORIENTED_EDGE('',*,*,#5915,.T.);
#5915 = EDGE_CURVE('',#3534,#5916,#5918,.T.);
#5916 = VERTEX_POINT('',#5917);
#5917 = CARTESIAN_POINT('',(72.130757517795,-74.4,-4.));
#5918 = LINE('',#5919,#5920);
#5919 = CARTESIAN_POINT('',(70.864087403958,-74.4,-4.));
#5920 = VECTOR('',#5921,1.);
#5921 = DIRECTION('',(1.,0.,0.));
#5922 = ORIENTED_EDGE('',*,*,#5923,.F.);
#5923 = EDGE_CURVE('',#5924,#5916,#5926,.T.);
#5924 = VERTEX_POINT('',#5925);
#5925 = CARTESIAN_POINT('',(72.130757517795,-74.4,-3.));
#5926 = LINE('',#5927,#5928);
#5927 = CARTESIAN_POINT('',(72.130757517795,-74.4,-2.));
#5928 = VECTOR('',#5929,1.);
#5929 = DIRECTION('',(0.,0.,-1.));
#5930 = ORIENTED_EDGE('',*,*,#5931,.F.);
#5931 = EDGE_CURVE('',#5905,#5924,#5932,.T.);
#5932 = HYPERBOLA('',#5933,0.7,0.7);
#5933 = AXIS2_PLACEMENT_3D('',#5934,#5935,#5936);
#5934 = CARTESIAN_POINT('',(67.18,-74.4,-8.));
#5935 = DIRECTION('',(0.,-1.,0.));
#5936 = DIRECTION('',(0.,0.,1.));
#5937 = PLANE('',#5938);
#5938 = AXIS2_PLACEMENT_3D('',#5939,#5940,#5941);
#5939 = CARTESIAN_POINT('',(72.130757517795,-74.4,-2.));
#5940 = DIRECTION('',(0.,-1.,0.));
#5941 = DIRECTION('',(-1.,0.,0.));
#5942 = ADVANCED_FACE('',(#5943),#5970,.T.);
#5943 = FACE_BOUND('',#5944,.T.);
#5944 = EDGE_LOOP('',(#5945,#5955,#5961,#5962,#5963,#5964));
#5945 = ORIENTED_EDGE('',*,*,#5946,.F.);
#5946 = EDGE_CURVE('',#5947,#5949,#5951,.T.);
#5947 = VERTEX_POINT('',#5948);
#5948 = CARTESIAN_POINT('',(61.220973233824,-75.8,-2.));
#5949 = VERTEX_POINT('',#5950);
#5950 = CARTESIAN_POINT('',(62.229242482205,-75.8,-3.));
#5951 = ( BOUNDED_CURVE() B_SPLINE_CURVE(2,(#5952,#5953,#5954),
.UNSPECIFIED.,.F.,.F.) B_SPLINE_CURVE_WITH_KNOTS((3,3),(0.,
0.142007294401),.PIECEWISE_BEZIER_KNOTS.) CURVE() 
GEOMETRIC_REPRESENTATION_ITEM() RATIONAL_B_SPLINE_CURVE((1.,
1.00422751234,1.)) REPRESENTATION_ITEM('') );
#5952 = CARTESIAN_POINT('',(61.220973233824,-75.8,-2.));
#5953 = CARTESIAN_POINT('',(61.7709382784,-75.8,-2.546209403514));
#5954 = CARTESIAN_POINT('',(62.229242482205,-75.8,-3.));
#5955 = ORIENTED_EDGE('',*,*,#5956,.F.);
#5956 = EDGE_CURVE('',#4871,#5947,#5957,.T.);
#5957 = LINE('',#5958,#5959);
#5958 = CARTESIAN_POINT('',(61.220973233824,-75.8,-1.));
#5959 = VECTOR('',#5960,1.);
#5960 = DIRECTION('',(-0.,-0.,-1.));
#5961 = ORIENTED_EDGE('',*,*,#4879,.F.);
#5962 = ORIENTED_EDGE('',*,*,#3508,.T.);
#5963 = ORIENTED_EDGE('',*,*,#5879,.F.);
#5964 = ORIENTED_EDGE('',*,*,#5965,.F.);
#5965 = EDGE_CURVE('',#5949,#5880,#5966,.T.);
#5966 = LINE('',#5967,#5968);
#5967 = CARTESIAN_POINT('',(62.229242482205,-75.8,-2.));
#5968 = VECTOR('',#5969,1.);
#5969 = DIRECTION('',(0.,0.,-1.));
#5970 = PLANE('',#5971);
#5971 = AXIS2_PLACEMENT_3D('',#5972,#5973,#5974);
#5972 = CARTESIAN_POINT('',(62.547647394969,-75.8,-2.348191457641));
#5973 = DIRECTION('',(-9.4E-16,1.,-2.9E-16));
#5974 = DIRECTION('',(1.,9.4E-16,0.));
#5975 = ADVANCED_FACE('',(#5976),#5995,.F.);
#5976 = FACE_BOUND('',#5977,.T.);
#5977 = EDGE_LOOP('',(#5978,#5979,#5980,#5988));
#5978 = ORIENTED_EDGE('',*,*,#5915,.F.);
#5979 = ORIENTED_EDGE('',*,*,#3533,.T.);
#5980 = ORIENTED_EDGE('',*,*,#5981,.T.);
#5981 = EDGE_CURVE('',#3526,#5982,#5984,.T.);
#5982 = VERTEX_POINT('',#5983);
#5983 = CARTESIAN_POINT('',(62.229242482205,-74.4,-4.));
#5984 = LINE('',#5985,#5986);
#5985 = CARTESIAN_POINT('',(72.634098607125,-74.4,-4.));
#5986 = VECTOR('',#5987,1.);
#5987 = DIRECTION('',(-1.,0.,0.));
#5988 = ORIENTED_EDGE('',*,*,#5989,.T.);
#5989 = EDGE_CURVE('',#5982,#5916,#5990,.T.);
#5990 = CIRCLE('',#5991,5.);
#5991 = AXIS2_PLACEMENT_3D('',#5992,#5993,#5994);
#5992 = CARTESIAN_POINT('',(67.18,-75.1,-4.));
#5993 = DIRECTION('',(0.,0.,-1.));
#5994 = DIRECTION('',(1.,0.,0.));
#5995 = PLANE('',#5996);
#5996 = AXIS2_PLACEMENT_3D('',#5997,#5998,#5999);
#5997 = CARTESIAN_POINT('',(67.18,-72.25,-4.));
#5998 = DIRECTION('',(0.,0.,1.));
#5999 = DIRECTION('',(1.,0.,0.));
#6000 = ADVANCED_FACE('',(#6001),#6028,.T.);
#6001 = FACE_BOUND('',#6002,.T.);
#6002 = EDGE_LOOP('',(#6003,#6004,#6005,#6013,#6021,#6027));
#6003 = ORIENTED_EDGE('',*,*,#3525,.F.);
#6004 = ORIENTED_EDGE('',*,*,#4886,.F.);
#6005 = ORIENTED_EDGE('',*,*,#6006,.T.);
#6006 = EDGE_CURVE('',#4887,#6007,#6009,.T.);
#6007 = VERTEX_POINT('',#6008);
#6008 = CARTESIAN_POINT('',(61.220973233824,-74.4,-2.));
#6009 = LINE('',#6010,#6011);
#6010 = CARTESIAN_POINT('',(61.220973233824,-74.4,-1.));
#6011 = VECTOR('',#6012,1.);
#6012 = DIRECTION('',(-0.,-0.,-1.));
#6013 = ORIENTED_EDGE('',*,*,#6014,.F.);
#6014 = EDGE_CURVE('',#6015,#6007,#6017,.T.);
#6015 = VERTEX_POINT('',#6016);
#6016 = CARTESIAN_POINT('',(62.229242482205,-74.4,-3.));
#6017 = ( BOUNDED_CURVE() B_SPLINE_CURVE(2,(#6018,#6019,#6020),
.UNSPECIFIED.,.F.,.F.) B_SPLINE_CURVE_WITH_KNOTS((3,3),(0.,
0.142007294401),.PIECEWISE_BEZIER_KNOTS.) CURVE() 
GEOMETRIC_REPRESENTATION_ITEM() RATIONAL_B_SPLINE_CURVE((1.,
1.004227512339,1.)) REPRESENTATION_ITEM('') );
#6018 = CARTESIAN_POINT('',(62.229242482205,-74.4,-3.));
#6019 = CARTESIAN_POINT('',(61.7709382784,-74.4,-2.546209403515));
#6020 = CARTESIAN_POINT('',(61.220973233824,-74.4,-2.));
#6021 = ORIENTED_EDGE('',*,*,#6022,.T.);
#6022 = EDGE_CURVE('',#6015,#5982,#6023,.T.);
#6023 = LINE('',#6024,#6025);
#6024 = CARTESIAN_POINT('',(62.229242482205,-74.4,-2.));
#6025 = VECTOR('',#6026,1.);
#6026 = DIRECTION('',(0.,0.,-1.));
#6027 = ORIENTED_EDGE('',*,*,#5981,.F.);
#6028 = PLANE('',#6029);
#6029 = AXIS2_PLACEMENT_3D('',#6030,#6031,#6032);
#6030 = CARTESIAN_POINT('',(62.547647394969,-74.4,-2.348191457641));
#6031 = DIRECTION('',(-9.4E-16,-1.,-2.9E-16));
#6032 = DIRECTION('',(-1.,9.4E-16,0.));
#6033 = ADVANCED_FACE('',(#6034),#6068,.T.);
#6034 = FACE_BOUND('',#6035,.T.);
#6035 = EDGE_LOOP('',(#6036,#6046,#6054,#6060,#6061,#6062));
#6036 = ORIENTED_EDGE('',*,*,#6037,.F.);
#6037 = EDGE_CURVE('',#6038,#6040,#6042,.T.);
#6038 = VERTEX_POINT('',#6039);
#6039 = CARTESIAN_POINT('',(63.700757517795,-68.2,-3.));
#6040 = VERTEX_POINT('',#6041);
#6041 = CARTESIAN_POINT('',(64.709026766176,-68.2,-2.));
#6042 = ( BOUNDED_CURVE() B_SPLINE_CURVE(2,(#6043,#6044,#6045),
.UNSPECIFIED.,.F.,.F.) B_SPLINE_CURVE_WITH_KNOTS((3,3),(0.372485215664,
0.506257653714),.PIECEWISE_BEZIER_KNOTS.) CURVE() 
GEOMETRIC_REPRESENTATION_ITEM() RATIONAL_B_SPLINE_CURVE((1.062734342351,
1.061596719641,1.051550634977)) REPRESENTATION_ITEM('') );
#6043 = CARTESIAN_POINT('',(63.700757517795,-68.2,-3.));
#6044 = CARTESIAN_POINT('',(64.159061721607,-68.2,-2.546209403508));
#6045 = CARTESIAN_POINT('',(64.709026766182,-68.2,-1.999999999994));
#6046 = ORIENTED_EDGE('',*,*,#6047,.T.);
#6047 = EDGE_CURVE('',#6038,#6048,#6050,.T.);
#6048 = VERTEX_POINT('',#6049);
#6049 = CARTESIAN_POINT('',(63.700757517795,-68.2,-4.));
#6050 = LINE('',#6051,#6052);
#6051 = CARTESIAN_POINT('',(63.700757517795,-68.2,-2.));
#6052 = VECTOR('',#6053,1.);
#6053 = DIRECTION('',(0.,0.,-1.));
#6054 = ORIENTED_EDGE('',*,*,#6055,.F.);
#6055 = EDGE_CURVE('',#3585,#6048,#6056,.T.);
#6056 = LINE('',#6057,#6058);
#6057 = CARTESIAN_POINT('',(52.669622289935,-68.2,-4.));
#6058 = VECTOR('',#6059,1.);
#6059 = DIRECTION('',(1.,0.,0.));
#6060 = ORIENTED_EDGE('',*,*,#3584,.F.);
#6061 = ORIENTED_EDGE('',*,*,#5383,.F.);
#6062 = ORIENTED_EDGE('',*,*,#6063,.T.);
#6063 = EDGE_CURVE('',#5375,#6040,#6064,.T.);
#6064 = LINE('',#6065,#6066);
#6065 = CARTESIAN_POINT('',(64.709026766176,-68.2,-1.));
#6066 = VECTOR('',#6067,1.);
#6067 = DIRECTION('',(-0.,-0.,-1.));
#6068 = PLANE('',#6069);
#6069 = AXIS2_PLACEMENT_3D('',#6070,#6071,#6072);
#6070 = CARTESIAN_POINT('',(63.329696108459,-68.2,-2.813869027243));
#6071 = DIRECTION('',(0.,1.,0.));
#6072 = DIRECTION('',(0.,0.,1.));
#6073 = ADVANCED_FACE('',(#6074),#6093,.F.);
#6074 = FACE_BOUND('',#6075,.T.);
#6075 = EDGE_LOOP('',(#6076,#6084,#6085,#6086));
#6076 = ORIENTED_EDGE('',*,*,#6077,.T.);
#6077 = EDGE_CURVE('',#6078,#3593,#6080,.T.);
#6078 = VERTEX_POINT('',#6079);
#6079 = CARTESIAN_POINT('',(53.799242482205,-68.2,-4.));
#6080 = LINE('',#6081,#6082);
#6081 = CARTESIAN_POINT('',(52.669622289935,-68.2,-4.));
#6082 = VECTOR('',#6083,1.);
#6083 = DIRECTION('',(1.,0.,0.));
#6084 = ORIENTED_EDGE('',*,*,#3592,.T.);
#6085 = ORIENTED_EDGE('',*,*,#6055,.T.);
#6086 = ORIENTED_EDGE('',*,*,#6087,.T.);
#6087 = EDGE_CURVE('',#6048,#6078,#6088,.T.);
#6088 = CIRCLE('',#6089,5.);
#6089 = AXIS2_PLACEMENT_3D('',#6090,#6091,#6092);
#6090 = CARTESIAN_POINT('',(58.75,-67.5,-4.));
#6091 = DIRECTION('',(0.,0.,-1.));
#6092 = DIRECTION('',(1.,0.,0.));
#6093 = PLANE('',#6094);
#6094 = AXIS2_PLACEMENT_3D('',#6095,#6096,#6097);
#6095 = CARTESIAN_POINT('',(58.75,-70.35,-4.));
#6096 = DIRECTION('',(0.,0.,1.));
#6097 = DIRECTION('',(1.,0.,0.));
#6098 = ADVANCED_FACE('',(#6099),#6133,.T.);
#6099 = FACE_BOUND('',#6100,.T.);
#6100 = EDGE_LOOP('',(#6101,#6102,#6103,#6111,#6119,#6127));
#6101 = ORIENTED_EDGE('',*,*,#5391,.F.);
#6102 = ORIENTED_EDGE('',*,*,#3635,.T.);
#6103 = ORIENTED_EDGE('',*,*,#6104,.F.);
#6104 = EDGE_CURVE('',#6105,#3627,#6107,.T.);
#6105 = VERTEX_POINT('',#6106);
#6106 = CARTESIAN_POINT('',(63.700757517795,-66.8,-4.));
#6107 = LINE('',#6108,#6109);
#6108 = CARTESIAN_POINT('',(64.337204656145,-66.8,-4.));
#6109 = VECTOR('',#6110,1.);
#6110 = DIRECTION('',(-1.,0.,0.));
#6111 = ORIENTED_EDGE('',*,*,#6112,.F.);
#6112 = EDGE_CURVE('',#6113,#6105,#6115,.T.);
#6113 = VERTEX_POINT('',#6114);
#6114 = CARTESIAN_POINT('',(63.700757517795,-66.8,-3.));
#6115 = LINE('',#6116,#6117);
#6116 = CARTESIAN_POINT('',(63.700757517795,-66.8,-2.));
#6117 = VECTOR('',#6118,1.);
#6118 = DIRECTION('',(0.,0.,-1.));
#6119 = ORIENTED_EDGE('',*,*,#6120,.F.);
#6120 = EDGE_CURVE('',#6121,#6113,#6123,.T.);
#6121 = VERTEX_POINT('',#6122);
#6122 = CARTESIAN_POINT('',(64.709026766176,-66.8,-2.));
#6123 = ( BOUNDED_CURVE() B_SPLINE_CURVE(2,(#6124,#6125,#6126),
.UNSPECIFIED.,.F.,.F.) B_SPLINE_CURVE_WITH_KNOTS((3,3),(0.,
0.142007294401),.PIECEWISE_BEZIER_KNOTS.) CURVE() 
GEOMETRIC_REPRESENTATION_ITEM() RATIONAL_B_SPLINE_CURVE((1.,
1.00422751234,1.)) REPRESENTATION_ITEM('') );
#6124 = CARTESIAN_POINT('',(64.709026766176,-66.8,-2.));
#6125 = CARTESIAN_POINT('',(64.1590617216,-66.8,-2.546209403514));
#6126 = CARTESIAN_POINT('',(63.700757517795,-66.8,-3.));
#6127 = ORIENTED_EDGE('',*,*,#6128,.F.);
#6128 = EDGE_CURVE('',#5392,#6121,#6129,.T.);
#6129 = LINE('',#6130,#6131);
#6130 = CARTESIAN_POINT('',(64.709026766176,-66.8,-1.));
#6131 = VECTOR('',#6132,1.);
#6132 = DIRECTION('',(-0.,-0.,-1.));
#6133 = PLANE('',#6134);
#6134 = AXIS2_PLACEMENT_3D('',#6135,#6136,#6137);
#6135 = CARTESIAN_POINT('',(63.329696108546,-66.8,-2.813869027312));
#6136 = DIRECTION('',(-0.,-1.,-0.));
#6137 = DIRECTION('',(0.,0.,-1.));
#6138 = ADVANCED_FACE('',(#6139),#6166,.T.);
#6139 = FACE_BOUND('',#6140,.T.);
#6140 = EDGE_LOOP('',(#6141,#6149,#6150,#6151,#6152,#6160));
#6141 = ORIENTED_EDGE('',*,*,#6142,.F.);
#6142 = EDGE_CURVE('',#5416,#6143,#6145,.T.);
#6143 = VERTEX_POINT('',#6144);
#6144 = CARTESIAN_POINT('',(53.,-68.2,-2.207548014873));
#6145 = LINE('',#6146,#6147);
#6146 = CARTESIAN_POINT('',(53.,-68.2,-1.));
#6147 = VECTOR('',#6148,1.);
#6148 = DIRECTION('',(-0.,-0.,-1.));
#6149 = ORIENTED_EDGE('',*,*,#5415,.F.);
#6150 = ORIENTED_EDGE('',*,*,#3601,.T.);
#6151 = ORIENTED_EDGE('',*,*,#6077,.F.);
#6152 = ORIENTED_EDGE('',*,*,#6153,.F.);
#6153 = EDGE_CURVE('',#6154,#6078,#6156,.T.);
#6154 = VERTEX_POINT('',#6155);
#6155 = CARTESIAN_POINT('',(53.799242482205,-68.2,-3.));
#6156 = LINE('',#6157,#6158);
#6157 = CARTESIAN_POINT('',(53.799242482205,-68.2,-2.));
#6158 = VECTOR('',#6159,1.);
#6159 = DIRECTION('',(0.,0.,-1.));
#6160 = ORIENTED_EDGE('',*,*,#6161,.F.);
#6161 = EDGE_CURVE('',#6143,#6154,#6162,.T.);
#6162 = ( BOUNDED_CURVE() B_SPLINE_CURVE(2,(#6163,#6164,#6165),
.UNSPECIFIED.,.F.,.F.) B_SPLINE_CURVE_WITH_KNOTS((3,3),(0.,
0.142007294401),.PIECEWISE_BEZIER_KNOTS.) CURVE() 
GEOMETRIC_REPRESENTATION_ITEM() RATIONAL_B_SPLINE_CURVE((1.,
1.004227512355,1.)) REPRESENTATION_ITEM('') );
#6163 = CARTESIAN_POINT('',(52.790973233824,-68.2,-2.));
#6164 = CARTESIAN_POINT('',(53.340938278343,-68.2,-2.546209403458));
#6165 = CARTESIAN_POINT('',(53.799242482205,-68.2,-3.));
#6166 = PLANE('',#6167);
#6167 = AXIS2_PLACEMENT_3D('',#6168,#6169,#6170);
#6168 = CARTESIAN_POINT('',(54.222431659961,-68.2,-2.851668354066));
#6169 = DIRECTION('',(-8.3E-16,1.,0.));
#6170 = DIRECTION('',(1.,8.3E-16,0.));
#6171 = ADVANCED_FACE('',(#6172),#6191,.F.);
#6172 = FACE_BOUND('',#6173,.T.);
#6173 = EDGE_LOOP('',(#6174,#6175,#6176,#6184));
#6174 = ORIENTED_EDGE('',*,*,#6104,.T.);
#6175 = ORIENTED_EDGE('',*,*,#3626,.T.);
#6176 = ORIENTED_EDGE('',*,*,#6177,.T.);
#6177 = EDGE_CURVE('',#3619,#6178,#6180,.T.);
#6178 = VERTEX_POINT('',#6179);
#6179 = CARTESIAN_POINT('',(53.799242482205,-66.8,-4.));
#6180 = LINE('',#6181,#6182);
#6181 = CARTESIAN_POINT('',(64.337204656145,-66.8,-4.));
#6182 = VECTOR('',#6183,1.);
#6183 = DIRECTION('',(-1.,0.,0.));
#6184 = ORIENTED_EDGE('',*,*,#6185,.T.);
#6185 = EDGE_CURVE('',#6178,#6105,#6186,.T.);
#6186 = CIRCLE('',#6187,5.);
#6187 = AXIS2_PLACEMENT_3D('',#6188,#6189,#6190);
#6188 = CARTESIAN_POINT('',(58.75,-67.5,-4.));
#6189 = DIRECTION('',(0.,0.,-1.));
#6190 = DIRECTION('',(1.,0.,0.));
#6191 = PLANE('',#6192);
#6192 = AXIS2_PLACEMENT_3D('',#6193,#6194,#6195);
#6193 = CARTESIAN_POINT('',(58.75,-64.65,-4.));
#6194 = DIRECTION('',(0.,0.,1.));
#6195 = DIRECTION('',(1.,0.,0.));
#6196 = ADVANCED_FACE('',(#6197),#6224,.T.);
#6197 = FACE_BOUND('',#6198,.T.);
#6198 = EDGE_LOOP('',(#6199,#6209,#6215,#6216,#6217,#6218));
#6199 = ORIENTED_EDGE('',*,*,#6200,.F.);
#6200 = EDGE_CURVE('',#6201,#6203,#6205,.T.);
#6201 = VERTEX_POINT('',#6202);
#6202 = CARTESIAN_POINT('',(53.799242482205,-66.8,-3.));
#6203 = VERTEX_POINT('',#6204);
#6204 = CARTESIAN_POINT('',(52.790973233824,-66.8,-2.));
#6205 = ( BOUNDED_CURVE() B_SPLINE_CURVE(2,(#6206,#6207,#6208),
.UNSPECIFIED.,.F.,.F.) B_SPLINE_CURVE_WITH_KNOTS((3,3),(0.,
0.142007294401),.PIECEWISE_BEZIER_KNOTS.) CURVE() 
GEOMETRIC_REPRESENTATION_ITEM() RATIONAL_B_SPLINE_CURVE((1.,
1.00422751234,1.)) REPRESENTATION_ITEM('') );
#6206 = CARTESIAN_POINT('',(53.799242482205,-66.8,-3.));
#6207 = CARTESIAN_POINT('',(53.3409382784,-66.8,-2.546209403514));
#6208 = CARTESIAN_POINT('',(52.790973233824,-66.8,-2.));
#6209 = ORIENTED_EDGE('',*,*,#6210,.T.);
#6210 = EDGE_CURVE('',#6201,#6178,#6211,.T.);
#6211 = LINE('',#6212,#6213);
#6212 = CARTESIAN_POINT('',(53.799242482205,-66.8,-2.));
#6213 = VECTOR('',#6214,1.);
#6214 = DIRECTION('',(0.,0.,-1.));
#6215 = ORIENTED_EDGE('',*,*,#6177,.F.);
#6216 = ORIENTED_EDGE('',*,*,#3618,.F.);
#6217 = ORIENTED_EDGE('',*,*,#5408,.F.);
#6218 = ORIENTED_EDGE('',*,*,#6219,.T.);
#6219 = EDGE_CURVE('',#5400,#6203,#6220,.T.);
#6220 = LINE('',#6221,#6222);
#6221 = CARTESIAN_POINT('',(52.790973233824,-66.8,-1.));
#6222 = VECTOR('',#6223,1.);
#6223 = DIRECTION('',(-0.,-0.,-1.));
#6224 = PLANE('',#6225);
#6225 = AXIS2_PLACEMENT_3D('',#6226,#6227,#6228);
#6226 = CARTESIAN_POINT('',(54.170303891454,-66.8,-2.813869027312));
#6227 = DIRECTION('',(-0.,-1.,-0.));
#6228 = DIRECTION('',(0.,0.,-1.));
#6229 = ADVANCED_FACE('',(#6230,#6273),#6279,.F.);
#6230 = FACE_BOUND('',#6231,.F.);
#6231 = EDGE_LOOP('',(#6232,#6242,#6250,#6258,#6266));
#6232 = ORIENTED_EDGE('',*,*,#6233,.F.);
#6233 = EDGE_CURVE('',#6234,#6236,#6238,.T.);
#6234 = VERTEX_POINT('',#6235);
#6235 = CARTESIAN_POINT('',(5.9,-4.9,0.));
#6236 = VERTEX_POINT('',#6237);
#6237 = CARTESIAN_POINT('',(75.648304841223,-4.9,0.));
#6238 = LINE('',#6239,#6240);
#6239 = CARTESIAN_POINT('',(5.9,-4.9,0.));
#6240 = VECTOR('',#6241,1.);
#6241 = DIRECTION('',(1.,0.,0.));
#6242 = ORIENTED_EDGE('',*,*,#6243,.F.);
#6243 = EDGE_CURVE('',#6244,#6234,#6246,.T.);
#6244 = VERTEX_POINT('',#6245);
#6245 = CARTESIAN_POINT('',(5.9,-55.,0.));
#6246 = LINE('',#6247,#6248);
#6247 = CARTESIAN_POINT('',(5.9,-55.,0.));
#6248 = VECTOR('',#6249,1.);
#6249 = DIRECTION('',(0.,1.,0.));
#6250 = ORIENTED_EDGE('',*,*,#6251,.T.);
#6251 = EDGE_CURVE('',#6244,#6252,#6254,.T.);
#6252 = VERTEX_POINT('',#6253);
#6253 = CARTESIAN_POINT('',(75.75,-55.,0.));
#6254 = LINE('',#6255,#6256);
#6255 = CARTESIAN_POINT('',(5.9,-55.,0.));
#6256 = VECTOR('',#6257,1.);
#6257 = DIRECTION('',(1.,0.,0.));
#6258 = ORIENTED_EDGE('',*,*,#6259,.F.);
#6259 = EDGE_CURVE('',#6260,#6252,#6262,.T.);
#6260 = VERTEX_POINT('',#6261);
#6261 = CARTESIAN_POINT('',(75.75,-6.,0.));
#6262 = LINE('',#6263,#6264);
#6263 = CARTESIAN_POINT('',(75.75,-56.85,0.));
#6264 = VECTOR('',#6265,1.);
#6265 = DIRECTION('',(-8.E-17,-1.,0.));
#6266 = ORIENTED_EDGE('',*,*,#6267,.F.);
#6267 = EDGE_CURVE('',#6236,#6260,#6268,.T.);
#6268 = CIRCLE('',#6269,6.);
#6269 = AXIS2_PLACEMENT_3D('',#6270,#6271,#6272);
#6270 = CARTESIAN_POINT('',(69.75,-6.,0.));
#6271 = DIRECTION('',(0.,0.,-1.));
#6272 = DIRECTION('',(0.707106781187,0.707106781187,0.));
#6273 = FACE_BOUND('',#6274,.F.);
#6274 = EDGE_LOOP('',(#6275,#6276,#6277,#6278));
#6275 = ORIENTED_EDGE('',*,*,#3717,.F.);
#6276 = ORIENTED_EDGE('',*,*,#3741,.F.);
#6277 = ORIENTED_EDGE('',*,*,#3669,.F.);
#6278 = ORIENTED_EDGE('',*,*,#3693,.F.);
#6279 = PLANE('',#6280);
#6280 = AXIS2_PLACEMENT_3D('',#6281,#6282,#6283);
#6281 = CARTESIAN_POINT('',(5.9,-55.,0.));
#6282 = DIRECTION('',(0.,0.,1.));
#6283 = DIRECTION('',(1.,0.,0.));
#6284 = ADVANCED_FACE('',(#6285),#6311,.T.);
#6285 = FACE_BOUND('',#6286,.T.);
#6286 = EDGE_LOOP('',(#6287,#6298,#6304,#6305));
#6287 = ORIENTED_EDGE('',*,*,#6288,.F.);
#6288 = EDGE_CURVE('',#6289,#6291,#6293,.T.);
#6289 = VERTEX_POINT('',#6290);
#6290 = CARTESIAN_POINT('',(25.95,-88.95,-3.));
#6291 = VERTEX_POINT('',#6292);
#6292 = CARTESIAN_POINT('',(23.45,-91.45,-3.));
#6293 = CIRCLE('',#6294,2.5);
#6294 = AXIS2_PLACEMENT_3D('',#6295,#6296,#6297);
#6295 = CARTESIAN_POINT('',(25.95,-91.45,-3.));
#6296 = DIRECTION('',(0.,0.,1.));
#6297 = DIRECTION('',(-0.707106781187,0.707106781187,0.));
#6298 = ORIENTED_EDGE('',*,*,#6299,.T.);
#6299 = EDGE_CURVE('',#6289,#3757,#6300,.T.);
#6300 = LINE('',#6301,#6302);
#6301 = CARTESIAN_POINT('',(25.95,-88.95,0.));
#6302 = VECTOR('',#6303,1.);
#6303 = DIRECTION('',(0.,0.,-1.));
#6304 = ORIENTED_EDGE('',*,*,#3756,.T.);
#6305 = ORIENTED_EDGE('',*,*,#6306,.T.);
#6306 = EDGE_CURVE('',#3759,#6291,#6307,.T.);
#6307 = LINE('',#6308,#6309);
#6308 = CARTESIAN_POINT('',(23.45,-91.45,0.));
#6309 = VECTOR('',#6310,1.);
#6310 = DIRECTION('',(0.,0.,1.));
#6311 = CYLINDRICAL_SURFACE('',#6312,2.5);
#6312 = AXIS2_PLACEMENT_3D('',#6313,#6314,#6315);
#6313 = CARTESIAN_POINT('',(25.95,-91.45,0.));
#6314 = DIRECTION('',(0.,0.,-1.));
#6315 = DIRECTION('',(-0.707106781187,0.707106781187,0.));
#6316 = ADVANCED_FACE('',(#6317),#6335,.T.);
#6317 = FACE_BOUND('',#6318,.T.);
#6318 = EDGE_LOOP('',(#6319,#6327,#6333,#6334));
#6319 = ORIENTED_EDGE('',*,*,#6320,.F.);
#6320 = EDGE_CURVE('',#6321,#6289,#6323,.T.);
#6321 = VERTEX_POINT('',#6322);
#6322 = CARTESIAN_POINT('',(43.05,-88.95,-3.));
#6323 = LINE('',#6324,#6325);
#6324 = CARTESIAN_POINT('',(30.6625,-88.95,-3.));
#6325 = VECTOR('',#6326,1.);
#6326 = DIRECTION('',(-1.,0.,0.));
#6327 = ORIENTED_EDGE('',*,*,#6328,.F.);
#6328 = EDGE_CURVE('',#3768,#6321,#6329,.T.);
#6329 = LINE('',#6330,#6331);
#6330 = CARTESIAN_POINT('',(43.05,-88.95,0.));
#6331 = VECTOR('',#6332,1.);
#6332 = DIRECTION('',(0.,0.,1.));
#6333 = ORIENTED_EDGE('',*,*,#3767,.F.);
#6334 = ORIENTED_EDGE('',*,*,#6299,.F.);
#6335 = PLANE('',#6336);
#6336 = AXIS2_PLACEMENT_3D('',#6337,#6338,#6339);
#6337 = CARTESIAN_POINT('',(23.45,-88.95,0.));
#6338 = DIRECTION('',(0.,1.,0.));
#6339 = DIRECTION('',(1.,0.,0.));
#6340 = ADVANCED_FACE('',(#6341),#6360,.T.);
#6341 = FACE_BOUND('',#6342,.T.);
#6342 = EDGE_LOOP('',(#6343,#6352,#6358,#6359));
#6343 = ORIENTED_EDGE('',*,*,#6344,.F.);
#6344 = EDGE_CURVE('',#6345,#6321,#6347,.T.);
#6345 = VERTEX_POINT('',#6346);
#6346 = CARTESIAN_POINT('',(45.55,-91.45,-3.));
#6347 = CIRCLE('',#6348,2.5);
#6348 = AXIS2_PLACEMENT_3D('',#6349,#6350,#6351);
#6349 = CARTESIAN_POINT('',(43.05,-91.45,-3.));
#6350 = DIRECTION('',(0.,-0.,1.));
#6351 = DIRECTION('',(0.707106781187,0.707106781187,0.));
#6352 = ORIENTED_EDGE('',*,*,#6353,.T.);
#6353 = EDGE_CURVE('',#6345,#3776,#6354,.T.);
#6354 = LINE('',#6355,#6356);
#6355 = CARTESIAN_POINT('',(45.55,-91.45,0.));
#6356 = VECTOR('',#6357,1.);
#6357 = DIRECTION('',(0.,0.,-1.));
#6358 = ORIENTED_EDGE('',*,*,#3775,.T.);
#6359 = ORIENTED_EDGE('',*,*,#6328,.T.);
#6360 = CYLINDRICAL_SURFACE('',#6361,2.5);
#6361 = AXIS2_PLACEMENT_3D('',#6362,#6363,#6364);
#6362 = CARTESIAN_POINT('',(43.05,-91.45,0.));
#6363 = DIRECTION('',(0.,0.,-1.));
#6364 = DIRECTION('',(0.707106781187,0.707106781187,0.));
#6365 = ADVANCED_FACE('',(#6366),#6384,.T.);
#6366 = FACE_BOUND('',#6367,.T.);
#6367 = EDGE_LOOP('',(#6368,#6376,#6382,#6383));
#6368 = ORIENTED_EDGE('',*,*,#6369,.F.);
#6369 = EDGE_CURVE('',#6370,#6345,#6372,.T.);
#6370 = VERTEX_POINT('',#6371);
#6371 = CARTESIAN_POINT('',(45.55,-92.7,-3.));
#6372 = LINE('',#6373,#6374);
#6373 = CARTESIAN_POINT('',(45.55,-70.975,-3.));
#6374 = VECTOR('',#6375,1.);
#6375 = DIRECTION('',(0.,1.,0.));
#6376 = ORIENTED_EDGE('',*,*,#6377,.F.);
#6377 = EDGE_CURVE('',#3785,#6370,#6378,.T.);
#6378 = LINE('',#6379,#6380);
#6379 = CARTESIAN_POINT('',(45.55,-92.7,0.));
#6380 = VECTOR('',#6381,1.);
#6381 = DIRECTION('',(0.,0.,1.));
#6382 = ORIENTED_EDGE('',*,*,#3784,.F.);
#6383 = ORIENTED_EDGE('',*,*,#6353,.F.);
#6384 = PLANE('',#6385);
#6385 = AXIS2_PLACEMENT_3D('',#6386,#6387,#6388);
#6386 = CARTESIAN_POINT('',(45.55,-88.95,0.));
#6387 = DIRECTION('',(1.,0.,0.));
#6388 = DIRECTION('',(0.,-1.,0.));
#6389 = ADVANCED_FACE('',(#6390),#6409,.T.);
#6390 = FACE_BOUND('',#6391,.T.);
#6391 = EDGE_LOOP('',(#6392,#6401,#6407,#6408));
#6392 = ORIENTED_EDGE('',*,*,#6393,.F.);
#6393 = EDGE_CURVE('',#6394,#6370,#6396,.T.);
#6394 = VERTEX_POINT('',#6395);
#6395 = CARTESIAN_POINT('',(43.05,-95.2,-3.));
#6396 = CIRCLE('',#6397,2.5);
#6397 = AXIS2_PLACEMENT_3D('',#6398,#6399,#6400);
#6398 = CARTESIAN_POINT('',(43.05,-92.7,-3.));
#6399 = DIRECTION('',(-0.,0.,1.));
#6400 = DIRECTION('',(0.707106781187,-0.707106781187,0.));
#6401 = ORIENTED_EDGE('',*,*,#6402,.T.);
#6402 = EDGE_CURVE('',#6394,#3793,#6403,.T.);
#6403 = LINE('',#6404,#6405);
#6404 = CARTESIAN_POINT('',(43.05,-95.2,0.));
#6405 = VECTOR('',#6406,1.);
#6406 = DIRECTION('',(0.,0.,-1.));
#6407 = ORIENTED_EDGE('',*,*,#3792,.T.);
#6408 = ORIENTED_EDGE('',*,*,#6377,.T.);
#6409 = CYLINDRICAL_SURFACE('',#6410,2.5);
#6410 = AXIS2_PLACEMENT_3D('',#6411,#6412,#6413);
#6411 = CARTESIAN_POINT('',(43.05,-92.7,0.));
#6412 = DIRECTION('',(0.,0.,-1.));
#6413 = DIRECTION('',(0.707106781187,-0.707106781187,0.));
#6414 = ADVANCED_FACE('',(#6415),#6433,.T.);
#6415 = FACE_BOUND('',#6416,.T.);
#6416 = EDGE_LOOP('',(#6417,#6425,#6431,#6432));
#6417 = ORIENTED_EDGE('',*,*,#6418,.F.);
#6418 = EDGE_CURVE('',#6419,#6394,#6421,.T.);
#6419 = VERTEX_POINT('',#6420);
#6420 = CARTESIAN_POINT('',(25.95,-95.2,-3.));
#6421 = LINE('',#6422,#6423);
#6422 = CARTESIAN_POINT('',(41.7125,-95.2,-3.));
#6423 = VECTOR('',#6424,1.);
#6424 = DIRECTION('',(1.,0.,0.));
#6425 = ORIENTED_EDGE('',*,*,#6426,.F.);
#6426 = EDGE_CURVE('',#3802,#6419,#6427,.T.);
#6427 = LINE('',#6428,#6429);
#6428 = CARTESIAN_POINT('',(25.95,-95.2,0.));
#6429 = VECTOR('',#6430,1.);
#6430 = DIRECTION('',(0.,0.,1.));
#6431 = ORIENTED_EDGE('',*,*,#3801,.F.);
#6432 = ORIENTED_EDGE('',*,*,#6402,.F.);
#6433 = PLANE('',#6434);
#6434 = AXIS2_PLACEMENT_3D('',#6435,#6436,#6437);
#6435 = CARTESIAN_POINT('',(45.55,-95.2,0.));
#6436 = DIRECTION('',(0.,-1.,0.));
#6437 = DIRECTION('',(-1.,0.,0.));
#6438 = ADVANCED_FACE('',(#6439),#6458,.T.);
#6439 = FACE_BOUND('',#6440,.T.);
#6440 = EDGE_LOOP('',(#6441,#6450,#6456,#6457));
#6441 = ORIENTED_EDGE('',*,*,#6442,.F.);
#6442 = EDGE_CURVE('',#6443,#6419,#6445,.T.);
#6443 = VERTEX_POINT('',#6444);
#6444 = CARTESIAN_POINT('',(23.45,-92.7,-3.));
#6445 = CIRCLE('',#6446,2.5);
#6446 = AXIS2_PLACEMENT_3D('',#6447,#6448,#6449);
#6447 = CARTESIAN_POINT('',(25.95,-92.7,-3.));
#6448 = DIRECTION('',(0.,0.,1.));
#6449 = DIRECTION('',(-0.707106781187,-0.707106781187,0.));
#6450 = ORIENTED_EDGE('',*,*,#6451,.T.);
#6451 = EDGE_CURVE('',#6443,#3810,#6452,.T.);
#6452 = LINE('',#6453,#6454);
#6453 = CARTESIAN_POINT('',(23.45,-92.7,0.));
#6454 = VECTOR('',#6455,1.);
#6455 = DIRECTION('',(0.,0.,-1.));
#6456 = ORIENTED_EDGE('',*,*,#3809,.T.);
#6457 = ORIENTED_EDGE('',*,*,#6426,.T.);
#6458 = CYLINDRICAL_SURFACE('',#6459,2.5);
#6459 = AXIS2_PLACEMENT_3D('',#6460,#6461,#6462);
#6460 = CARTESIAN_POINT('',(25.95,-92.7,0.));
#6461 = DIRECTION('',(0.,0.,-1.));
#6462 = DIRECTION('',(-0.707106781187,-0.707106781187,-0.));
#6463 = ADVANCED_FACE('',(#6464),#6475,.T.);
#6464 = FACE_BOUND('',#6465,.T.);
#6465 = EDGE_LOOP('',(#6466,#6472,#6473,#6474));
#6466 = ORIENTED_EDGE('',*,*,#6467,.F.);
#6467 = EDGE_CURVE('',#6291,#6443,#6468,.T.);
#6468 = LINE('',#6469,#6470);
#6469 = CARTESIAN_POINT('',(23.45,-74.1,-3.));
#6470 = VECTOR('',#6471,1.);
#6471 = DIRECTION('',(0.,-1.,0.));
#6472 = ORIENTED_EDGE('',*,*,#6306,.F.);
#6473 = ORIENTED_EDGE('',*,*,#3818,.F.);
#6474 = ORIENTED_EDGE('',*,*,#6451,.F.);
#6475 = PLANE('',#6476);
#6476 = AXIS2_PLACEMENT_3D('',#6477,#6478,#6479);
#6477 = CARTESIAN_POINT('',(23.45,-95.2,0.));
#6478 = DIRECTION('',(-1.,0.,0.));
#6479 = DIRECTION('',(0.,1.,0.));
#6480 = ADVANCED_FACE('',(#6481),#6510,.F.);
#6481 = FACE_BOUND('',#6482,.T.);
#6482 = EDGE_LOOP('',(#6483,#6484,#6492,#6500,#6506,#6507,#6508,#6509));
#6483 = ORIENTED_EDGE('',*,*,#4674,.F.);
#6484 = ORIENTED_EDGE('',*,*,#6485,.F.);
#6485 = EDGE_CURVE('',#6486,#4675,#6488,.T.);
#6486 = VERTEX_POINT('',#6487);
#6487 = CARTESIAN_POINT('',(76.75,-24.5,-4.));
#6488 = LINE('',#6489,#6490);
#6489 = CARTESIAN_POINT('',(76.75,-24.5,-4.));
#6490 = VECTOR('',#6491,1.);
#6491 = DIRECTION('',(0.,0.,-1.));
#6492 = ORIENTED_EDGE('',*,*,#6493,.T.);
#6493 = EDGE_CURVE('',#6486,#6494,#6496,.T.);
#6494 = VERTEX_POINT('',#6495);
#6495 = CARTESIAN_POINT('',(76.75,-12.5,-4.));
#6496 = LINE('',#6497,#6498);
#6497 = CARTESIAN_POINT('',(76.75,-24.5,-4.));
#6498 = VECTOR('',#6499,1.);
#6499 = DIRECTION('',(0.,1.,0.));
#6500 = ORIENTED_EDGE('',*,*,#6501,.T.);
#6501 = EDGE_CURVE('',#6494,#3863,#6502,.T.);
#6502 = LINE('',#6503,#6504);
#6503 = CARTESIAN_POINT('',(76.75,-12.5,-4.));
#6504 = VECTOR('',#6505,1.);
#6505 = DIRECTION('',(0.,0.,-1.));
#6506 = ORIENTED_EDGE('',*,*,#3862,.F.);
#6507 = ORIENTED_EDGE('',*,*,#4530,.F.);
#6508 = ORIENTED_EDGE('',*,*,#4578,.F.);
#6509 = ORIENTED_EDGE('',*,*,#4626,.F.);
#6510 = PLANE('',#6511);
#6511 = AXIS2_PLACEMENT_3D('',#6512,#6513,#6514);
#6512 = CARTESIAN_POINT('',(76.75,-12.5,-4.));
#6513 = DIRECTION('',(1.,0.,0.));
#6514 = DIRECTION('',(0.,-1.,0.));
#6515 = ADVANCED_FACE('',(#6516),#6534,.F.);
#6516 = FACE_BOUND('',#6517,.T.);
#6517 = EDGE_LOOP('',(#6518,#6519,#6520,#6528));
#6518 = ORIENTED_EDGE('',*,*,#3870,.F.);
#6519 = ORIENTED_EDGE('',*,*,#6501,.F.);
#6520 = ORIENTED_EDGE('',*,*,#6521,.F.);
#6521 = EDGE_CURVE('',#6522,#6494,#6524,.T.);
#6522 = VERTEX_POINT('',#6523);
#6523 = CARTESIAN_POINT('',(75.75,-12.5,-4.));
#6524 = LINE('',#6525,#6526);
#6525 = CARTESIAN_POINT('',(75.75,-12.5,-4.));
#6526 = VECTOR('',#6527,1.);
#6527 = DIRECTION('',(1.,0.,0.));
#6528 = ORIENTED_EDGE('',*,*,#6529,.F.);
#6529 = EDGE_CURVE('',#3871,#6522,#6530,.T.);
#6530 = LINE('',#6531,#6532);
#6531 = CARTESIAN_POINT('',(75.75,-12.5,-2.));
#6532 = VECTOR('',#6533,1.);
#6533 = DIRECTION('',(0.,0.,1.));
#6534 = PLANE('',#6535);
#6535 = AXIS2_PLACEMENT_3D('',#6536,#6537,#6538);
#6536 = CARTESIAN_POINT('',(75.75,-12.5,-4.));
#6537 = DIRECTION('',(0.,1.,0.));
#6538 = DIRECTION('',(1.,0.,0.));
#6539 = ADVANCED_FACE('',(#6540),#6660,.T.);
#6540 = FACE_BOUND('',#6541,.T.);
#6541 = EDGE_LOOP('',(#6542,#6552,#6560,#6566,#6567,#6575,#6583,#6591,
    #6599,#6605,#6606,#6607,#6615,#6621,#6622,#6623,#6624,#6625,#6626,
    #6627,#6628,#6629,#6630,#6638,#6646,#6654));
#6542 = ORIENTED_EDGE('',*,*,#6543,.F.);
#6543 = EDGE_CURVE('',#6544,#6546,#6548,.T.);
#6544 = VERTEX_POINT('',#6545);
#6545 = CARTESIAN_POINT('',(75.75,-55.05,-2.));
#6546 = VERTEX_POINT('',#6547);
#6547 = CARTESIAN_POINT('',(75.75,-55.05,-3.5));
#6548 = LINE('',#6549,#6550);
#6549 = CARTESIAN_POINT('',(75.75,-55.05,0.));
#6550 = VECTOR('',#6551,1.);
#6551 = DIRECTION('',(0.,0.,-1.));
#6552 = ORIENTED_EDGE('',*,*,#6553,.T.);
#6553 = EDGE_CURVE('',#6544,#6554,#6556,.T.);
#6554 = VERTEX_POINT('',#6555);
#6555 = CARTESIAN_POINT('',(75.75,-55.,-2.));
#6556 = LINE('',#6557,#6558);
#6557 = CARTESIAN_POINT('',(75.75,-55.05,-2.));
#6558 = VECTOR('',#6559,1.);
#6559 = DIRECTION('',(0.,1.,0.));
#6560 = ORIENTED_EDGE('',*,*,#6561,.F.);
#6561 = EDGE_CURVE('',#6252,#6554,#6562,.T.);
#6562 = LINE('',#6563,#6564);
#6563 = CARTESIAN_POINT('',(75.75,-55.,-2.5));
#6564 = VECTOR('',#6565,1.);
#6565 = DIRECTION('',(0.,0.,-1.));
#6566 = ORIENTED_EDGE('',*,*,#6259,.F.);
#6567 = ORIENTED_EDGE('',*,*,#6568,.F.);
#6568 = EDGE_CURVE('',#6569,#6260,#6571,.T.);
#6569 = VERTEX_POINT('',#6570);
#6570 = CARTESIAN_POINT('',(75.75,-6.,-3.));
#6571 = LINE('',#6572,#6573);
#6572 = CARTESIAN_POINT('',(75.75,-6.,-3.));
#6573 = VECTOR('',#6574,1.);
#6574 = DIRECTION('',(0.,0.,1.));
#6575 = ORIENTED_EDGE('',*,*,#6576,.T.);
#6576 = EDGE_CURVE('',#6569,#6577,#6579,.T.);
#6577 = VERTEX_POINT('',#6578);
#6578 = CARTESIAN_POINT('',(75.75,-4.75,-3.));
#6579 = LINE('',#6580,#6581);
#6580 = CARTESIAN_POINT('',(75.75,-79.4999455167,-3.));
#6581 = VECTOR('',#6582,1.);
#6582 = DIRECTION('',(0.,1.,0.));
#6583 = ORIENTED_EDGE('',*,*,#6584,.T.);
#6584 = EDGE_CURVE('',#6577,#6585,#6587,.T.);
#6585 = VERTEX_POINT('',#6586);
#6586 = CARTESIAN_POINT('',(75.75,-4.75,-3.5));
#6587 = LINE('',#6588,#6589);
#6588 = CARTESIAN_POINT('',(75.75,-4.75,0.));
#6589 = VECTOR('',#6590,1.);
#6590 = DIRECTION('',(0.,0.,-1.));
#6591 = ORIENTED_EDGE('',*,*,#6592,.T.);
#6592 = EDGE_CURVE('',#6585,#6593,#6595,.T.);
#6593 = VERTEX_POINT('',#6594);
#6594 = CARTESIAN_POINT('',(75.75,-3.75,-3.5));
#6595 = LINE('',#6596,#6597);
#6596 = CARTESIAN_POINT('',(75.75,-22.7,-3.5));
#6597 = VECTOR('',#6598,1.);
#6598 = DIRECTION('',(0.,1.,0.));
#6599 = ORIENTED_EDGE('',*,*,#6600,.T.);
#6600 = EDGE_CURVE('',#6593,#3879,#6601,.T.);
#6601 = LINE('',#6602,#6603);
#6602 = CARTESIAN_POINT('',(75.75,-3.75,0.));
#6603 = VECTOR('',#6604,1.);
#6604 = DIRECTION('',(0.,0.,-1.));
#6605 = ORIENTED_EDGE('',*,*,#3878,.F.);
#6606 = ORIENTED_EDGE('',*,*,#6529,.T.);
#6607 = ORIENTED_EDGE('',*,*,#6608,.T.);
#6608 = EDGE_CURVE('',#6522,#6609,#6611,.T.);
#6609 = VERTEX_POINT('',#6610);
#6610 = CARTESIAN_POINT('',(75.75,-24.5,-4.));
#6611 = LINE('',#6612,#6613);
#6612 = CARTESIAN_POINT('',(75.75,-62.25,-4.));
#6613 = VECTOR('',#6614,1.);
#6614 = DIRECTION('',(0.,-1.,0.));
#6615 = ORIENTED_EDGE('',*,*,#6616,.T.);
#6616 = EDGE_CURVE('',#6609,#4693,#6617,.T.);
#6617 = LINE('',#6618,#6619);
#6618 = CARTESIAN_POINT('',(75.75,-24.5,-2.));
#6619 = VECTOR('',#6620,1.);
#6620 = DIRECTION('',(0.,0.,-1.));
#6621 = ORIENTED_EDGE('',*,*,#4692,.F.);
#6622 = ORIENTED_EDGE('',*,*,#4741,.F.);
#6623 = ORIENTED_EDGE('',*,*,#4716,.F.);
#6624 = ORIENTED_EDGE('',*,*,#4651,.F.);
#6625 = ORIENTED_EDGE('',*,*,#4612,.F.);
#6626 = ORIENTED_EDGE('',*,*,#4555,.F.);
#6627 = ORIENTED_EDGE('',*,*,#4506,.F.);
#6628 = ORIENTED_EDGE('',*,*,#4492,.T.);
#6629 = ORIENTED_EDGE('',*,*,#4177,.F.);
#6630 = ORIENTED_EDGE('',*,*,#6631,.T.);
#6631 = EDGE_CURVE('',#4170,#6632,#6634,.T.);
#6632 = VERTEX_POINT('',#6633);
#6633 = CARTESIAN_POINT('',(75.75,-62.95,-3.));
#6634 = LINE('',#6635,#6636);
#6635 = CARTESIAN_POINT('',(75.75,-62.95,0.));
#6636 = VECTOR('',#6637,1.);
#6637 = DIRECTION('',(0.,0.,1.));
#6638 = ORIENTED_EDGE('',*,*,#6639,.F.);
#6639 = EDGE_CURVE('',#6640,#6632,#6642,.T.);
#6640 = VERTEX_POINT('',#6641);
#6641 = CARTESIAN_POINT('',(75.75,-56.05,-3.));
#6642 = LINE('',#6643,#6644);
#6643 = CARTESIAN_POINT('',(75.75,-79.5,-3.));
#6644 = VECTOR('',#6645,1.);
#6645 = DIRECTION('',(0.,-1.,0.));
#6646 = ORIENTED_EDGE('',*,*,#6647,.T.);
#6647 = EDGE_CURVE('',#6640,#6648,#6650,.T.);
#6648 = VERTEX_POINT('',#6649);
#6649 = CARTESIAN_POINT('',(75.75,-56.05,-3.5));
#6650 = LINE('',#6651,#6652);
#6651 = CARTESIAN_POINT('',(75.75,-56.05,0.));
#6652 = VECTOR('',#6653,1.);
#6653 = DIRECTION('',(0.,0.,-1.));
#6654 = ORIENTED_EDGE('',*,*,#6655,.F.);
#6655 = EDGE_CURVE('',#6546,#6648,#6656,.T.);
#6656 = LINE('',#6657,#6658);
#6657 = CARTESIAN_POINT('',(75.75,-60.7,-3.5));
#6658 = VECTOR('',#6659,1.);
#6659 = DIRECTION('',(0.,-1.,0.));
#6660 = PLANE('',#6661);
#6661 = AXIS2_PLACEMENT_3D('',#6662,#6663,#6664);
#6662 = CARTESIAN_POINT('',(75.75,-33.44605087014,-3.200803212851));
#6663 = DIRECTION('',(-1.,-0.,-0.));
#6664 = DIRECTION('',(0.,0.,-1.));
#6665 = ADVANCED_FACE('',(#6666),#6684,.T.);
#6666 = FACE_BOUND('',#6667,.T.);
#6667 = EDGE_LOOP('',(#6668,#6676,#6682,#6683));
#6668 = ORIENTED_EDGE('',*,*,#6669,.F.);
#6669 = EDGE_CURVE('',#6670,#6593,#6672,.T.);
#6670 = VERTEX_POINT('',#6671);
#6671 = CARTESIAN_POINT('',(72.120828693387,-3.75,-3.5));
#6672 = LINE('',#6673,#6674);
#6673 = CARTESIAN_POINT('',(76.75,-3.75,-3.5));
#6674 = VECTOR('',#6675,1.);
#6675 = DIRECTION('',(1.,2.E-17,0.));
#6676 = ORIENTED_EDGE('',*,*,#6677,.F.);
#6677 = EDGE_CURVE('',#3887,#6670,#6678,.T.);
#6678 = LINE('',#6679,#6680);
#6679 = CARTESIAN_POINT('',(72.120828693387,-3.75,0.));
#6680 = VECTOR('',#6681,1.);
#6681 = DIRECTION('',(0.,0.,1.));
#6682 = ORIENTED_EDGE('',*,*,#3886,.F.);
#6683 = ORIENTED_EDGE('',*,*,#6600,.F.);
#6684 = PLANE('',#6685);
#6685 = AXIS2_PLACEMENT_3D('',#6686,#6687,#6688);
#6686 = CARTESIAN_POINT('',(75.75,-3.75,0.));
#6687 = DIRECTION('',(2.E-17,-1.,0.));
#6688 = DIRECTION('',(-1.,-2.E-17,0.));
#6689 = ADVANCED_FACE('',(#6690),#6734,.T.);
#6690 = FACE_BOUND('',#6691,.T.);
#6691 = EDGE_LOOP('',(#6692,#6701,#6707,#6708,#6709,#6718,#6727,#6733));
#6692 = ORIENTED_EDGE('',*,*,#6693,.F.);
#6693 = EDGE_CURVE('',#6694,#6694,#6696,.T.);
#6694 = VERTEX_POINT('',#6695);
#6695 = CARTESIAN_POINT('',(68.,-2.5,-8.4));
#6696 = CIRCLE('',#6697,2.25);
#6697 = AXIS2_PLACEMENT_3D('',#6698,#6699,#6700);
#6698 = CARTESIAN_POINT('',(70.25,-2.5,-8.4));
#6699 = DIRECTION('',(0.,0.,-1.));
#6700 = DIRECTION('',(1.,0.,0.));
#6701 = ORIENTED_EDGE('',*,*,#6702,.T.);
#6702 = EDGE_CURVE('',#6694,#3895,#6703,.T.);
#6703 = LINE('',#6704,#6705);
#6704 = CARTESIAN_POINT('',(68.,-2.5,0.));
#6705 = VECTOR('',#6706,1.);
#6706 = DIRECTION('',(0.,0.,1.));
#6707 = ORIENTED_EDGE('',*,*,#3894,.T.);
#6708 = ORIENTED_EDGE('',*,*,#6677,.T.);
#6709 = ORIENTED_EDGE('',*,*,#6710,.T.);
#6710 = EDGE_CURVE('',#6670,#6711,#6713,.T.);
#6711 = VERTEX_POINT('',#6712);
#6712 = CARTESIAN_POINT('',(70.25,-4.75,-3.5));
#6713 = CIRCLE('',#6714,2.25);
#6714 = AXIS2_PLACEMENT_3D('',#6715,#6716,#6717);
#6715 = CARTESIAN_POINT('',(70.25,-2.5,-3.5));
#6716 = DIRECTION('',(0.,0.,-1.));
#6717 = DIRECTION('',(1.,0.,0.));
#6718 = ORIENTED_EDGE('',*,*,#6719,.T.);
#6719 = EDGE_CURVE('',#6711,#6720,#6722,.T.);
#6720 = VERTEX_POINT('',#6721);
#6721 = CARTESIAN_POINT('',(68.,-2.5,-3.5));
#6722 = CIRCLE('',#6723,2.25);
#6723 = AXIS2_PLACEMENT_3D('',#6724,#6725,#6726);
#6724 = CARTESIAN_POINT('',(70.25,-2.5,-3.5));
#6725 = DIRECTION('',(0.,0.,-1.));
#6726 = DIRECTION('',(1.,0.,0.));
#6727 = ORIENTED_EDGE('',*,*,#6728,.T.);
#6728 = EDGE_CURVE('',#6720,#3895,#6729,.T.);
#6729 = LINE('',#6730,#6731);
#6730 = CARTESIAN_POINT('',(68.,-2.5,0.));
#6731 = VECTOR('',#6732,1.);
#6732 = DIRECTION('',(0.,0.,-1.));
#6733 = ORIENTED_EDGE('',*,*,#6702,.F.);
#6734 = CYLINDRICAL_SURFACE('',#6735,2.25);
#6735 = AXIS2_PLACEMENT_3D('',#6736,#6737,#6738);
#6736 = CARTESIAN_POINT('',(70.25,-2.5,0.));
#6737 = DIRECTION('',(0.,0.,-1.));
#6738 = DIRECTION('',(1.,0.,0.));
#6739 = ADVANCED_FACE('',(#6740),#6758,.T.);
#6740 = FACE_BOUND('',#6741,.T.);
#6741 = EDGE_LOOP('',(#6742,#6750,#6756,#6757));
#6742 = ORIENTED_EDGE('',*,*,#6743,.T.);
#6743 = EDGE_CURVE('',#6720,#6744,#6746,.T.);
#6744 = VERTEX_POINT('',#6745);
#6745 = CARTESIAN_POINT('',(68.,4.E-15,-3.5));
#6746 = LINE('',#6747,#6748);
#6747 = CARTESIAN_POINT('',(68.,-27.75,-3.5));
#6748 = VECTOR('',#6749,1.);
#6749 = DIRECTION('',(0.,1.,0.));
#6750 = ORIENTED_EDGE('',*,*,#6751,.F.);
#6751 = EDGE_CURVE('',#3904,#6744,#6752,.T.);
#6752 = LINE('',#6753,#6754);
#6753 = CARTESIAN_POINT('',(68.,3.89E-15,0.));
#6754 = VECTOR('',#6755,1.);
#6755 = DIRECTION('',(0.,0.,1.));
#6756 = ORIENTED_EDGE('',*,*,#3903,.F.);
#6757 = ORIENTED_EDGE('',*,*,#6728,.F.);
#6758 = PLANE('',#6759);
#6759 = AXIS2_PLACEMENT_3D('',#6760,#6761,#6762);
#6760 = CARTESIAN_POINT('',(68.,-2.5,0.));
#6761 = DIRECTION('',(-1.,0.,0.));
#6762 = DIRECTION('',(0.,1.,0.));
#6763 = ADVANCED_FACE('',(#6764),#6788,.T.);
#6764 = FACE_BOUND('',#6765,.T.);
#6765 = EDGE_LOOP('',(#6766,#6774,#6780,#6781,#6782,#6783,#6784,#6785,
    #6786,#6787));
#6766 = ORIENTED_EDGE('',*,*,#6767,.T.);
#6767 = EDGE_CURVE('',#6744,#6768,#6770,.T.);
#6768 = VERTEX_POINT('',#6769);
#6769 = CARTESIAN_POINT('',(54.25,3.E-15,-3.5));
#6770 = LINE('',#6771,#6772);
#6771 = CARTESIAN_POINT('',(56.8125,4.44E-15,-3.5));
#6772 = VECTOR('',#6773,1.);
#6773 = DIRECTION('',(-1.,-6.E-17,0.));
#6774 = ORIENTED_EDGE('',*,*,#6775,.T.);
#6775 = EDGE_CURVE('',#6768,#4397,#6776,.T.);
#6776 = LINE('',#6777,#6778);
#6777 = CARTESIAN_POINT('',(54.25,3.18E-15,0.));
#6778 = VECTOR('',#6779,1.);
#6779 = DIRECTION('',(0.,0.,-1.));
#6780 = ORIENTED_EDGE('',*,*,#4396,.F.);
#6781 = ORIENTED_EDGE('',*,*,#4348,.F.);
#6782 = ORIENTED_EDGE('',*,*,#4306,.F.);
#6783 = ORIENTED_EDGE('',*,*,#4250,.F.);
#6784 = ORIENTED_EDGE('',*,*,#4210,.F.);
#6785 = ORIENTED_EDGE('',*,*,#3944,.T.);
#6786 = ORIENTED_EDGE('',*,*,#3911,.F.);
#6787 = ORIENTED_EDGE('',*,*,#6751,.T.);
#6788 = PLANE('',#6789);
#6789 = AXIS2_PLACEMENT_3D('',#6790,#6791,#6792);
#6790 = CARTESIAN_POINT('',(75.75,4.44E-15,0.));
#6791 = DIRECTION('',(6.E-17,-1.,0.));
#6792 = DIRECTION('',(-1.,-6.E-17,0.));
#6793 = ADVANCED_FACE('',(#6794),#6825,.T.);
#6794 = FACE_BOUND('',#6795,.T.);
#6795 = EDGE_LOOP('',(#6796,#6806,#6812,#6813,#6814,#6815,#6816,#6817,
    #6818,#6819));
#6796 = ORIENTED_EDGE('',*,*,#6797,.T.);
#6797 = EDGE_CURVE('',#6798,#6800,#6802,.T.);
#6798 = VERTEX_POINT('',#6799);
#6799 = CARTESIAN_POINT('',(49.75,3.E-15,-3.5));
#6800 = VERTEX_POINT('',#6801);
#6801 = CARTESIAN_POINT('',(7.75,1.E-15,-3.5));
#6802 = LINE('',#6803,#6804);
#6803 = CARTESIAN_POINT('',(47.0625,4.44E-15,-3.5));
#6804 = VECTOR('',#6805,1.);
#6805 = DIRECTION('',(-1.,-6.E-17,0.));
#6806 = ORIENTED_EDGE('',*,*,#6807,.T.);
#6807 = EDGE_CURVE('',#6800,#3978,#6808,.T.);
#6808 = LINE('',#6809,#6810);
#6809 = CARTESIAN_POINT('',(7.75,4.5E-16,0.));
#6810 = VECTOR('',#6811,1.);
#6811 = DIRECTION('',(0.,0.,-1.));
#6812 = ORIENTED_EDGE('',*,*,#3977,.F.);
#6813 = ORIENTED_EDGE('',*,*,#4233,.F.);
#6814 = ORIENTED_EDGE('',*,*,#4274,.F.);
#6815 = ORIENTED_EDGE('',*,*,#4331,.F.);
#6816 = ORIENTED_EDGE('',*,*,#4381,.F.);
#6817 = ORIENTED_EDGE('',*,*,#4455,.T.);
#6818 = ORIENTED_EDGE('',*,*,#4428,.F.);
#6819 = ORIENTED_EDGE('',*,*,#6820,.T.);
#6820 = EDGE_CURVE('',#4421,#6798,#6821,.T.);
#6821 = LINE('',#6822,#6823);
#6822 = CARTESIAN_POINT('',(49.75,3.05E-15,0.));
#6823 = VECTOR('',#6824,1.);
#6824 = DIRECTION('',(0.,0.,1.));
#6825 = PLANE('',#6826);
#6826 = AXIS2_PLACEMENT_3D('',#6827,#6828,#6829);
#6827 = CARTESIAN_POINT('',(56.25,3.3E-15,0.));
#6828 = DIRECTION('',(6.E-17,-1.,0.));
#6829 = DIRECTION('',(-1.,-6.E-17,0.));
#6830 = ADVANCED_FACE('',(#6831),#6849,.T.);
#6831 = FACE_BOUND('',#6832,.T.);
#6832 = EDGE_LOOP('',(#6833,#6841,#6847,#6848));
#6833 = ORIENTED_EDGE('',*,*,#6834,.T.);
#6834 = EDGE_CURVE('',#6800,#6835,#6837,.T.);
#6835 = VERTEX_POINT('',#6836);
#6836 = CARTESIAN_POINT('',(7.75,-2.5,-3.5));
#6837 = LINE('',#6838,#6839);
#6838 = CARTESIAN_POINT('',(7.75,-26.5,-3.5));
#6839 = VECTOR('',#6840,1.);
#6840 = DIRECTION('',(0.,-1.,0.));
#6841 = ORIENTED_EDGE('',*,*,#6842,.T.);
#6842 = EDGE_CURVE('',#6835,#3986,#6843,.T.);
#6843 = LINE('',#6844,#6845);
#6844 = CARTESIAN_POINT('',(7.75,-2.5,0.));
#6845 = VECTOR('',#6846,1.);
#6846 = DIRECTION('',(0.,0.,-1.));
#6847 = ORIENTED_EDGE('',*,*,#3985,.F.);
#6848 = ORIENTED_EDGE('',*,*,#6807,.F.);
#6849 = PLANE('',#6850);
#6850 = AXIS2_PLACEMENT_3D('',#6851,#6852,#6853);
#6851 = CARTESIAN_POINT('',(7.75,5.6E-16,0.));
#6852 = DIRECTION('',(1.,0.,0.));
#6853 = DIRECTION('',(0.,-1.,0.));
#6854 = ADVANCED_FACE('',(#6855),#6908,.T.);
#6855 = FACE_BOUND('',#6856,.T.);
#6856 = EDGE_LOOP('',(#6857,#6865,#6872,#6873,#6874,#6875,#6884,#6892,
    #6901,#6907));
#6857 = ORIENTED_EDGE('',*,*,#6858,.F.);
#6858 = EDGE_CURVE('',#6859,#3994,#6861,.T.);
#6859 = VERTEX_POINT('',#6860);
#6860 = CARTESIAN_POINT('',(3.25,-2.5,-8.4));
#6861 = LINE('',#6862,#6863);
#6862 = CARTESIAN_POINT('',(3.25,-2.5,0.));
#6863 = VECTOR('',#6864,1.);
#6864 = DIRECTION('',(0.,0.,1.));
#6865 = ORIENTED_EDGE('',*,*,#6866,.F.);
#6866 = EDGE_CURVE('',#6859,#6859,#6867,.T.);
#6867 = CIRCLE('',#6868,2.25);
#6868 = AXIS2_PLACEMENT_3D('',#6869,#6870,#6871);
#6869 = CARTESIAN_POINT('',(5.5,-2.5,-8.4));
#6870 = DIRECTION('',(0.,0.,-1.));
#6871 = DIRECTION('',(1.,0.,0.));
#6872 = ORIENTED_EDGE('',*,*,#6858,.T.);
#6873 = ORIENTED_EDGE('',*,*,#3993,.T.);
#6874 = ORIENTED_EDGE('',*,*,#6842,.F.);
#6875 = ORIENTED_EDGE('',*,*,#6876,.T.);
#6876 = EDGE_CURVE('',#6835,#6877,#6879,.T.);
#6877 = VERTEX_POINT('',#6878);
#6878 = CARTESIAN_POINT('',(5.5,-4.75,-3.5));
#6879 = CIRCLE('',#6880,2.25);
#6880 = AXIS2_PLACEMENT_3D('',#6881,#6882,#6883);
#6881 = CARTESIAN_POINT('',(5.5,-2.5,-3.5));
#6882 = DIRECTION('',(0.,0.,-1.));
#6883 = DIRECTION('',(1.,0.,0.));
#6884 = ORIENTED_EDGE('',*,*,#6885,.F.);
#6885 = EDGE_CURVE('',#6886,#6877,#6888,.T.);
#6886 = VERTEX_POINT('',#6887);
#6887 = CARTESIAN_POINT('',(5.5,-4.75,-2.));
#6888 = LINE('',#6889,#6890);
#6889 = CARTESIAN_POINT('',(5.5,-4.75,0.));
#6890 = VECTOR('',#6891,1.);
#6891 = DIRECTION('',(0.,0.,-1.));
#6892 = ORIENTED_EDGE('',*,*,#6893,.F.);
#6893 = EDGE_CURVE('',#6894,#6886,#6896,.T.);
#6894 = VERTEX_POINT('',#6895);
#6895 = CARTESIAN_POINT('',(5.,-4.693741096848,-2.));
#6896 = CIRCLE('',#6897,2.25);
#6897 = AXIS2_PLACEMENT_3D('',#6898,#6899,#6900);
#6898 = CARTESIAN_POINT('',(5.5,-2.5,-2.));
#6899 = DIRECTION('',(0.,0.,1.));
#6900 = DIRECTION('',(1.,0.,0.));
#6901 = ORIENTED_EDGE('',*,*,#6902,.T.);
#6902 = EDGE_CURVE('',#6894,#4003,#6903,.T.);
#6903 = LINE('',#6904,#6905);
#6904 = CARTESIAN_POINT('',(5.,-4.693741096848,0.));
#6905 = VECTOR('',#6906,1.);
#6906 = DIRECTION('',(0.,0.,-1.));
#6907 = ORIENTED_EDGE('',*,*,#4002,.T.);
#6908 = CYLINDRICAL_SURFACE('',#6909,2.25);
#6909 = AXIS2_PLACEMENT_3D('',#6910,#6911,#6912);
#6910 = CARTESIAN_POINT('',(5.5,-2.5,0.));
#6911 = DIRECTION('',(0.,0.,-1.));
#6912 = DIRECTION('',(1.,0.,0.));
#6913 = ADVANCED_FACE('',(#6914),#6964,.T.);
#6914 = FACE_BOUND('',#6915,.T.);
#6915 = EDGE_LOOP('',(#6916,#6924,#6932,#6940,#6948,#6956,#6962,#6963));
#6916 = ORIENTED_EDGE('',*,*,#6917,.F.);
#6917 = EDGE_CURVE('',#6918,#6894,#6920,.T.);
#6918 = VERTEX_POINT('',#6919);
#6919 = CARTESIAN_POINT('',(5.,-4.75,-2.));
#6920 = LINE('',#6921,#6922);
#6921 = CARTESIAN_POINT('',(5.,-28.84687054842,-2.));
#6922 = VECTOR('',#6923,1.);
#6923 = DIRECTION('',(6.E-17,1.,0.));
#6924 = ORIENTED_EDGE('',*,*,#6925,.T.);
#6925 = EDGE_CURVE('',#6918,#6926,#6928,.T.);
#6926 = VERTEX_POINT('',#6927);
#6927 = CARTESIAN_POINT('',(5.,-4.75,-3.5));
#6928 = LINE('',#6929,#6930);
#6929 = CARTESIAN_POINT('',(5.,-4.75,0.));
#6930 = VECTOR('',#6931,1.);
#6931 = DIRECTION('',(0.,0.,-1.));
#6932 = ORIENTED_EDGE('',*,*,#6933,.F.);
#6933 = EDGE_CURVE('',#6934,#6926,#6936,.T.);
#6934 = VERTEX_POINT('',#6935);
#6935 = CARTESIAN_POINT('',(5.,-10.25,-3.5));
#6936 = LINE('',#6937,#6938);
#6937 = CARTESIAN_POINT('',(5.,-3.75,-3.5));
#6938 = VECTOR('',#6939,1.);
#6939 = DIRECTION('',(6.E-17,1.,0.));
#6940 = ORIENTED_EDGE('',*,*,#6941,.T.);
#6941 = EDGE_CURVE('',#6934,#6942,#6944,.T.);
#6942 = VERTEX_POINT('',#6943);
#6943 = CARTESIAN_POINT('',(5.,-10.25,-4.5));
#6944 = LINE('',#6945,#6946);
#6945 = CARTESIAN_POINT('',(5.,-10.25,-2.));
#6946 = VECTOR('',#6947,1.);
#6947 = DIRECTION('',(0.,0.,-1.));
#6948 = ORIENTED_EDGE('',*,*,#6949,.F.);
#6949 = EDGE_CURVE('',#6950,#6942,#6952,.T.);
#6950 = VERTEX_POINT('',#6951);
#6951 = CARTESIAN_POINT('',(5.,-4.75,-4.5));
#6952 = LINE('',#6953,#6954);
#6953 = CARTESIAN_POINT('',(5.,-4.75,-4.5));
#6954 = VECTOR('',#6955,1.);
#6955 = DIRECTION('',(-6.E-17,-1.,0.));
#6956 = ORIENTED_EDGE('',*,*,#6957,.T.);
#6957 = EDGE_CURVE('',#6950,#4012,#6958,.T.);
#6958 = LINE('',#6959,#6960);
#6959 = CARTESIAN_POINT('',(5.,-4.75,0.));
#6960 = VECTOR('',#6961,1.);
#6961 = DIRECTION('',(0.,0.,-1.));
#6962 = ORIENTED_EDGE('',*,*,#4011,.F.);
#6963 = ORIENTED_EDGE('',*,*,#6902,.F.);
#6964 = PLANE('',#6965);
#6965 = AXIS2_PLACEMENT_3D('',#6966,#6967,#6968);
#6966 = CARTESIAN_POINT('',(5.,-4.693741096848,0.));
#6967 = DIRECTION('',(1.,-6.E-17,0.));
#6968 = DIRECTION('',(-6.E-17,-1.,0.));
#6969 = ADVANCED_FACE('',(#6970),#6988,.T.);
#6970 = FACE_BOUND('',#6971,.T.);
#6971 = EDGE_LOOP('',(#6972,#6980,#6986,#6987));
#6972 = ORIENTED_EDGE('',*,*,#6973,.T.);
#6973 = EDGE_CURVE('',#6950,#6974,#6976,.T.);
#6974 = VERTEX_POINT('',#6975);
#6975 = CARTESIAN_POINT('',(0.,-4.75,-4.5));
#6976 = LINE('',#6977,#6978);
#6977 = CARTESIAN_POINT('',(3.75,-4.75,-4.5));
#6978 = VECTOR('',#6979,1.);
#6979 = DIRECTION('',(-1.,0.,0.));
#6980 = ORIENTED_EDGE('',*,*,#6981,.F.);
#6981 = EDGE_CURVE('',#4020,#6974,#6982,.T.);
#6982 = LINE('',#6983,#6984);
#6983 = CARTESIAN_POINT('',(0.,-4.75,0.));
#6984 = VECTOR('',#6985,1.);
#6985 = DIRECTION('',(0.,0.,1.));
#6986 = ORIENTED_EDGE('',*,*,#4019,.F.);
#6987 = ORIENTED_EDGE('',*,*,#6957,.F.);
#6988 = PLANE('',#6989);
#6989 = AXIS2_PLACEMENT_3D('',#6990,#6991,#6992);
#6990 = CARTESIAN_POINT('',(5.,-4.75,0.));
#6991 = DIRECTION('',(0.,-1.,0.));
#6992 = DIRECTION('',(-1.,0.,0.));
#6993 = ADVANCED_FACE('',(#6994),#7044,.T.);
#6994 = FACE_BOUND('',#6995,.T.);
#6995 = EDGE_LOOP('',(#6996,#7006,#7012,#7013,#7014,#7022,#7030,#7038));
#6996 = ORIENTED_EDGE('',*,*,#6997,.F.);
#6997 = EDGE_CURVE('',#6998,#7000,#7002,.T.);
#6998 = VERTEX_POINT('',#6999);
#6999 = CARTESIAN_POINT('',(0.,-62.95,-3.));
#7000 = VERTEX_POINT('',#7001);
#7001 = CARTESIAN_POINT('',(0.,-45.75,-3.));
#7002 = LINE('',#7003,#7004);
#7003 = CARTESIAN_POINT('',(0.,-26.5,-3.));
#7004 = VECTOR('',#7005,1.);
#7005 = DIRECTION('',(0.,1.,0.));
#7006 = ORIENTED_EDGE('',*,*,#7007,.T.);
#7007 = EDGE_CURVE('',#6998,#4028,#7008,.T.);
#7008 = LINE('',#7009,#7010);
#7009 = CARTESIAN_POINT('',(0.,-62.95,0.));
#7010 = VECTOR('',#7011,1.);
#7011 = DIRECTION('',(0.,0.,-1.));
#7012 = ORIENTED_EDGE('',*,*,#4027,.F.);
#7013 = ORIENTED_EDGE('',*,*,#6981,.T.);
#7014 = ORIENTED_EDGE('',*,*,#7015,.T.);
#7015 = EDGE_CURVE('',#6974,#7016,#7018,.T.);
#7016 = VERTEX_POINT('',#7017);
#7017 = CARTESIAN_POINT('',(1.E-15,-10.25,-4.5));
#7018 = LINE('',#7019,#7020);
#7019 = CARTESIAN_POINT('',(0.,-3.75,-4.5));
#7020 = VECTOR('',#7021,1.);
#7021 = DIRECTION('',(0.,-1.,0.));
#7022 = ORIENTED_EDGE('',*,*,#7023,.T.);
#7023 = EDGE_CURVE('',#7016,#7024,#7026,.T.);
#7024 = VERTEX_POINT('',#7025);
#7025 = CARTESIAN_POINT('',(1.E-15,-10.25,-3.4));
#7026 = LINE('',#7027,#7028);
#7027 = CARTESIAN_POINT('',(0.,-10.25,-1.));
#7028 = VECTOR('',#7029,1.);
#7029 = DIRECTION('',(0.,0.,1.));
#7030 = ORIENTED_EDGE('',*,*,#7031,.T.);
#7031 = EDGE_CURVE('',#7024,#7032,#7034,.T.);
#7032 = VERTEX_POINT('',#7033);
#7033 = CARTESIAN_POINT('',(-1.E-15,-45.75,-3.4));
#7034 = LINE('',#7035,#7036);
#7035 = CARTESIAN_POINT('',(0.,-12.625,-3.4));
#7036 = VECTOR('',#7037,1.);
#7037 = DIRECTION('',(0.,-1.,0.));
#7038 = ORIENTED_EDGE('',*,*,#7039,.T.);
#7039 = EDGE_CURVE('',#7032,#7000,#7040,.T.);
#7040 = LINE('',#7041,#7042);
#7041 = CARTESIAN_POINT('',(0.,-45.75,-1.));
#7042 = VECTOR('',#7043,1.);
#7043 = DIRECTION('',(0.,0.,1.));
#7044 = PLANE('',#7045);
#7045 = AXIS2_PLACEMENT_3D('',#7046,#7047,#7048);
#7046 = CARTESIAN_POINT('',(0.,0.,0.));
#7047 = DIRECTION('',(1.,0.,0.));
#7048 = DIRECTION('',(0.,-1.,0.));
#7049 = ADVANCED_FACE('',(#7050),#7068,.T.);
#7050 = FACE_BOUND('',#7051,.T.);
#7051 = EDGE_LOOP('',(#7052,#7060,#7066,#7067));
#7052 = ORIENTED_EDGE('',*,*,#7053,.F.);
#7053 = EDGE_CURVE('',#7054,#6998,#7056,.T.);
#7054 = VERTEX_POINT('',#7055);
#7055 = CARTESIAN_POINT('',(4.75,-62.95,-3.));
#7056 = LINE('',#7057,#7058);
#7057 = CARTESIAN_POINT('',(18.9375,-62.95,-3.));
#7058 = VECTOR('',#7059,1.);
#7059 = DIRECTION('',(-1.,0.,0.));
#7060 = ORIENTED_EDGE('',*,*,#7061,.T.);
#7061 = EDGE_CURVE('',#7054,#4036,#7062,.T.);
#7062 = LINE('',#7063,#7064);
#7063 = CARTESIAN_POINT('',(4.75,-62.95,0.));
#7064 = VECTOR('',#7065,1.);
#7065 = DIRECTION('',(0.,0.,-1.));
#7066 = ORIENTED_EDGE('',*,*,#4035,.F.);
#7067 = ORIENTED_EDGE('',*,*,#7007,.F.);
#7068 = PLANE('',#7069);
#7069 = AXIS2_PLACEMENT_3D('',#7070,#7071,#7072);
#7070 = CARTESIAN_POINT('',(0.,-62.95,0.));
#7071 = DIRECTION('',(0.,1.,0.));
#7072 = DIRECTION('',(1.,0.,0.));
#7073 = ADVANCED_FACE('',(#7074),#7121,.T.);
#7074 = FACE_BOUND('',#7075,.T.);
#7075 = EDGE_LOOP('',(#7076,#7085,#7091,#7092,#7093,#7102,#7113,#7119,
    #7120));
#7076 = ORIENTED_EDGE('',*,*,#7077,.F.);
#7077 = EDGE_CURVE('',#7078,#7078,#7080,.T.);
#7078 = VERTEX_POINT('',#7079);
#7079 = CARTESIAN_POINT('',(2.5,-65.2,-8.2));
#7080 = CIRCLE('',#7081,2.25);
#7081 = AXIS2_PLACEMENT_3D('',#7082,#7083,#7084);
#7082 = CARTESIAN_POINT('',(4.75,-65.2,-8.2));
#7083 = DIRECTION('',(0.,0.,-1.));
#7084 = DIRECTION('',(1.,0.,0.));
#7085 = ORIENTED_EDGE('',*,*,#7086,.T.);
#7086 = EDGE_CURVE('',#7078,#4044,#7087,.T.);
#7087 = LINE('',#7088,#7089);
#7088 = CARTESIAN_POINT('',(2.5,-65.2,0.));
#7089 = VECTOR('',#7090,1.);
#7090 = DIRECTION('',(0.,0.,1.));
#7091 = ORIENTED_EDGE('',*,*,#4043,.T.);
#7092 = ORIENTED_EDGE('',*,*,#7061,.F.);
#7093 = ORIENTED_EDGE('',*,*,#7094,.F.);
#7094 = EDGE_CURVE('',#7095,#7054,#7097,.T.);
#7095 = VERTEX_POINT('',#7096);
#7096 = CARTESIAN_POINT('',(6.954288273246,-64.74876479699,-3.));
#7097 = CIRCLE('',#7098,2.25);
#7098 = AXIS2_PLACEMENT_3D('',#7099,#7100,#7101);
#7099 = CARTESIAN_POINT('',(4.75,-65.2,-3.));
#7100 = DIRECTION('',(0.,0.,1.));
#7101 = DIRECTION('',(1.,0.,0.));
#7102 = ORIENTED_EDGE('',*,*,#7103,.F.);
#7103 = EDGE_CURVE('',#7104,#7095,#7106,.T.);
#7104 = VERTEX_POINT('',#7105);
#7105 = CARTESIAN_POINT('',(4.75,-67.45,-3.));
#7106 = B_SPLINE_CURVE_WITH_KNOTS('',3,(#7107,#7108,#7109,#7110,#7111,
    #7112),.UNSPECIFIED.,.F.,.F.,(4,1,1,4),(-1.570796326795,
    -0.811061507172,-0.304571627424,0.201918252324),.UNSPECIFIED.);
#7107 = CARTESIAN_POINT('',(4.75,-67.45,-3.));
#7108 = CARTESIAN_POINT('',(5.319801114717,-67.45,-3.));
#7109 = CARTESIAN_POINT('',(6.26396494277,-67.07050303061,-3.));
#7110 = CARTESIAN_POINT('',(6.989644125151,-65.90276538801,-3.));
#7111 = CARTESIAN_POINT('',(7.030470294482,-65.12091469781,-3.));
#7112 = CARTESIAN_POINT('',(6.954288273246,-64.74876479699,-3.));
#7113 = ORIENTED_EDGE('',*,*,#7114,.T.);
#7114 = EDGE_CURVE('',#7104,#4053,#7115,.T.);
#7115 = LINE('',#7116,#7117);
#7116 = CARTESIAN_POINT('',(4.75,-67.45,0.));
#7117 = VECTOR('',#7118,1.);
#7118 = DIRECTION('',(0.,0.,-1.));
#7119 = ORIENTED_EDGE('',*,*,#4052,.T.);
#7120 = ORIENTED_EDGE('',*,*,#7086,.F.);
#7121 = CYLINDRICAL_SURFACE('',#7122,2.25);
#7122 = AXIS2_PLACEMENT_3D('',#7123,#7124,#7125);
#7123 = CARTESIAN_POINT('',(4.75,-65.2,0.));
#7124 = DIRECTION('',(0.,0.,-1.));
#7125 = DIRECTION('',(1.,0.,0.));
#7126 = ADVANCED_FACE('',(#7127),#7162,.T.);
#7127 = FACE_BOUND('',#7128,.T.);
#7128 = EDGE_LOOP('',(#7129,#7139,#7147,#7153,#7154,#7155));
#7129 = ORIENTED_EDGE('',*,*,#7130,.F.);
#7130 = EDGE_CURVE('',#7131,#7133,#7135,.T.);
#7131 = VERTEX_POINT('',#7132);
#7132 = CARTESIAN_POINT('',(1.,-67.45,-3.));
#7133 = VERTEX_POINT('',#7134);
#7134 = CARTESIAN_POINT('',(4.715050893336,-67.45,-3.));
#7135 = LINE('',#7136,#7137);
#7136 = CARTESIAN_POINT('',(21.3125,-67.45,-3.));
#7137 = VECTOR('',#7138,1.);
#7138 = DIRECTION('',(1.,0.,0.));
#7139 = ORIENTED_EDGE('',*,*,#7140,.T.);
#7140 = EDGE_CURVE('',#7131,#7141,#7143,.T.);
#7141 = VERTEX_POINT('',#7142);
#7142 = CARTESIAN_POINT('',(0.,-67.45,-4.));
#7143 = LINE('',#7144,#7145);
#7144 = CARTESIAN_POINT('',(2.6875,-67.45,-1.3125));
#7145 = VECTOR('',#7146,1.);
#7146 = DIRECTION('',(-0.707106781187,0.,-0.707106781187));
#7147 = ORIENTED_EDGE('',*,*,#7148,.F.);
#7148 = EDGE_CURVE('',#4062,#7141,#7149,.T.);
#7149 = LINE('',#7150,#7151);
#7150 = CARTESIAN_POINT('',(0.,-67.45,0.));
#7151 = VECTOR('',#7152,1.);
#7152 = DIRECTION('',(0.,0.,1.));
#7153 = ORIENTED_EDGE('',*,*,#4061,.F.);
#7154 = ORIENTED_EDGE('',*,*,#7114,.F.);
#7155 = ORIENTED_EDGE('',*,*,#7156,.F.);
#7156 = EDGE_CURVE('',#7133,#7104,#7157,.T.);
#7157 = B_SPLINE_CURVE_WITH_KNOTS('',3,(#7158,#7159,#7160,#7161),
  .UNSPECIFIED.,.F.,.F.,(4,4),(-1.659744910666,-1.65625),
  .PIECEWISE_BEZIER_KNOTS.);
#7158 = CARTESIAN_POINT('',(4.715050893336,-67.45,-3.));
#7159 = CARTESIAN_POINT('',(4.726700595558,-67.45,-3.));
#7160 = CARTESIAN_POINT('',(4.73835029778,-67.45,-3.));
#7161 = CARTESIAN_POINT('',(4.750000000003,-67.45,-3.));
#7162 = PLANE('',#7163);
#7163 = AXIS2_PLACEMENT_3D('',#7164,#7165,#7166);
#7164 = CARTESIAN_POINT('',(4.75,-67.45,0.));
#7165 = DIRECTION('',(0.,-1.,0.));
#7166 = DIRECTION('',(-1.,0.,0.));
#7167 = ADVANCED_FACE('',(#7168),#7186,.T.);
#7168 = FACE_BOUND('',#7169,.T.);
#7169 = EDGE_LOOP('',(#7170,#7178,#7184,#7185));
#7170 = ORIENTED_EDGE('',*,*,#7171,.F.);
#7171 = EDGE_CURVE('',#7172,#7141,#7174,.T.);
#7172 = VERTEX_POINT('',#7173);
#7173 = CARTESIAN_POINT('',(0.,-100.,-4.));
#7174 = LINE('',#7175,#7176);
#7175 = CARTESIAN_POINT('',(0.,-26.5,-4.));
#7176 = VECTOR('',#7177,1.);
#7177 = DIRECTION('',(0.,1.,0.));
#7178 = ORIENTED_EDGE('',*,*,#7179,.T.);
#7179 = EDGE_CURVE('',#7172,#4070,#7180,.T.);
#7180 = LINE('',#7181,#7182);
#7181 = CARTESIAN_POINT('',(0.,-100.,0.));
#7182 = VECTOR('',#7183,1.);
#7183 = DIRECTION('',(0.,0.,-1.));
#7184 = ORIENTED_EDGE('',*,*,#4069,.F.);
#7185 = ORIENTED_EDGE('',*,*,#7148,.T.);
#7186 = PLANE('',#7187);
#7187 = AXIS2_PLACEMENT_3D('',#7188,#7189,#7190);
#7188 = CARTESIAN_POINT('',(0.,0.,0.));
#7189 = DIRECTION('',(1.,0.,0.));
#7190 = DIRECTION('',(0.,-1.,0.));
#7191 = ADVANCED_FACE('',(#7192),#7210,.T.);
#7192 = FACE_BOUND('',#7193,.T.);
#7193 = EDGE_LOOP('',(#7194,#7202,#7208,#7209));
#7194 = ORIENTED_EDGE('',*,*,#7195,.F.);
#7195 = EDGE_CURVE('',#7196,#7172,#7198,.T.);
#7196 = VERTEX_POINT('',#7197);
#7197 = CARTESIAN_POINT('',(6.,-100.,-4.));
#7198 = LINE('',#7199,#7200);
#7199 = CARTESIAN_POINT('',(18.9375,-100.,-4.));
#7200 = VECTOR('',#7201,1.);
#7201 = DIRECTION('',(-1.,0.,0.));
#7202 = ORIENTED_EDGE('',*,*,#7203,.T.);
#7203 = EDGE_CURVE('',#7196,#4078,#7204,.T.);
#7204 = LINE('',#7205,#7206);
#7205 = CARTESIAN_POINT('',(6.,-100.,0.));
#7206 = VECTOR('',#7207,1.);
#7207 = DIRECTION('',(0.,0.,-1.));
#7208 = ORIENTED_EDGE('',*,*,#4077,.F.);
#7209 = ORIENTED_EDGE('',*,*,#7179,.F.);
#7210 = PLANE('',#7211);
#7211 = AXIS2_PLACEMENT_3D('',#7212,#7213,#7214);
#7212 = CARTESIAN_POINT('',(0.,-100.,0.));
#7213 = DIRECTION('',(0.,1.,0.));
#7214 = DIRECTION('',(1.,0.,0.));
#7215 = ADVANCED_FACE('',(#7216),#7252,.T.);
#7216 = FACE_BOUND('',#7217,.T.);
#7217 = EDGE_LOOP('',(#7218,#7227,#7233,#7234,#7235,#7244,#7250,#7251));
#7218 = ORIENTED_EDGE('',*,*,#7219,.F.);
#7219 = EDGE_CURVE('',#7220,#7220,#7222,.T.);
#7220 = VERTEX_POINT('',#7221);
#7221 = CARTESIAN_POINT('',(3.5,-102.5,-8.4));
#7222 = CIRCLE('',#7223,2.5);
#7223 = AXIS2_PLACEMENT_3D('',#7224,#7225,#7226);
#7224 = CARTESIAN_POINT('',(6.,-102.5,-8.4));
#7225 = DIRECTION('',(0.,0.,-1.));
#7226 = DIRECTION('',(1.,0.,0.));
#7227 = ORIENTED_EDGE('',*,*,#7228,.T.);
#7228 = EDGE_CURVE('',#7220,#4086,#7229,.T.);
#7229 = LINE('',#7230,#7231);
#7230 = CARTESIAN_POINT('',(3.5,-102.5,0.));
#7231 = VECTOR('',#7232,1.);
#7232 = DIRECTION('',(0.,0.,1.));
#7233 = ORIENTED_EDGE('',*,*,#4085,.T.);
#7234 = ORIENTED_EDGE('',*,*,#7203,.F.);
#7235 = ORIENTED_EDGE('',*,*,#7236,.F.);
#7236 = EDGE_CURVE('',#7237,#7196,#7239,.T.);
#7237 = VERTEX_POINT('',#7238);
#7238 = CARTESIAN_POINT('',(8.5,-102.5,-4.));
#7239 = CIRCLE('',#7240,2.5);
#7240 = AXIS2_PLACEMENT_3D('',#7241,#7242,#7243);
#7241 = CARTESIAN_POINT('',(6.,-102.5,-4.));
#7242 = DIRECTION('',(0.,0.,1.));
#7243 = DIRECTION('',(1.,0.,0.));
#7244 = ORIENTED_EDGE('',*,*,#7245,.T.);
#7245 = EDGE_CURVE('',#7237,#4095,#7246,.T.);
#7246 = LINE('',#7247,#7248);
#7247 = CARTESIAN_POINT('',(8.5,-102.5,0.));
#7248 = VECTOR('',#7249,1.);
#7249 = DIRECTION('',(0.,0.,-1.));
#7250 = ORIENTED_EDGE('',*,*,#4094,.T.);
#7251 = ORIENTED_EDGE('',*,*,#7228,.F.);
#7252 = CYLINDRICAL_SURFACE('',#7253,2.5);
#7253 = AXIS2_PLACEMENT_3D('',#7254,#7255,#7256);
#7254 = CARTESIAN_POINT('',(6.,-102.5,0.));
#7255 = DIRECTION('',(0.,0.,-1.));
#7256 = DIRECTION('',(1.,0.,0.));
#7257 = ADVANCED_FACE('',(#7258),#7276,.T.);
#7258 = FACE_BOUND('',#7259,.T.);
#7259 = EDGE_LOOP('',(#7260,#7268,#7274,#7275));
#7260 = ORIENTED_EDGE('',*,*,#7261,.F.);
#7261 = EDGE_CURVE('',#7262,#7237,#7264,.T.);
#7262 = VERTEX_POINT('',#7263);
#7263 = CARTESIAN_POINT('',(8.5,-106.,-4.));
#7264 = LINE('',#7265,#7266);
#7265 = CARTESIAN_POINT('',(8.5,-77.75,-4.));
#7266 = VECTOR('',#7267,1.);
#7267 = DIRECTION('',(0.,1.,0.));
#7268 = ORIENTED_EDGE('',*,*,#7269,.F.);
#7269 = EDGE_CURVE('',#4104,#7262,#7270,.T.);
#7270 = LINE('',#7271,#7272);
#7271 = CARTESIAN_POINT('',(8.5,-106.,0.));
#7272 = VECTOR('',#7273,1.);
#7273 = DIRECTION('',(0.,0.,1.));
#7274 = ORIENTED_EDGE('',*,*,#4103,.F.);
#7275 = ORIENTED_EDGE('',*,*,#7245,.F.);
#7276 = PLANE('',#7277);
#7277 = AXIS2_PLACEMENT_3D('',#7278,#7279,#7280);
#7278 = CARTESIAN_POINT('',(8.5,-102.5,0.));
#7279 = DIRECTION('',(1.,0.,0.));
#7280 = DIRECTION('',(0.,-1.,0.));
#7281 = ADVANCED_FACE('',(#7282),#7300,.T.);
#7282 = FACE_BOUND('',#7283,.T.);
#7283 = EDGE_LOOP('',(#7284,#7292,#7298,#7299));
#7284 = ORIENTED_EDGE('',*,*,#7285,.F.);
#7285 = EDGE_CURVE('',#7286,#7262,#7288,.T.);
#7286 = VERTEX_POINT('',#7287);
#7287 = CARTESIAN_POINT('',(67.25,-106.,-4.));
#7288 = LINE('',#7289,#7290);
#7289 = CARTESIAN_POINT('',(18.9375,-106.,-4.));
#7290 = VECTOR('',#7291,1.);
#7291 = DIRECTION('',(-1.,0.,0.));
#7292 = ORIENTED_EDGE('',*,*,#7293,.T.);
#7293 = EDGE_CURVE('',#7286,#4112,#7294,.T.);
#7294 = LINE('',#7295,#7296);
#7295 = CARTESIAN_POINT('',(67.25,-106.,0.));
#7296 = VECTOR('',#7297,1.);
#7297 = DIRECTION('',(0.,0.,-1.));
#7298 = ORIENTED_EDGE('',*,*,#4111,.F.);
#7299 = ORIENTED_EDGE('',*,*,#7269,.T.);
#7300 = PLANE('',#7301);
#7301 = AXIS2_PLACEMENT_3D('',#7302,#7303,#7304);
#7302 = CARTESIAN_POINT('',(0.,-106.,0.));
#7303 = DIRECTION('',(0.,1.,0.));
#7304 = DIRECTION('',(1.,0.,0.));
#7305 = ADVANCED_FACE('',(#7306),#7324,.T.);
#7306 = FACE_BOUND('',#7307,.T.);
#7307 = EDGE_LOOP('',(#7308,#7316,#7322,#7323));
#7308 = ORIENTED_EDGE('',*,*,#7309,.F.);
#7309 = EDGE_CURVE('',#7310,#7286,#7312,.T.);
#7310 = VERTEX_POINT('',#7311);
#7311 = CARTESIAN_POINT('',(67.25,-102.5,-4.));
#7312 = LINE('',#7313,#7314);
#7313 = CARTESIAN_POINT('',(67.25,-79.5,-4.));
#7314 = VECTOR('',#7315,1.);
#7315 = DIRECTION('',(0.,-1.,0.));
#7316 = ORIENTED_EDGE('',*,*,#7317,.T.);
#7317 = EDGE_CURVE('',#7310,#4120,#7318,.T.);
#7318 = LINE('',#7319,#7320);
#7319 = CARTESIAN_POINT('',(67.25,-102.5,0.));
#7320 = VECTOR('',#7321,1.);
#7321 = DIRECTION('',(0.,0.,-1.));
#7322 = ORIENTED_EDGE('',*,*,#4119,.F.);
#7323 = ORIENTED_EDGE('',*,*,#7293,.F.);
#7324 = PLANE('',#7325);
#7325 = AXIS2_PLACEMENT_3D('',#7326,#7327,#7328);
#7326 = CARTESIAN_POINT('',(67.25,-106.,0.));
#7327 = DIRECTION('',(-1.,0.,0.));
#7328 = DIRECTION('',(0.,1.,0.));
#7329 = ADVANCED_FACE('',(#7330),#7365,.T.);
#7330 = FACE_BOUND('',#7331,.T.);
#7331 = EDGE_LOOP('',(#7332,#7341,#7347,#7348,#7357,#7363,#7364));
#7332 = ORIENTED_EDGE('',*,*,#7333,.F.);
#7333 = EDGE_CURVE('',#7334,#7334,#7336,.T.);
#7334 = VERTEX_POINT('',#7335);
#7335 = CARTESIAN_POINT('',(67.25,-102.5,-8.4));
#7336 = CIRCLE('',#7337,2.5);
#7337 = AXIS2_PLACEMENT_3D('',#7338,#7339,#7340);
#7338 = CARTESIAN_POINT('',(69.75,-102.5,-8.4));
#7339 = DIRECTION('',(0.,0.,-1.));
#7340 = DIRECTION('',(1.,0.,0.));
#7341 = ORIENTED_EDGE('',*,*,#7342,.T.);
#7342 = EDGE_CURVE('',#7334,#4120,#7343,.T.);
#7343 = LINE('',#7344,#7345);
#7344 = CARTESIAN_POINT('',(67.25,-102.5,0.));
#7345 = VECTOR('',#7346,1.);
#7346 = DIRECTION('',(0.,0.,1.));
#7347 = ORIENTED_EDGE('',*,*,#7317,.F.);
#7348 = ORIENTED_EDGE('',*,*,#7349,.F.);
#7349 = EDGE_CURVE('',#7350,#7310,#7352,.T.);
#7350 = VERTEX_POINT('',#7351);
#7351 = CARTESIAN_POINT('',(69.75,-100.,-4.));
#7352 = CIRCLE('',#7353,2.5);
#7353 = AXIS2_PLACEMENT_3D('',#7354,#7355,#7356);
#7354 = CARTESIAN_POINT('',(69.75,-102.5,-4.));
#7355 = DIRECTION('',(0.,0.,1.));
#7356 = DIRECTION('',(-1.,0.,0.));
#7357 = ORIENTED_EDGE('',*,*,#7358,.T.);
#7358 = EDGE_CURVE('',#7350,#4128,#7359,.T.);
#7359 = LINE('',#7360,#7361);
#7360 = CARTESIAN_POINT('',(69.75,-100.,0.));
#7361 = VECTOR('',#7362,1.);
#7362 = DIRECTION('',(0.,0.,-1.));
#7363 = ORIENTED_EDGE('',*,*,#4127,.T.);
#7364 = ORIENTED_EDGE('',*,*,#7342,.F.);
#7365 = CYLINDRICAL_SURFACE('',#7366,2.5);
#7366 = AXIS2_PLACEMENT_3D('',#7367,#7368,#7369);
#7367 = CARTESIAN_POINT('',(69.75,-102.5,0.));
#7368 = DIRECTION('',(0.,0.,-1.));
#7369 = DIRECTION('',(1.,0.,0.));
#7370 = ADVANCED_FACE('',(#7371),#7389,.T.);
#7371 = FACE_BOUND('',#7372,.T.);
#7372 = EDGE_LOOP('',(#7373,#7381,#7387,#7388));
#7373 = ORIENTED_EDGE('',*,*,#7374,.F.);
#7374 = EDGE_CURVE('',#7375,#7350,#7377,.T.);
#7375 = VERTEX_POINT('',#7376);
#7376 = CARTESIAN_POINT('',(75.75,-100.,-4.));
#7377 = LINE('',#7378,#7379);
#7378 = CARTESIAN_POINT('',(53.8125,-100.,-4.));
#7379 = VECTOR('',#7380,1.);
#7380 = DIRECTION('',(-1.,0.,0.));
#7381 = ORIENTED_EDGE('',*,*,#7382,.F.);
#7382 = EDGE_CURVE('',#4137,#7375,#7383,.T.);
#7383 = LINE('',#7384,#7385);
#7384 = CARTESIAN_POINT('',(75.75,-100.,0.));
#7385 = VECTOR('',#7386,1.);
#7386 = DIRECTION('',(0.,0.,1.));
#7387 = ORIENTED_EDGE('',*,*,#4136,.F.);
#7388 = ORIENTED_EDGE('',*,*,#7358,.F.);
#7389 = PLANE('',#7390);
#7390 = AXIS2_PLACEMENT_3D('',#7391,#7392,#7393);
#7391 = CARTESIAN_POINT('',(69.75,-100.,0.));
#7392 = DIRECTION('',(0.,1.,0.));
#7393 = DIRECTION('',(1.,0.,0.));
#7394 = ADVANCED_FACE('',(#7395),#7413,.T.);
#7395 = FACE_BOUND('',#7396,.T.);
#7396 = EDGE_LOOP('',(#7397,#7405,#7411,#7412));
#7397 = ORIENTED_EDGE('',*,*,#7398,.F.);
#7398 = EDGE_CURVE('',#7399,#7375,#7401,.T.);
#7399 = VERTEX_POINT('',#7400);
#7400 = CARTESIAN_POINT('',(75.75,-67.45,-4.));
#7401 = LINE('',#7402,#7403);
#7402 = CARTESIAN_POINT('',(75.75,-67.45,-4.));
#7403 = VECTOR('',#7404,1.);
#7404 = DIRECTION('',(0.,-1.,3.1E-16));
#7405 = ORIENTED_EDGE('',*,*,#7406,.T.);
#7406 = EDGE_CURVE('',#7399,#4145,#7407,.T.);
#7407 = LINE('',#7408,#7409);
#7408 = CARTESIAN_POINT('',(75.75,-67.45,0.));
#7409 = VECTOR('',#7410,1.);
#7410 = DIRECTION('',(0.,0.,-1.));
#7411 = ORIENTED_EDGE('',*,*,#4144,.F.);
#7412 = ORIENTED_EDGE('',*,*,#7382,.T.);
#7413 = PLANE('',#7414);
#7414 = AXIS2_PLACEMENT_3D('',#7415,#7416,#7417);
#7415 = CARTESIAN_POINT('',(75.75,-106.,0.));
#7416 = DIRECTION('',(-1.,0.,0.));
#7417 = DIRECTION('',(0.,1.,0.));
#7418 = ADVANCED_FACE('',(#7419),#7445,.T.);
#7419 = FACE_BOUND('',#7420,.T.);
#7420 = EDGE_LOOP('',(#7421,#7431,#7437,#7438,#7439));
#7421 = ORIENTED_EDGE('',*,*,#7422,.F.);
#7422 = EDGE_CURVE('',#7423,#7425,#7427,.T.);
#7423 = VERTEX_POINT('',#7424);
#7424 = CARTESIAN_POINT('',(71.,-67.45,-3.));
#7425 = VERTEX_POINT('',#7426);
#7426 = CARTESIAN_POINT('',(74.75,-67.45,-3.));
#7427 = LINE('',#7428,#7429);
#7428 = CARTESIAN_POINT('',(56.8125,-67.45,-3.));
#7429 = VECTOR('',#7430,1.);
#7430 = DIRECTION('',(1.,0.,0.));
#7431 = ORIENTED_EDGE('',*,*,#7432,.T.);
#7432 = EDGE_CURVE('',#7423,#4153,#7433,.T.);
#7433 = LINE('',#7434,#7435);
#7434 = CARTESIAN_POINT('',(71.,-67.45,0.));
#7435 = VECTOR('',#7436,1.);
#7436 = DIRECTION('',(0.,0.,-1.));
#7437 = ORIENTED_EDGE('',*,*,#4152,.F.);
#7438 = ORIENTED_EDGE('',*,*,#7406,.F.);
#7439 = ORIENTED_EDGE('',*,*,#7440,.T.);
#7440 = EDGE_CURVE('',#7399,#7425,#7441,.T.);
#7441 = LINE('',#7442,#7443);
#7442 = CARTESIAN_POINT('',(74.25,-67.45,-2.5));
#7443 = VECTOR('',#7444,1.);
#7444 = DIRECTION('',(-0.707106781187,0.,0.707106781187));
#7445 = PLANE('',#7446);
#7446 = AXIS2_PLACEMENT_3D('',#7447,#7448,#7449);
#7447 = CARTESIAN_POINT('',(75.75,-67.45,0.));
#7448 = DIRECTION('',(0.,-1.,0.));
#7449 = DIRECTION('',(-1.,0.,0.));
#7450 = ADVANCED_FACE('',(#7451),#7495,.T.);
#7451 = FACE_BOUND('',#7452,.T.);
#7452 = EDGE_LOOP('',(#7453,#7462,#7470,#7479,#7485,#7486,#7487,#7494));
#7453 = ORIENTED_EDGE('',*,*,#7454,.F.);
#7454 = EDGE_CURVE('',#7455,#7455,#7457,.T.);
#7455 = VERTEX_POINT('',#7456);
#7456 = CARTESIAN_POINT('',(68.75,-65.2,-8.2));
#7457 = CIRCLE('',#7458,2.25);
#7458 = AXIS2_PLACEMENT_3D('',#7459,#7460,#7461);
#7459 = CARTESIAN_POINT('',(71.,-65.2,-8.2));
#7460 = DIRECTION('',(0.,0.,-1.));
#7461 = DIRECTION('',(1.,0.,0.));
#7462 = ORIENTED_EDGE('',*,*,#7463,.T.);
#7463 = EDGE_CURVE('',#7455,#7464,#7466,.T.);
#7464 = VERTEX_POINT('',#7465);
#7465 = CARTESIAN_POINT('',(68.75,-65.2,-3.));
#7466 = LINE('',#7467,#7468);
#7467 = CARTESIAN_POINT('',(68.75,-65.2,0.));
#7468 = VECTOR('',#7469,1.);
#7469 = DIRECTION('',(0.,0.,1.));
#7470 = ORIENTED_EDGE('',*,*,#7471,.F.);
#7471 = EDGE_CURVE('',#7472,#7464,#7474,.T.);
#7472 = VERTEX_POINT('',#7473);
#7473 = CARTESIAN_POINT('',(71.,-62.95,-3.));
#7474 = CIRCLE('',#7475,2.25);
#7475 = AXIS2_PLACEMENT_3D('',#7476,#7477,#7478);
#7476 = CARTESIAN_POINT('',(71.,-65.2,-3.));
#7477 = DIRECTION('',(0.,0.,1.));
#7478 = DIRECTION('',(-1.,0.,0.));
#7479 = ORIENTED_EDGE('',*,*,#7480,.T.);
#7480 = EDGE_CURVE('',#7472,#4161,#7481,.T.);
#7481 = LINE('',#7482,#7483);
#7482 = CARTESIAN_POINT('',(71.,-62.95,0.));
#7483 = VECTOR('',#7484,1.);
#7484 = DIRECTION('',(0.,0.,-1.));
#7485 = ORIENTED_EDGE('',*,*,#4160,.T.);
#7486 = ORIENTED_EDGE('',*,*,#7432,.F.);
#7487 = ORIENTED_EDGE('',*,*,#7488,.F.);
#7488 = EDGE_CURVE('',#7464,#7423,#7489,.T.);
#7489 = CIRCLE('',#7490,2.25);
#7490 = AXIS2_PLACEMENT_3D('',#7491,#7492,#7493);
#7491 = CARTESIAN_POINT('',(71.,-65.2,-3.));
#7492 = DIRECTION('',(0.,0.,1.));
#7493 = DIRECTION('',(-1.,0.,0.));
#7494 = ORIENTED_EDGE('',*,*,#7463,.F.);
#7495 = CYLINDRICAL_SURFACE('',#7496,2.25);
#7496 = AXIS2_PLACEMENT_3D('',#7497,#7498,#7499);
#7497 = CARTESIAN_POINT('',(71.,-65.2,0.));
#7498 = DIRECTION('',(0.,0.,-1.));
#7499 = DIRECTION('',(1.,0.,0.));
#7500 = ADVANCED_FACE('',(#7501),#7512,.T.);
#7501 = FACE_BOUND('',#7502,.T.);
#7502 = EDGE_LOOP('',(#7503,#7509,#7510,#7511));
#7503 = ORIENTED_EDGE('',*,*,#7504,.F.);
#7504 = EDGE_CURVE('',#6632,#7472,#7505,.T.);
#7505 = LINE('',#7506,#7507);
#7506 = CARTESIAN_POINT('',(54.4375,-62.95,-3.));
#7507 = VECTOR('',#7508,1.);
#7508 = DIRECTION('',(-1.,0.,0.));
#7509 = ORIENTED_EDGE('',*,*,#6631,.F.);
#7510 = ORIENTED_EDGE('',*,*,#4169,.F.);
#7511 = ORIENTED_EDGE('',*,*,#7480,.F.);
#7512 = PLANE('',#7513);
#7513 = AXIS2_PLACEMENT_3D('',#7514,#7515,#7516);
#7514 = CARTESIAN_POINT('',(71.,-62.95,0.));
#7515 = DIRECTION('',(0.,1.,0.));
#7516 = DIRECTION('',(1.,0.,0.));
#7517 = ADVANCED_FACE('',(#7518),#7536,.T.);
#7518 = FACE_BOUND('',#7519,.T.);
#7519 = EDGE_LOOP('',(#7520,#7528,#7534,#7535));
#7520 = ORIENTED_EDGE('',*,*,#7521,.T.);
#7521 = EDGE_CURVE('',#6768,#7522,#7524,.T.);
#7522 = VERTEX_POINT('',#7523);
#7523 = CARTESIAN_POINT('',(54.25,-4.75,-3.5));
#7524 = LINE('',#7525,#7526);
#7525 = CARTESIAN_POINT('',(54.25,-26.5,-3.5));
#7526 = VECTOR('',#7527,1.);
#7527 = DIRECTION('',(0.,-1.,0.));
#7528 = ORIENTED_EDGE('',*,*,#7529,.T.);
#7529 = EDGE_CURVE('',#7522,#4405,#7530,.T.);
#7530 = LINE('',#7531,#7532);
#7531 = CARTESIAN_POINT('',(54.25,-4.75,0.));
#7532 = VECTOR('',#7533,1.);
#7533 = DIRECTION('',(0.,0.,-1.));
#7534 = ORIENTED_EDGE('',*,*,#4404,.F.);
#7535 = ORIENTED_EDGE('',*,*,#6775,.F.);
#7536 = PLANE('',#7537);
#7537 = AXIS2_PLACEMENT_3D('',#7538,#7539,#7540);
#7538 = CARTESIAN_POINT('',(54.25,3.33E-15,0.));
#7539 = DIRECTION('',(1.,0.,0.));
#7540 = DIRECTION('',(0.,-1.,0.));
#7541 = ADVANCED_FACE('',(#7542),#7605,.T.);
#7542 = FACE_BOUND('',#7543,.T.);
#7543 = EDGE_LOOP('',(#7544,#7554,#7560,#7561,#7562,#7568,#7574,#7575,
    #7583,#7591,#7599));
#7544 = ORIENTED_EDGE('',*,*,#7545,.F.);
#7545 = EDGE_CURVE('',#7546,#7548,#7550,.T.);
#7546 = VERTEX_POINT('',#7547);
#7547 = CARTESIAN_POINT('',(49.75,-4.75,-3.5));
#7548 = VERTEX_POINT('',#7549);
#7549 = CARTESIAN_POINT('',(6.,-4.75,-3.5));
#7550 = LINE('',#7551,#7552);
#7551 = CARTESIAN_POINT('',(75.75,-4.75,-3.5));
#7552 = VECTOR('',#7553,1.);
#7553 = DIRECTION('',(-1.,0.,0.));
#7554 = ORIENTED_EDGE('',*,*,#7555,.T.);
#7555 = EDGE_CURVE('',#7546,#4413,#7556,.T.);
#7556 = LINE('',#7557,#7558);
#7557 = CARTESIAN_POINT('',(49.75,-4.75,0.));
#7558 = VECTOR('',#7559,1.);
#7559 = DIRECTION('',(0.,0.,-1.));
#7560 = ORIENTED_EDGE('',*,*,#4412,.F.);
#7561 = ORIENTED_EDGE('',*,*,#7529,.F.);
#7562 = ORIENTED_EDGE('',*,*,#7563,.F.);
#7563 = EDGE_CURVE('',#6711,#7522,#7564,.T.);
#7564 = LINE('',#7565,#7566);
#7565 = CARTESIAN_POINT('',(75.75,-4.75,-3.5));
#7566 = VECTOR('',#7567,1.);
#7567 = DIRECTION('',(-1.,0.,0.));
#7568 = ORIENTED_EDGE('',*,*,#7569,.F.);
#7569 = EDGE_CURVE('',#6585,#6711,#7570,.T.);
#7570 = LINE('',#7571,#7572);
#7571 = CARTESIAN_POINT('',(75.75,-4.75,-3.5));
#7572 = VECTOR('',#7573,1.);
#7573 = DIRECTION('',(-1.,0.,0.));
#7574 = ORIENTED_EDGE('',*,*,#6584,.F.);
#7575 = ORIENTED_EDGE('',*,*,#7576,.T.);
#7576 = EDGE_CURVE('',#6577,#7577,#7579,.T.);
#7577 = VERTEX_POINT('',#7578);
#7578 = CARTESIAN_POINT('',(75.618347297153,-4.75,-3.));
#7579 = LINE('',#7580,#7581);
#7580 = CARTESIAN_POINT('',(46.062465431725,-4.75,-3.));
#7581 = VECTOR('',#7582,1.);
#7582 = DIRECTION('',(-1.,0.,0.));
#7583 = ORIENTED_EDGE('',*,*,#7584,.F.);
#7584 = EDGE_CURVE('',#7585,#7577,#7587,.T.);
#7585 = VERTEX_POINT('',#7586);
#7586 = CARTESIAN_POINT('',(75.618347297153,-4.75,-2.));
#7587 = LINE('',#7588,#7589);
#7588 = CARTESIAN_POINT('',(75.618347297153,-4.75,-3.));
#7589 = VECTOR('',#7590,1.);
#7590 = DIRECTION('',(-0.,-0.,-1.));
#7591 = ORIENTED_EDGE('',*,*,#7592,.F.);
#7592 = EDGE_CURVE('',#7593,#7585,#7595,.T.);
#7593 = VERTEX_POINT('',#7594);
#7594 = CARTESIAN_POINT('',(6.,-4.75,-2.));
#7595 = LINE('',#7596,#7597);
#7596 = CARTESIAN_POINT('',(56.8125,-4.75,-2.));
#7597 = VECTOR('',#7598,1.);
#7598 = DIRECTION('',(1.,0.,0.));
#7599 = ORIENTED_EDGE('',*,*,#7600,.T.);
#7600 = EDGE_CURVE('',#7593,#7548,#7601,.T.);
#7601 = LINE('',#7602,#7603);
#7602 = CARTESIAN_POINT('',(6.,-4.75,0.));
#7603 = VECTOR('',#7604,1.);
#7604 = DIRECTION('',(0.,0.,-1.));
#7605 = PLANE('',#7606);
#7606 = AXIS2_PLACEMENT_3D('',#7607,#7608,#7609);
#7607 = CARTESIAN_POINT('',(54.25,-4.75,0.));
#7608 = DIRECTION('',(0.,-1.,0.));
#7609 = DIRECTION('',(-1.,0.,0.));
#7610 = ADVANCED_FACE('',(#7611),#7622,.T.);
#7611 = FACE_BOUND('',#7612,.T.);
#7612 = EDGE_LOOP('',(#7613,#7619,#7620,#7621));
#7613 = ORIENTED_EDGE('',*,*,#7614,.T.);
#7614 = EDGE_CURVE('',#7546,#6798,#7615,.T.);
#7615 = LINE('',#7616,#7617);
#7616 = CARTESIAN_POINT('',(49.75,-28.875,-3.5));
#7617 = VECTOR('',#7618,1.);
#7618 = DIRECTION('',(0.,1.,0.));
#7619 = ORIENTED_EDGE('',*,*,#6820,.F.);
#7620 = ORIENTED_EDGE('',*,*,#4420,.F.);
#7621 = ORIENTED_EDGE('',*,*,#7555,.F.);
#7622 = PLANE('',#7623);
#7623 = AXIS2_PLACEMENT_3D('',#7624,#7625,#7626);
#7624 = CARTESIAN_POINT('',(49.75,-4.75,0.));
#7625 = DIRECTION('',(-1.,0.,0.));
#7626 = DIRECTION('',(0.,1.,0.));
#7627 = ADVANCED_FACE('',(#7628),#7639,.F.);
#7628 = FACE_BOUND('',#7629,.T.);
#7629 = EDGE_LOOP('',(#7630,#7631,#7632,#7638));
#7630 = ORIENTED_EDGE('',*,*,#4700,.F.);
#7631 = ORIENTED_EDGE('',*,*,#6616,.F.);
#7632 = ORIENTED_EDGE('',*,*,#7633,.T.);
#7633 = EDGE_CURVE('',#6609,#6486,#7634,.T.);
#7634 = LINE('',#7635,#7636);
#7635 = CARTESIAN_POINT('',(75.75,-24.5,-4.));
#7636 = VECTOR('',#7637,1.);
#7637 = DIRECTION('',(1.,0.,0.));
#7638 = ORIENTED_EDGE('',*,*,#6485,.T.);
#7639 = PLANE('',#7640);
#7640 = AXIS2_PLACEMENT_3D('',#7641,#7642,#7643);
#7641 = CARTESIAN_POINT('',(76.75,-24.5,-4.));
#7642 = DIRECTION('',(0.,-1.,0.));
#7643 = DIRECTION('',(-1.,0.,0.));
#7644 = ADVANCED_FACE('',(#7645),#7697,.F.);
#7645 = FACE_BOUND('',#7646,.T.);
#7646 = EDGE_LOOP('',(#7647,#7657,#7666,#7674,#7683,#7688,#7689,#7690));
#7647 = ORIENTED_EDGE('',*,*,#7648,.F.);
#7648 = EDGE_CURVE('',#7649,#7651,#7653,.T.);
#7649 = VERTEX_POINT('',#7650);
#7650 = CARTESIAN_POINT('',(22.4,-64.79757310144,-2.1));
#7651 = VERTEX_POINT('',#7652);
#7652 = CARTESIAN_POINT('',(22.4,-64.79757310144,-4.));
#7653 = LINE('',#7654,#7655);
#7654 = CARTESIAN_POINT('',(22.4,-64.79757310144,0.));
#7655 = VECTOR('',#7656,1.);
#7656 = DIRECTION('',(0.,0.,-1.));
#7657 = ORIENTED_EDGE('',*,*,#7658,.T.);
#7658 = EDGE_CURVE('',#7649,#7659,#7661,.T.);
#7659 = VERTEX_POINT('',#7660);
#7660 = CARTESIAN_POINT('',(28.34536545349,-73.2,-2.1));
#7661 = CIRCLE('',#7662,11.75);
#7662 = AXIS2_PLACEMENT_3D('',#7663,#7664,#7665);
#7663 = CARTESIAN_POINT('',(16.75,-75.1,-2.1));
#7664 = DIRECTION('',(0.,0.,-1.));
#7665 = DIRECTION('',(1.,0.,0.));
#7666 = ORIENTED_EDGE('',*,*,#7667,.T.);
#7667 = EDGE_CURVE('',#7659,#7668,#7670,.T.);
#7668 = VERTEX_POINT('',#7669);
#7669 = CARTESIAN_POINT('',(28.34536545349,-73.2,-4.));
#7670 = LINE('',#7671,#7672);
#7671 = CARTESIAN_POINT('',(28.34536545349,-73.2,0.));
#7672 = VECTOR('',#7673,1.);
#7673 = DIRECTION('',(0.,0.,-1.));
#7674 = ORIENTED_EDGE('',*,*,#7675,.F.);
#7675 = EDGE_CURVE('',#7676,#7668,#7678,.T.);
#7676 = VERTEX_POINT('',#7677);
#7677 = CARTESIAN_POINT('',(5.,-75.1,-4.));
#7678 = CIRCLE('',#7679,11.75);
#7679 = AXIS2_PLACEMENT_3D('',#7680,#7681,#7682);
#7680 = CARTESIAN_POINT('',(16.75,-75.1,-4.));
#7681 = DIRECTION('',(0.,0.,1.));
#7682 = DIRECTION('',(1.,0.,0.));
#7683 = ORIENTED_EDGE('',*,*,#7684,.T.);
#7684 = EDGE_CURVE('',#7676,#4756,#7685,.T.);
#7685 = B_SPLINE_CURVE_WITH_KNOTS('',1,(#7686,#7687),.UNSPECIFIED.,.F.,
  .F.,(2,2),(-3.,0.),.PIECEWISE_BEZIER_KNOTS.);
#7686 = CARTESIAN_POINT('',(5.,-75.1,-4.));
#7687 = CARTESIAN_POINT('',(5.,-75.1,-1.));
#7688 = ORIENTED_EDGE('',*,*,#4755,.F.);
#7689 = ORIENTED_EDGE('',*,*,#7684,.F.);
#7690 = ORIENTED_EDGE('',*,*,#7691,.F.);
#7691 = EDGE_CURVE('',#7651,#7676,#7692,.T.);
#7692 = CIRCLE('',#7693,11.75);
#7693 = AXIS2_PLACEMENT_3D('',#7694,#7695,#7696);
#7694 = CARTESIAN_POINT('',(16.75,-75.1,-4.));
#7695 = DIRECTION('',(0.,0.,1.));
#7696 = DIRECTION('',(1.,0.,0.));
#7697 = CYLINDRICAL_SURFACE('',#7698,11.75);
#7698 = AXIS2_PLACEMENT_3D('',#7699,#7700,#7701);
#7699 = CARTESIAN_POINT('',(16.75,-75.1,-1.));
#7700 = DIRECTION('',(0.,0.,1.));
#7701 = DIRECTION('',(1.,0.,0.));
#7702 = ADVANCED_FACE('',(#7703),#7729,.T.);
#7703 = FACE_BOUND('',#7704,.T.);
#7704 = EDGE_LOOP('',(#7705,#7713,#7722,#7728));
#7705 = ORIENTED_EDGE('',*,*,#7706,.T.);
#7706 = EDGE_CURVE('',#4817,#7707,#7709,.T.);
#7707 = VERTEX_POINT('',#7708);
#7708 = CARTESIAN_POINT('',(56.870568908735,-73.1980469262,-2.));
#7709 = LINE('',#7710,#7711);
#7710 = CARTESIAN_POINT('',(56.870568908735,-73.1980469262,-1.));
#7711 = VECTOR('',#7712,1.);
#7712 = DIRECTION('',(-0.,-0.,-1.));
#7713 = ORIENTED_EDGE('',*,*,#7714,.T.);
#7714 = EDGE_CURVE('',#7707,#7715,#7717,.T.);
#7715 = VERTEX_POINT('',#7716);
#7716 = CARTESIAN_POINT('',(61.66078416023,-72.74664993806,-2.));
#7717 = CIRCLE('',#7718,6.);
#7718 = AXIS2_PLACEMENT_3D('',#7719,#7720,#7721);
#7719 = CARTESIAN_POINT('',(58.75,-67.5,-2.));
#7720 = DIRECTION('',(0.,0.,1.));
#7721 = DIRECTION('',(-1.,0.,0.));
#7722 = ORIENTED_EDGE('',*,*,#7723,.F.);
#7723 = EDGE_CURVE('',#4819,#7715,#7724,.T.);
#7724 = LINE('',#7725,#7726);
#7725 = CARTESIAN_POINT('',(61.66078416023,-72.74664993806,-1.));
#7726 = VECTOR('',#7727,1.);
#7727 = DIRECTION('',(-0.,-0.,-1.));
#7728 = ORIENTED_EDGE('',*,*,#4816,.F.);
#7729 = CYLINDRICAL_SURFACE('',#7730,6.);
#7730 = AXIS2_PLACEMENT_3D('',#7731,#7732,#7733);
#7731 = CARTESIAN_POINT('',(58.75,-67.5,-1.));
#7732 = DIRECTION('',(0.,0.,1.));
#7733 = DIRECTION('',(-1.,0.,0.));
#7734 = ADVANCED_FACE('',(#7735),#7747,.T.);
#7735 = FACE_BOUND('',#7736,.F.);
#7736 = EDGE_LOOP('',(#7737,#7738,#7745,#7746));
#7737 = ORIENTED_EDGE('',*,*,#7706,.T.);
#7738 = ORIENTED_EDGE('',*,*,#7739,.T.);
#7739 = EDGE_CURVE('',#7707,#4992,#7740,.T.);
#7740 = CIRCLE('',#7741,6.);
#7741 = AXIS2_PLACEMENT_3D('',#7742,#7743,#7744);
#7742 = CARTESIAN_POINT('',(51.18,-75.1,-2.));
#7743 = DIRECTION('',(0.,0.,-1.));
#7744 = DIRECTION('',(1.,0.,0.));
#7745 = ORIENTED_EDGE('',*,*,#4999,.F.);
#7746 = ORIENTED_EDGE('',*,*,#4827,.F.);
#7747 = CYLINDRICAL_SURFACE('',#7748,6.);
#7748 = AXIS2_PLACEMENT_3D('',#7749,#7750,#7751);
#7749 = CARTESIAN_POINT('',(51.18,-75.1,-1.));
#7750 = DIRECTION('',(0.,0.,1.));
#7751 = DIRECTION('',(1.,0.,0.));
#7752 = ADVANCED_FACE('',(#7753),#7772,.T.);
#7753 = FACE_BOUND('',#7754,.T.);
#7754 = EDGE_LOOP('',(#7755,#7763,#7770,#7771));
#7755 = ORIENTED_EDGE('',*,*,#7756,.T.);
#7756 = EDGE_CURVE('',#4853,#7757,#7759,.T.);
#7757 = VERTEX_POINT('',#7758);
#7758 = CARTESIAN_POINT('',(56.456967797345,-77.95545283024,-2.));
#7759 = LINE('',#7760,#7761);
#7760 = CARTESIAN_POINT('',(56.456967797345,-77.95545283024,-1.));
#7761 = VECTOR('',#7762,1.);
#7762 = DIRECTION('',(-0.,-0.,-1.));
#7763 = ORIENTED_EDGE('',*,*,#7764,.T.);
#7764 = EDGE_CURVE('',#7757,#4912,#7765,.T.);
#7765 = CIRCLE('',#7766,6.);
#7766 = AXIS2_PLACEMENT_3D('',#7767,#7768,#7769);
#7767 = CARTESIAN_POINT('',(51.18,-75.1,-2.));
#7768 = DIRECTION('',(-0.,0.,1.));
#7769 = DIRECTION('',(0.879494632891,-0.475908805042,0.));
#7770 = ORIENTED_EDGE('',*,*,#4911,.F.);
#7771 = ORIENTED_EDGE('',*,*,#4852,.F.);
#7772 = CYLINDRICAL_SURFACE('',#7773,6.);
#7773 = AXIS2_PLACEMENT_3D('',#7774,#7775,#7776);
#7774 = CARTESIAN_POINT('',(51.18,-75.1,-1.));
#7775 = DIRECTION('',(0.,0.,1.));
#7776 = DIRECTION('',(0.879494632891,-0.475908805042,0.));
#7777 = ADVANCED_FACE('',(#7778),#7797,.T.);
#7778 = FACE_BOUND('',#7779,.F.);
#7779 = EDGE_LOOP('',(#7780,#7781,#7790,#7796));
#7780 = ORIENTED_EDGE('',*,*,#7756,.T.);
#7781 = ORIENTED_EDGE('',*,*,#7782,.T.);
#7782 = EDGE_CURVE('',#7757,#7783,#7785,.T.);
#7783 = VERTEX_POINT('',#7784);
#7784 = CARTESIAN_POINT('',(62.421098280106,-78.75415577396,-2.));
#7785 = CIRCLE('',#7786,6.);
#7786 = AXIS2_PLACEMENT_3D('',#7787,#7788,#7789);
#7787 = CARTESIAN_POINT('',(58.75,-83.5,-2.));
#7788 = DIRECTION('',(0.,0.,-1.));
#7789 = DIRECTION('',(1.,0.,0.));
#7790 = ORIENTED_EDGE('',*,*,#7791,.F.);
#7791 = EDGE_CURVE('',#4862,#7783,#7792,.T.);
#7792 = LINE('',#7793,#7794);
#7793 = CARTESIAN_POINT('',(62.421098280106,-78.75415577396,-1.));
#7794 = VECTOR('',#7795,1.);
#7795 = DIRECTION('',(-0.,-0.,-1.));
#7796 = ORIENTED_EDGE('',*,*,#4861,.F.);
#7797 = CYLINDRICAL_SURFACE('',#7798,6.);
#7798 = AXIS2_PLACEMENT_3D('',#7799,#7800,#7801);
#7799 = CARTESIAN_POINT('',(58.75,-83.5,-1.));
#7800 = DIRECTION('',(0.,0.,1.));
#7801 = DIRECTION('',(1.,0.,0.));
#7802 = ADVANCED_FACE('',(#7803),#7815,.T.);
#7803 = FACE_BOUND('',#7804,.F.);
#7804 = EDGE_LOOP('',(#7805,#7806,#7813,#7814));
#7805 = ORIENTED_EDGE('',*,*,#7791,.T.);
#7806 = ORIENTED_EDGE('',*,*,#7807,.T.);
#7807 = EDGE_CURVE('',#7783,#5947,#7808,.T.);
#7808 = CIRCLE('',#7809,6.);
#7809 = AXIS2_PLACEMENT_3D('',#7810,#7811,#7812);
#7810 = CARTESIAN_POINT('',(67.18,-75.1,-2.));
#7811 = DIRECTION('',(0.,0.,-1.));
#7812 = DIRECTION('',(1.,0.,0.));
#7813 = ORIENTED_EDGE('',*,*,#5956,.F.);
#7814 = ORIENTED_EDGE('',*,*,#4870,.F.);
#7815 = CYLINDRICAL_SURFACE('',#7816,6.);
#7816 = AXIS2_PLACEMENT_3D('',#7817,#7818,#7819);
#7817 = CARTESIAN_POINT('',(67.18,-75.1,-1.));
#7818 = DIRECTION('',(0.,0.,1.));
#7819 = DIRECTION('',(1.,0.,0.));
#7820 = ADVANCED_FACE('',(#7821),#7833,.T.);
#7821 = FACE_BOUND('',#7822,.F.);
#7822 = EDGE_LOOP('',(#7823,#7824,#7831,#7832));
#7823 = ORIENTED_EDGE('',*,*,#6006,.T.);
#7824 = ORIENTED_EDGE('',*,*,#7825,.T.);
#7825 = EDGE_CURVE('',#6007,#7715,#7826,.T.);
#7826 = CIRCLE('',#7827,6.);
#7827 = AXIS2_PLACEMENT_3D('',#7828,#7829,#7830);
#7828 = CARTESIAN_POINT('',(67.18,-75.1,-2.));
#7829 = DIRECTION('',(0.,0.,-1.));
#7830 = DIRECTION('',(1.,0.,0.));
#7831 = ORIENTED_EDGE('',*,*,#7723,.F.);
#7832 = ORIENTED_EDGE('',*,*,#4894,.F.);
#7833 = CYLINDRICAL_SURFACE('',#7834,6.);
#7834 = AXIS2_PLACEMENT_3D('',#7835,#7836,#7837);
#7835 = CARTESIAN_POINT('',(67.18,-75.1,-1.));
#7836 = DIRECTION('',(0.,0.,1.));
#7837 = DIRECTION('',(1.,0.,0.));
#7838 = ADVANCED_FACE('',(#7839),#7870,.T.);
#7839 = FACE_BOUND('',#7840,.T.);
#7840 = EDGE_LOOP('',(#7841,#7850,#7851,#7852,#7859,#7860,#7861));
#7841 = ORIENTED_EDGE('',*,*,#7842,.F.);
#7842 = EDGE_CURVE('',#5034,#7843,#7845,.T.);
#7843 = VERTEX_POINT('',#7844);
#7844 = CARTESIAN_POINT('',(53.473032202655,-80.64454716975,-2.));
#7845 = CIRCLE('',#7846,6.);
#7846 = AXIS2_PLACEMENT_3D('',#7847,#7848,#7849);
#7847 = CARTESIAN_POINT('',(51.18,-75.1,-2.));
#7848 = DIRECTION('',(2.58E-15,-8.67E-15,1.));
#7849 = DIRECTION('',(-0.993171127696,-0.116666666667,1.550881509455E-15
    ));
#7850 = ORIENTED_EDGE('',*,*,#5033,.T.);
#7851 = ORIENTED_EDGE('',*,*,#5024,.T.);
#7852 = ORIENTED_EDGE('',*,*,#7853,.T.);
#7853 = EDGE_CURVE('',#5017,#4920,#7854,.T.);
#7854 = CIRCLE('',#7855,5.);
#7855 = AXIS2_PLACEMENT_3D('',#7856,#7857,#7858);
#7856 = CARTESIAN_POINT('',(51.18,-75.1,-3.));
#7857 = DIRECTION('',(0.,0.,1.));
#7858 = DIRECTION('',(-0.990151503559,-0.14,0.));
#7859 = ORIENTED_EDGE('',*,*,#4919,.T.);
#7860 = ORIENTED_EDGE('',*,*,#7764,.F.);
#7861 = ORIENTED_EDGE('',*,*,#7862,.T.);
#7862 = EDGE_CURVE('',#7757,#7843,#7863,.T.);
#7863 = B_SPLINE_CURVE_WITH_KNOTS('',3,(#7864,#7865,#7866,#7867,#7868,
    #7869),.UNSPECIFIED.,.F.,.F.,(4,2,4),(1.643555999702,1.859732444043,
    2.075908888384),.UNSPECIFIED.);
#7864 = CARTESIAN_POINT('',(56.456967797345,-77.95545283024,-2.));
#7865 = CARTESIAN_POINT('',(55.989961146633,-78.37631477618,
    -2.210437937046));
#7866 = CARTESIAN_POINT('',(55.500291970595,-78.81759997411,
    -2.346131855092));
#7867 = CARTESIAN_POINT('',(54.429708029405,-79.78240002588,
    -2.346131855092));
#7868 = CARTESIAN_POINT('',(53.940038853367,-80.22368522381,
    -2.210437937046));
#7869 = CARTESIAN_POINT('',(53.473032202655,-80.64454716975,-2.));
#7870 = CONICAL_SURFACE('',#7871,5.5,0.785398163397);
#7871 = AXIS2_PLACEMENT_3D('',#7872,#7873,#7874);
#7872 = CARTESIAN_POINT('',(51.18,-75.1,-2.5));
#7873 = DIRECTION('',(0.,0.,1.));
#7874 = DIRECTION('',(1.,0.,0.));
#7875 = ADVANCED_FACE('',(#7876),#7882,.T.);
#7876 = FACE_BOUND('',#7877,.T.);
#7877 = EDGE_LOOP('',(#7878,#7879,#7880,#7881));
#7878 = ORIENTED_EDGE('',*,*,#7853,.F.);
#7879 = ORIENTED_EDGE('',*,*,#5016,.T.);
#7880 = ORIENTED_EDGE('',*,*,#4959,.F.);
#7881 = ORIENTED_EDGE('',*,*,#4927,.F.);
#7882 = CYLINDRICAL_SURFACE('',#7883,5.);
#7883 = AXIS2_PLACEMENT_3D('',#7884,#7885,#7886);
#7884 = CARTESIAN_POINT('',(51.18,-75.1,-2.));
#7885 = DIRECTION('',(0.,0.,-1.));
#7886 = DIRECTION('',(1.,0.,0.));
#7887 = ADVANCED_FACE('',(#7888),#7900,.T.);
#7888 = FACE_BOUND('',#7889,.T.);
#7889 = EDGE_LOOP('',(#7890,#7897,#7898,#7899));
#7890 = ORIENTED_EDGE('',*,*,#7891,.F.);
#7891 = EDGE_CURVE('',#4984,#5644,#7892,.T.);
#7892 = CIRCLE('',#7893,5.);
#7893 = AXIS2_PLACEMENT_3D('',#7894,#7895,#7896);
#7894 = CARTESIAN_POINT('',(51.18,-75.1,-3.));
#7895 = DIRECTION('',(0.,0.,1.));
#7896 = DIRECTION('',(1.,0.,0.));
#7897 = ORIENTED_EDGE('',*,*,#4983,.T.);
#7898 = ORIENTED_EDGE('',*,*,#5065,.F.);
#7899 = ORIENTED_EDGE('',*,*,#5652,.F.);
#7900 = CYLINDRICAL_SURFACE('',#7901,5.);
#7901 = AXIS2_PLACEMENT_3D('',#7902,#7903,#7904);
#7902 = CARTESIAN_POINT('',(51.18,-75.1,-2.));
#7903 = DIRECTION('',(0.,0.,-1.));
#7904 = DIRECTION('',(1.,0.,0.));
#7905 = ADVANCED_FACE('',(#7906),#7934,.T.);
#7906 = FACE_BOUND('',#7907,.T.);
#7907 = EDGE_LOOP('',(#7908,#7923,#7924,#7925,#7926,#7927));
#7908 = ORIENTED_EDGE('',*,*,#7909,.T.);
#7909 = EDGE_CURVE('',#7910,#7707,#7912,.T.);
#7910 = VERTEX_POINT('',#7911);
#7911 = CARTESIAN_POINT('',(53.059431091265,-69.40195307379,-2.));
#7912 = B_SPLINE_CURVE_WITH_KNOTS('',3,(#7913,#7914,#7915,#7916,#7917,
    #7918,#7919,#7920,#7921,#7922),.UNSPECIFIED.,.F.,.F.,(4,2,2,2,4),(
    1.901911213047,1.928130205533,2.203577377752,2.479024549971,
    2.505243542458),.UNSPECIFIED.);
#7913 = CARTESIAN_POINT('',(53.059431091265,-69.40195307379,-2.));
#7914 = CARTESIAN_POINT('',(53.109929436978,-69.45225208393,
    -2.031949659853));
#7915 = CARTESIAN_POINT('',(53.160693097509,-69.50281536159,
    -2.063053057442));
#7916 = CARTESIAN_POINT('',(53.748180499455,-70.08798373432,
    -2.410436021197));
#7917 = CARTESIAN_POINT('',(54.314482141586,-70.65204997523,
    -2.63658457697));
#7918 = CARTESIAN_POINT('',(55.615517858414,-71.94795002476,
    -2.63658457697));
#7919 = CARTESIAN_POINT('',(56.181819500545,-72.51201626567,
    -2.410436021197));
#7920 = CARTESIAN_POINT('',(56.769306902491,-73.0971846384,
    -2.063053057442));
#7921 = CARTESIAN_POINT('',(56.820070563022,-73.14774791606,
    -2.031949659853));
#7922 = CARTESIAN_POINT('',(56.870568908735,-73.1980469262,-2.));
#7923 = ORIENTED_EDGE('',*,*,#7739,.T.);
#7924 = ORIENTED_EDGE('',*,*,#4991,.T.);
#7925 = ORIENTED_EDGE('',*,*,#7891,.T.);
#7926 = ORIENTED_EDGE('',*,*,#5643,.F.);
#7927 = ORIENTED_EDGE('',*,*,#7928,.F.);
#7928 = EDGE_CURVE('',#7910,#5636,#7929,.T.);
#7929 = CIRCLE('',#7930,6.);
#7930 = AXIS2_PLACEMENT_3D('',#7931,#7932,#7933);
#7931 = CARTESIAN_POINT('',(51.18,-75.1,-2.));
#7932 = DIRECTION('',(0.,-0.,1.));
#7933 = DIRECTION('',(0.313238515211,0.9496744877,0.));
#7934 = CONICAL_SURFACE('',#7935,5.5,0.785398163397);
#7935 = AXIS2_PLACEMENT_3D('',#7936,#7937,#7938);
#7936 = CARTESIAN_POINT('',(51.18,-75.1,-2.5));
#7937 = DIRECTION('',(0.,0.,1.));
#7938 = DIRECTION('',(1.,0.,0.));
#7939 = ADVANCED_FACE('',(#7940),#7951,.T.);
#7940 = FACE_BOUND('',#7941,.T.);
#7941 = EDGE_LOOP('',(#7942,#7943,#7944,#7950));
#7942 = ORIENTED_EDGE('',*,*,#5042,.T.);
#7943 = ORIENTED_EDGE('',*,*,#7842,.T.);
#7944 = ORIENTED_EDGE('',*,*,#7945,.F.);
#7945 = EDGE_CURVE('',#5482,#7843,#7946,.T.);
#7946 = LINE('',#7947,#7948);
#7947 = CARTESIAN_POINT('',(53.473032202655,-80.64454716975,-1.));
#7948 = VECTOR('',#7949,1.);
#7949 = DIRECTION('',(-0.,-0.,-1.));
#7950 = ORIENTED_EDGE('',*,*,#5481,.F.);
#7951 = CYLINDRICAL_SURFACE('',#7952,6.);
#7952 = AXIS2_PLACEMENT_3D('',#7953,#7954,#7955);
#7953 = CARTESIAN_POINT('',(51.18,-75.1,-1.));
#7954 = DIRECTION('',(2.58E-15,-8.67E-15,1.));
#7955 = DIRECTION('',(-0.993171127696,-0.116666666667,1.550881509455E-15
    ));
#7956 = ADVANCED_FACE('',(#7957),#7982,.F.);
#7957 = FACE_BOUND('',#7958,.F.);
#7958 = EDGE_LOOP('',(#7959,#7967,#7975,#7981));
#7959 = ORIENTED_EDGE('',*,*,#7960,.T.);
#7960 = EDGE_CURVE('',#5092,#7961,#7963,.T.);
#7961 = VERTEX_POINT('',#7962);
#7962 = CARTESIAN_POINT('',(2.,-98.,-2.));
#7963 = LINE('',#7964,#7965);
#7964 = CARTESIAN_POINT('',(2.,-98.,-1.));
#7965 = VECTOR('',#7966,1.);
#7966 = DIRECTION('',(-0.,-0.,-1.));
#7967 = ORIENTED_EDGE('',*,*,#7968,.T.);
#7968 = EDGE_CURVE('',#7961,#7969,#7971,.T.);
#7969 = VERTEX_POINT('',#7970);
#7970 = CARTESIAN_POINT('',(6.,-98.,-2.));
#7971 = LINE('',#7972,#7973);
#7972 = CARTESIAN_POINT('',(18.9375,-98.,-2.));
#7973 = VECTOR('',#7974,1.);
#7974 = DIRECTION('',(1.,0.,0.));
#7975 = ORIENTED_EDGE('',*,*,#7976,.F.);
#7976 = EDGE_CURVE('',#5090,#7969,#7977,.T.);
#7977 = LINE('',#7978,#7979);
#7978 = CARTESIAN_POINT('',(6.,-98.,-1.));
#7979 = VECTOR('',#7980,1.);
#7980 = DIRECTION('',(-0.,-0.,-1.));
#7981 = ORIENTED_EDGE('',*,*,#5089,.T.);
#7982 = PLANE('',#7983);
#7983 = AXIS2_PLACEMENT_3D('',#7984,#7985,#7986);
#7984 = CARTESIAN_POINT('',(2.,-98.,-1.));
#7985 = DIRECTION('',(0.,-1.,0.));
#7986 = DIRECTION('',(1.,0.,0.));
#7987 = ADVANCED_FACE('',(#7988),#8006,.F.);
#7988 = FACE_BOUND('',#7989,.F.);
#7989 = EDGE_LOOP('',(#7990,#7991,#7999,#8005));
#7990 = ORIENTED_EDGE('',*,*,#5099,.T.);
#7991 = ORIENTED_EDGE('',*,*,#7992,.T.);
#7992 = EDGE_CURVE('',#5100,#7993,#7995,.T.);
#7993 = VERTEX_POINT('',#7994);
#7994 = CARTESIAN_POINT('',(2.,-68.45,-2.));
#7995 = LINE('',#7996,#7997);
#7996 = CARTESIAN_POINT('',(2.,-68.45,-1.));
#7997 = VECTOR('',#7998,1.);
#7998 = DIRECTION('',(-0.,-0.,-1.));
#7999 = ORIENTED_EDGE('',*,*,#8000,.F.);
#8000 = EDGE_CURVE('',#7961,#7993,#8001,.T.);
#8001 = LINE('',#8002,#8003);
#8002 = CARTESIAN_POINT('',(2.,-98.,-2.));
#8003 = VECTOR('',#8004,1.);
#8004 = DIRECTION('',(0.,1.,0.));
#8005 = ORIENTED_EDGE('',*,*,#7960,.F.);
#8006 = PLANE('',#8007);
#8007 = AXIS2_PLACEMENT_3D('',#8008,#8009,#8010);
#8008 = CARTESIAN_POINT('',(2.,-79.1,-1.));
#8009 = DIRECTION('',(-1.,0.,0.));
#8010 = DIRECTION('',(0.,-1.,0.));
#8011 = ADVANCED_FACE('',(#8012),#8030,.F.);
#8012 = FACE_BOUND('',#8013,.F.);
#8013 = EDGE_LOOP('',(#8014,#8022,#8028,#8029));
#8014 = ORIENTED_EDGE('',*,*,#8015,.T.);
#8015 = EDGE_CURVE('',#5108,#8016,#8018,.T.);
#8016 = VERTEX_POINT('',#8017);
#8017 = CARTESIAN_POINT('',(4.715050893336,-68.45,-2.));
#8018 = LINE('',#8019,#8020);
#8019 = CARTESIAN_POINT('',(4.715050893336,-68.45,-1.));
#8020 = VECTOR('',#8021,1.);
#8021 = DIRECTION('',(-0.,-0.,-1.));
#8022 = ORIENTED_EDGE('',*,*,#8023,.T.);
#8023 = EDGE_CURVE('',#8016,#7993,#8024,.T.);
#8024 = LINE('',#8025,#8026);
#8025 = CARTESIAN_POINT('',(21.3125,-68.45,-2.));
#8026 = VECTOR('',#8027,1.);
#8027 = DIRECTION('',(-1.,0.,0.));
#8028 = ORIENTED_EDGE('',*,*,#7992,.F.);
#8029 = ORIENTED_EDGE('',*,*,#5107,.T.);
#8030 = PLANE('',#8031);
#8031 = AXIS2_PLACEMENT_3D('',#8032,#8033,#8034);
#8032 = CARTESIAN_POINT('',(4.715050893336,-68.45,-1.));
#8033 = DIRECTION('',(0.,1.,0.));
#8034 = DIRECTION('',(-1.,0.,0.));
#8035 = ADVANCED_FACE('',(#8036),#8064,.T.);
#8036 = FACE_BOUND('',#8037,.T.);
#8037 = EDGE_LOOP('',(#8038,#8047,#8056,#8062,#8063));
#8038 = ORIENTED_EDGE('',*,*,#8039,.F.);
#8039 = EDGE_CURVE('',#8040,#8016,#8042,.T.);
#8040 = VERTEX_POINT('',#8041);
#8041 = CARTESIAN_POINT('',(3.,-75.1,-2.));
#8042 = CIRCLE('',#8043,13.75);
#8043 = AXIS2_PLACEMENT_3D('',#8044,#8045,#8046);
#8044 = CARTESIAN_POINT('',(16.75,-75.1,-2.));
#8045 = DIRECTION('',(0.,0.,-1.));
#8046 = DIRECTION('',(1.,0.,0.));
#8047 = ORIENTED_EDGE('',*,*,#8048,.T.);
#8048 = EDGE_CURVE('',#8040,#8049,#8051,.T.);
#8049 = VERTEX_POINT('',#8050);
#8050 = CARTESIAN_POINT('',(7.933971950245,-64.54821581788,-2.));
#8051 = CIRCLE('',#8052,13.75);
#8052 = AXIS2_PLACEMENT_3D('',#8053,#8054,#8055);
#8053 = CARTESIAN_POINT('',(16.75,-75.1,-2.));
#8054 = DIRECTION('',(0.,0.,1.));
#8055 = DIRECTION('',(-1.,0.,0.));
#8056 = ORIENTED_EDGE('',*,*,#8057,.F.);
#8057 = EDGE_CURVE('',#5116,#8049,#8058,.T.);
#8058 = LINE('',#8059,#8060);
#8059 = CARTESIAN_POINT('',(7.933971950245,-64.54821581788,-1.));
#8060 = VECTOR('',#8061,1.);
#8061 = DIRECTION('',(-0.,-0.,-1.));
#8062 = ORIENTED_EDGE('',*,*,#5115,.F.);
#8063 = ORIENTED_EDGE('',*,*,#8015,.T.);
#8064 = CYLINDRICAL_SURFACE('',#8065,13.75);
#8065 = AXIS2_PLACEMENT_3D('',#8066,#8067,#8068);
#8066 = CARTESIAN_POINT('',(16.75,-75.1,-1.));
#8067 = DIRECTION('',(0.,0.,1.));
#8068 = DIRECTION('',(-1.,0.,0.));
#8069 = ADVANCED_FACE('',(#8070),#8089,.T.);
#8070 = FACE_BOUND('',#8071,.F.);
#8071 = EDGE_LOOP('',(#8072,#8080,#8087,#8088));
#8072 = ORIENTED_EDGE('',*,*,#8073,.T.);
#8073 = EDGE_CURVE('',#5125,#8074,#8076,.T.);
#8074 = VERTEX_POINT('',#8075);
#8075 = CARTESIAN_POINT('',(4.75,-61.95,-2.));
#8076 = LINE('',#8077,#8078);
#8077 = CARTESIAN_POINT('',(4.75,-61.95,-1.));
#8078 = VECTOR('',#8079,1.);
#8079 = DIRECTION('',(-0.,-0.,-1.));
#8080 = ORIENTED_EDGE('',*,*,#8081,.T.);
#8081 = EDGE_CURVE('',#8074,#8049,#8082,.T.);
#8082 = CIRCLE('',#8083,3.25);
#8083 = AXIS2_PLACEMENT_3D('',#8084,#8085,#8086);
#8084 = CARTESIAN_POINT('',(4.75,-65.2,-2.));
#8085 = DIRECTION('',(0.,0.,-1.));
#8086 = DIRECTION('',(1.,0.,0.));
#8087 = ORIENTED_EDGE('',*,*,#8057,.F.);
#8088 = ORIENTED_EDGE('',*,*,#5124,.F.);
#8089 = CYLINDRICAL_SURFACE('',#8090,3.25);
#8090 = AXIS2_PLACEMENT_3D('',#8091,#8092,#8093);
#8091 = CARTESIAN_POINT('',(4.75,-65.2,-1.));
#8092 = DIRECTION('',(0.,0.,1.));
#8093 = DIRECTION('',(1.,0.,0.));
#8094 = ADVANCED_FACE('',(#8095),#8113,.F.);
#8095 = FACE_BOUND('',#8096,.F.);
#8096 = EDGE_LOOP('',(#8097,#8105,#8111,#8112));
#8097 = ORIENTED_EDGE('',*,*,#8098,.T.);
#8098 = EDGE_CURVE('',#5134,#8099,#8101,.T.);
#8099 = VERTEX_POINT('',#8100);
#8100 = CARTESIAN_POINT('',(1.,-61.95,-2.));
#8101 = LINE('',#8102,#8103);
#8102 = CARTESIAN_POINT('',(1.,-61.95,-1.));
#8103 = VECTOR('',#8104,1.);
#8104 = DIRECTION('',(-0.,-0.,-1.));
#8105 = ORIENTED_EDGE('',*,*,#8106,.T.);
#8106 = EDGE_CURVE('',#8099,#8074,#8107,.T.);
#8107 = LINE('',#8108,#8109);
#8108 = CARTESIAN_POINT('',(18.9375,-61.95,-2.));
#8109 = VECTOR('',#8110,1.);
#8110 = DIRECTION('',(1.,0.,0.));
#8111 = ORIENTED_EDGE('',*,*,#8073,.F.);
#8112 = ORIENTED_EDGE('',*,*,#5133,.T.);
#8113 = PLANE('',#8114);
#8114 = AXIS2_PLACEMENT_3D('',#8115,#8116,#8117);
#8115 = CARTESIAN_POINT('',(1.,-61.95,-1.));
#8116 = DIRECTION('',(0.,-1.,0.));
#8117 = DIRECTION('',(1.,0.,0.));
#8118 = ADVANCED_FACE('',(#8119),#8137,.T.);
#8119 = FACE_BOUND('',#8120,.T.);
#8120 = EDGE_LOOP('',(#8121,#8122,#8130,#8136));
#8121 = ORIENTED_EDGE('',*,*,#8098,.T.);
#8122 = ORIENTED_EDGE('',*,*,#8123,.T.);
#8123 = EDGE_CURVE('',#8099,#8124,#8126,.T.);
#8124 = VERTEX_POINT('',#8125);
#8125 = CARTESIAN_POINT('',(1.,-45.75,-2.));
#8126 = LINE('',#8127,#8128);
#8127 = CARTESIAN_POINT('',(1.,-61.95,-2.));
#8128 = VECTOR('',#8129,1.);
#8129 = DIRECTION('',(0.,1.,0.));
#8130 = ORIENTED_EDGE('',*,*,#8131,.F.);
#8131 = EDGE_CURVE('',#5142,#8124,#8132,.T.);
#8132 = LINE('',#8133,#8134);
#8133 = CARTESIAN_POINT('',(1.,-45.75,-1.));
#8134 = VECTOR('',#8135,1.);
#8135 = DIRECTION('',(-0.,-0.,-1.));
#8136 = ORIENTED_EDGE('',*,*,#5141,.F.);
#8137 = PLANE('',#8138);
#8138 = AXIS2_PLACEMENT_3D('',#8139,#8140,#8141);
#8139 = CARTESIAN_POINT('',(1.,-61.95,-1.));
#8140 = DIRECTION('',(1.,0.,0.));
#8141 = DIRECTION('',(0.,1.,0.));
#8142 = ADVANCED_FACE('',(#8143),#8168,.T.);
#8143 = FACE_BOUND('',#8144,.T.);
#8144 = EDGE_LOOP('',(#8145,#8151,#8152,#8160,#8166,#8167));
#8145 = ORIENTED_EDGE('',*,*,#8146,.T.);
#8146 = EDGE_CURVE('',#8124,#7000,#8147,.T.);
#8147 = LINE('',#8148,#8149);
#8148 = CARTESIAN_POINT('',(1.75,-45.75,-1.25));
#8149 = VECTOR('',#8150,1.);
#8150 = DIRECTION('',(-0.707106781187,0.,-0.707106781187));
#8151 = ORIENTED_EDGE('',*,*,#7039,.F.);
#8152 = ORIENTED_EDGE('',*,*,#8153,.F.);
#8153 = EDGE_CURVE('',#8154,#7032,#8156,.T.);
#8154 = VERTEX_POINT('',#8155);
#8155 = CARTESIAN_POINT('',(5.,-45.75,-3.4));
#8156 = LINE('',#8157,#8158);
#8157 = CARTESIAN_POINT('',(5.,-45.75,-3.4));
#8158 = VECTOR('',#8159,1.);
#8159 = DIRECTION('',(-1.,0.,0.));
#8160 = ORIENTED_EDGE('',*,*,#8161,.F.);
#8161 = EDGE_CURVE('',#5150,#8154,#8162,.T.);
#8162 = LINE('',#8163,#8164);
#8163 = CARTESIAN_POINT('',(5.,-45.75,-1.));
#8164 = VECTOR('',#8165,1.);
#8165 = DIRECTION('',(-0.,-0.,-1.));
#8166 = ORIENTED_EDGE('',*,*,#5149,.F.);
#8167 = ORIENTED_EDGE('',*,*,#8131,.T.);
#8168 = PLANE('',#8169);
#8169 = AXIS2_PLACEMENT_3D('',#8170,#8171,#8172);
#8170 = CARTESIAN_POINT('',(2.687950804561,-45.75,-2.293164779247));
#8171 = DIRECTION('',(-0.,-1.,-0.));
#8172 = DIRECTION('',(0.,0.,-1.));
#8173 = ADVANCED_FACE('',(#8174),#8206,.T.);
#8174 = FACE_BOUND('',#8175,.T.);
#8175 = EDGE_LOOP('',(#8176,#8184,#8192,#8198,#8199,#8200));
#8176 = ORIENTED_EDGE('',*,*,#8177,.T.);
#8177 = EDGE_CURVE('',#8178,#6934,#8180,.T.);
#8178 = VERTEX_POINT('',#8179);
#8179 = CARTESIAN_POINT('',(5.,-10.25,-3.4));
#8180 = LINE('',#8181,#8182);
#8181 = CARTESIAN_POINT('',(5.,-10.25,-1.));
#8182 = VECTOR('',#8183,1.);
#8183 = DIRECTION('',(0.,0.,-1.));
#8184 = ORIENTED_EDGE('',*,*,#8185,.F.);
#8185 = EDGE_CURVE('',#8186,#6934,#8188,.T.);
#8186 = VERTEX_POINT('',#8187);
#8187 = CARTESIAN_POINT('',(5.,-56.05,-3.5));
#8188 = LINE('',#8189,#8190);
#8189 = CARTESIAN_POINT('',(5.,-3.75,-3.5));
#8190 = VECTOR('',#8191,1.);
#8191 = DIRECTION('',(6.E-17,1.,0.));
#8192 = ORIENTED_EDGE('',*,*,#8193,.F.);
#8193 = EDGE_CURVE('',#5158,#8186,#8194,.T.);
#8194 = LINE('',#8195,#8196);
#8195 = CARTESIAN_POINT('',(5.,-56.05,0.));
#8196 = VECTOR('',#8197,1.);
#8197 = DIRECTION('',(0.,0.,-1.));
#8198 = ORIENTED_EDGE('',*,*,#5157,.F.);
#8199 = ORIENTED_EDGE('',*,*,#8161,.T.);
#8200 = ORIENTED_EDGE('',*,*,#8201,.T.);
#8201 = EDGE_CURVE('',#8154,#8178,#8202,.T.);
#8202 = LINE('',#8203,#8204);
#8203 = CARTESIAN_POINT('',(5.,-40.65,-3.4));
#8204 = VECTOR('',#8205,1.);
#8205 = DIRECTION('',(6.E-17,1.,0.));
#8206 = PLANE('',#8207);
#8207 = AXIS2_PLACEMENT_3D('',#8208,#8209,#8210);
#8208 = CARTESIAN_POINT('',(5.,-34.03198757764,-3.13198757764));
#8209 = DIRECTION('',(-1.,0.,1.1E-15));
#8210 = DIRECTION('',(-1.1E-15,0.,-1.));
#8211 = ADVANCED_FACE('',(#8212),#8237,.T.);
#8212 = FACE_BOUND('',#8213,.T.);
#8213 = EDGE_LOOP('',(#8214,#8215,#8223,#8229,#8230,#8231));
#8214 = ORIENTED_EDGE('',*,*,#6647,.F.);
#8215 = ORIENTED_EDGE('',*,*,#8216,.T.);
#8216 = EDGE_CURVE('',#6640,#8217,#8219,.T.);
#8217 = VERTEX_POINT('',#8218);
#8218 = CARTESIAN_POINT('',(74.75,-56.05,-2.));
#8219 = LINE('',#8220,#8221);
#8220 = CARTESIAN_POINT('',(74.75,-56.05,-2.));
#8221 = VECTOR('',#8222,1.);
#8222 = DIRECTION('',(-0.707106781187,0.,0.707106781187));
#8223 = ORIENTED_EDGE('',*,*,#8224,.F.);
#8224 = EDGE_CURVE('',#5166,#8217,#8225,.T.);
#8225 = LINE('',#8226,#8227);
#8226 = CARTESIAN_POINT('',(74.75,-56.05,-1.));
#8227 = VECTOR('',#8228,1.);
#8228 = DIRECTION('',(-0.,-0.,-1.));
#8229 = ORIENTED_EDGE('',*,*,#5165,.F.);
#8230 = ORIENTED_EDGE('',*,*,#8193,.T.);
#8231 = ORIENTED_EDGE('',*,*,#8232,.T.);
#8232 = EDGE_CURVE('',#8186,#6648,#8233,.T.);
#8233 = LINE('',#8234,#8235);
#8234 = CARTESIAN_POINT('',(5.,-56.05,-3.5));
#8235 = VECTOR('',#8236,1.);
#8236 = DIRECTION('',(1.,0.,0.));
#8237 = PLANE('',#8238);
#8238 = AXIS2_PLACEMENT_3D('',#8239,#8240,#8241);
#8239 = CARTESIAN_POINT('',(40.224710994722,-56.05,-2.259276364225));
#8240 = DIRECTION('',(-0.,-1.,-0.));
#8241 = DIRECTION('',(0.,0.,-1.));
#8242 = ADVANCED_FACE('',(#8243),#8261,.F.);
#8243 = FACE_BOUND('',#8244,.F.);
#8244 = EDGE_LOOP('',(#8245,#8253,#8259,#8260));
#8245 = ORIENTED_EDGE('',*,*,#8246,.T.);
#8246 = EDGE_CURVE('',#5174,#8247,#8249,.T.);
#8247 = VERTEX_POINT('',#8248);
#8248 = CARTESIAN_POINT('',(74.75,-61.95,-2.));
#8249 = LINE('',#8250,#8251);
#8250 = CARTESIAN_POINT('',(74.75,-61.95,-1.));
#8251 = VECTOR('',#8252,1.);
#8252 = DIRECTION('',(-0.,-0.,-1.));
#8253 = ORIENTED_EDGE('',*,*,#8254,.T.);
#8254 = EDGE_CURVE('',#8247,#8217,#8255,.T.);
#8255 = LINE('',#8256,#8257);
#8256 = CARTESIAN_POINT('',(74.75,-79.5,-2.));
#8257 = VECTOR('',#8258,1.);
#8258 = DIRECTION('',(0.,1.,0.));
#8259 = ORIENTED_EDGE('',*,*,#8224,.F.);
#8260 = ORIENTED_EDGE('',*,*,#5173,.F.);
#8261 = PLANE('',#8262);
#8262 = AXIS2_PLACEMENT_3D('',#8263,#8264,#8265);
#8263 = CARTESIAN_POINT('',(74.75,-61.95,-1.));
#8264 = DIRECTION('',(1.,0.,0.));
#8265 = DIRECTION('',(0.,1.,0.));
#8266 = ADVANCED_FACE('',(#8267),#8285,.F.);
#8267 = FACE_BOUND('',#8268,.F.);
#8268 = EDGE_LOOP('',(#8269,#8277,#8283,#8284));
#8269 = ORIENTED_EDGE('',*,*,#8270,.T.);
#8270 = EDGE_CURVE('',#5182,#8271,#8273,.T.);
#8271 = VERTEX_POINT('',#8272);
#8272 = CARTESIAN_POINT('',(71.,-61.95,-2.));
#8273 = LINE('',#8274,#8275);
#8274 = CARTESIAN_POINT('',(71.,-61.95,-1.));
#8275 = VECTOR('',#8276,1.);
#8276 = DIRECTION('',(-0.,-0.,-1.));
#8277 = ORIENTED_EDGE('',*,*,#8278,.T.);
#8278 = EDGE_CURVE('',#8271,#8247,#8279,.T.);
#8279 = LINE('',#8280,#8281);
#8280 = CARTESIAN_POINT('',(54.4375,-61.95,-2.));
#8281 = VECTOR('',#8282,1.);
#8282 = DIRECTION('',(1.,0.,0.));
#8283 = ORIENTED_EDGE('',*,*,#8246,.F.);
#8284 = ORIENTED_EDGE('',*,*,#5181,.T.);
#8285 = PLANE('',#8286);
#8286 = AXIS2_PLACEMENT_3D('',#8287,#8288,#8289);
#8287 = CARTESIAN_POINT('',(71.,-61.95,-1.));
#8288 = DIRECTION('',(0.,-1.,0.));
#8289 = DIRECTION('',(1.,0.,0.));
#8290 = ADVANCED_FACE('',(#8291),#8310,.T.);
#8291 = FACE_BOUND('',#8292,.F.);
#8292 = EDGE_LOOP('',(#8293,#8301,#8308,#8309));
#8293 = ORIENTED_EDGE('',*,*,#8294,.T.);
#8294 = EDGE_CURVE('',#5190,#8295,#8297,.T.);
#8295 = VERTEX_POINT('',#8296);
#8296 = CARTESIAN_POINT('',(71.,-68.45,-2.));
#8297 = LINE('',#8298,#8299);
#8298 = CARTESIAN_POINT('',(71.,-68.45,-1.));
#8299 = VECTOR('',#8300,1.);
#8300 = DIRECTION('',(-0.,-0.,-1.));
#8301 = ORIENTED_EDGE('',*,*,#8302,.T.);
#8302 = EDGE_CURVE('',#8295,#8271,#8303,.T.);
#8303 = CIRCLE('',#8304,3.25);
#8304 = AXIS2_PLACEMENT_3D('',#8305,#8306,#8307);
#8305 = CARTESIAN_POINT('',(71.,-65.2,-2.));
#8306 = DIRECTION('',(0.,0.,-1.));
#8307 = DIRECTION('',(-1.,0.,0.));
#8308 = ORIENTED_EDGE('',*,*,#8270,.F.);
#8309 = ORIENTED_EDGE('',*,*,#5189,.F.);
#8310 = CYLINDRICAL_SURFACE('',#8311,3.25);
#8311 = AXIS2_PLACEMENT_3D('',#8312,#8313,#8314);
#8312 = CARTESIAN_POINT('',(71.,-65.2,-1.));
#8313 = DIRECTION('',(0.,0.,1.));
#8314 = DIRECTION('',(-1.,0.,0.));
#8315 = ADVANCED_FACE('',(#8316),#8334,.F.);
#8316 = FACE_BOUND('',#8317,.F.);
#8317 = EDGE_LOOP('',(#8318,#8326,#8332,#8333));
#8318 = ORIENTED_EDGE('',*,*,#8319,.T.);
#8319 = EDGE_CURVE('',#5199,#8320,#8322,.T.);
#8320 = VERTEX_POINT('',#8321);
#8321 = CARTESIAN_POINT('',(73.75,-68.45,-2.));
#8322 = LINE('',#8323,#8324);
#8323 = CARTESIAN_POINT('',(73.75,-68.45,-1.));
#8324 = VECTOR('',#8325,1.);
#8325 = DIRECTION('',(-0.,-0.,-1.));
#8326 = ORIENTED_EDGE('',*,*,#8327,.T.);
#8327 = EDGE_CURVE('',#8320,#8295,#8328,.T.);
#8328 = LINE('',#8329,#8330);
#8329 = CARTESIAN_POINT('',(56.8125,-68.45,-2.));
#8330 = VECTOR('',#8331,1.);
#8331 = DIRECTION('',(-1.,0.,0.));
#8332 = ORIENTED_EDGE('',*,*,#8294,.F.);
#8333 = ORIENTED_EDGE('',*,*,#5198,.T.);
#8334 = PLANE('',#8335);
#8335 = AXIS2_PLACEMENT_3D('',#8336,#8337,#8338);
#8336 = CARTESIAN_POINT('',(73.75,-68.45,-1.));
#8337 = DIRECTION('',(0.,1.,0.));
#8338 = DIRECTION('',(-1.,0.,0.));
#8339 = ADVANCED_FACE('',(#8340),#8358,.F.);
#8340 = FACE_BOUND('',#8341,.F.);
#8341 = EDGE_LOOP('',(#8342,#8350,#8356,#8357));
#8342 = ORIENTED_EDGE('',*,*,#8343,.T.);
#8343 = EDGE_CURVE('',#5207,#8344,#8346,.T.);
#8344 = VERTEX_POINT('',#8345);
#8345 = CARTESIAN_POINT('',(73.75,-98.,-2.));
#8346 = LINE('',#8347,#8348);
#8347 = CARTESIAN_POINT('',(73.75,-98.,-1.));
#8348 = VECTOR('',#8349,1.);
#8349 = DIRECTION('',(-0.,-0.,-1.));
#8350 = ORIENTED_EDGE('',*,*,#8351,.F.);
#8351 = EDGE_CURVE('',#8320,#8344,#8352,.T.);
#8352 = LINE('',#8353,#8354);
#8353 = CARTESIAN_POINT('',(73.75,-68.45,-2.));
#8354 = VECTOR('',#8355,1.);
#8355 = DIRECTION('',(0.,-1.,0.));
#8356 = ORIENTED_EDGE('',*,*,#8319,.F.);
#8357 = ORIENTED_EDGE('',*,*,#5206,.T.);
#8358 = PLANE('',#8359);
#8359 = AXIS2_PLACEMENT_3D('',#8360,#8361,#8362);
#8360 = CARTESIAN_POINT('',(73.75,-98.,-1.));
#8361 = DIRECTION('',(1.,0.,0.));
#8362 = DIRECTION('',(0.,1.,0.));
#8363 = ADVANCED_FACE('',(#8364),#8382,.F.);
#8364 = FACE_BOUND('',#8365,.F.);
#8365 = EDGE_LOOP('',(#8366,#8374,#8380,#8381));
#8366 = ORIENTED_EDGE('',*,*,#8367,.T.);
#8367 = EDGE_CURVE('',#5215,#8368,#8370,.T.);
#8368 = VERTEX_POINT('',#8369);
#8369 = CARTESIAN_POINT('',(69.75,-98.,-2.));
#8370 = LINE('',#8371,#8372);
#8371 = CARTESIAN_POINT('',(69.75,-98.,-1.));
#8372 = VECTOR('',#8373,1.);
#8373 = DIRECTION('',(-0.,-0.,-1.));
#8374 = ORIENTED_EDGE('',*,*,#8375,.T.);
#8375 = EDGE_CURVE('',#8368,#8344,#8376,.T.);
#8376 = LINE('',#8377,#8378);
#8377 = CARTESIAN_POINT('',(53.8125,-98.,-2.));
#8378 = VECTOR('',#8379,1.);
#8379 = DIRECTION('',(1.,0.,0.));
#8380 = ORIENTED_EDGE('',*,*,#8343,.F.);
#8381 = ORIENTED_EDGE('',*,*,#5214,.T.);
#8382 = PLANE('',#8383);
#8383 = AXIS2_PLACEMENT_3D('',#8384,#8385,#8386);
#8384 = CARTESIAN_POINT('',(69.75,-98.,-1.));
#8385 = DIRECTION('',(0.,-1.,0.));
#8386 = DIRECTION('',(1.,0.,0.));
#8387 = ADVANCED_FACE('',(#8388),#8407,.T.);
#8388 = FACE_BOUND('',#8389,.F.);
#8389 = EDGE_LOOP('',(#8390,#8398,#8405,#8406));
#8390 = ORIENTED_EDGE('',*,*,#8391,.T.);
#8391 = EDGE_CURVE('',#5223,#8392,#8394,.T.);
#8392 = VERTEX_POINT('',#8393);
#8393 = CARTESIAN_POINT('',(69.55,-98.0044466414,-2.));
#8394 = LINE('',#8395,#8396);
#8395 = CARTESIAN_POINT('',(69.55,-98.0044466414,-1.));
#8396 = VECTOR('',#8397,1.);
#8397 = DIRECTION('',(-0.,-0.,-1.));
#8398 = ORIENTED_EDGE('',*,*,#8399,.T.);
#8399 = EDGE_CURVE('',#8392,#8368,#8400,.T.);
#8400 = CIRCLE('',#8401,4.5);
#8401 = AXIS2_PLACEMENT_3D('',#8402,#8403,#8404);
#8402 = CARTESIAN_POINT('',(69.75,-102.5,-2.));
#8403 = DIRECTION('',(0.,0.,-1.));
#8404 = DIRECTION('',(-1.,0.,0.));
#8405 = ORIENTED_EDGE('',*,*,#8367,.F.);
#8406 = ORIENTED_EDGE('',*,*,#5222,.F.);
#8407 = CYLINDRICAL_SURFACE('',#8408,4.5);
#8408 = AXIS2_PLACEMENT_3D('',#8409,#8410,#8411);
#8409 = CARTESIAN_POINT('',(69.75,-102.5,-1.));
#8410 = DIRECTION('',(0.,0.,1.));
#8411 = DIRECTION('',(-1.,0.,0.));
#8412 = ADVANCED_FACE('',(#8413),#8447,.T.);
#8413 = FACE_BOUND('',#8414,.T.);
#8414 = EDGE_LOOP('',(#8415,#8425,#8431,#8432,#8433,#8441));
#8415 = ORIENTED_EDGE('',*,*,#8416,.F.);
#8416 = EDGE_CURVE('',#8417,#8419,#8421,.T.);
#8417 = VERTEX_POINT('',#8418);
#8418 = CARTESIAN_POINT('',(69.55,-93.7,-6.5));
#8419 = VERTEX_POINT('',#8420);
#8420 = CARTESIAN_POINT('',(69.55,-98.7,-6.5));
#8421 = LINE('',#8422,#8423);
#8422 = CARTESIAN_POINT('',(69.55,-94.95,-6.5));
#8423 = VECTOR('',#8424,1.);
#8424 = DIRECTION('',(0.,-1.,0.));
#8425 = ORIENTED_EDGE('',*,*,#8426,.F.);
#8426 = EDGE_CURVE('',#5232,#8417,#8427,.T.);
#8427 = LINE('',#8428,#8429);
#8428 = CARTESIAN_POINT('',(69.55,-93.7,-1.));
#8429 = VECTOR('',#8430,1.);
#8430 = DIRECTION('',(-0.,-0.,-1.));
#8431 = ORIENTED_EDGE('',*,*,#5231,.F.);
#8432 = ORIENTED_EDGE('',*,*,#8391,.T.);
#8433 = ORIENTED_EDGE('',*,*,#8434,.T.);
#8434 = EDGE_CURVE('',#8392,#8435,#8437,.T.);
#8435 = VERTEX_POINT('',#8436);
#8436 = CARTESIAN_POINT('',(69.55,-98.7,-2.694740481912));
#8437 = ( BOUNDED_CURVE() B_SPLINE_CURVE(2,(#8438,#8439,#8440),
.UNSPECIFIED.,.F.,.F.) B_SPLINE_CURVE_WITH_KNOTS((3,3),(0.,
5.039315592463E-03),.PIECEWISE_BEZIER_KNOTS.) CURVE() 
GEOMETRIC_REPRESENTATION_ITEM() RATIONAL_B_SPLINE_CURVE((1.,
1.08708122687,1.173457045361)) REPRESENTATION_ITEM('') );
#8438 = CARTESIAN_POINT('',(69.55,-98.0044466414,-2.));
#8439 = CARTESIAN_POINT('',(69.55,-98.3813150712,-2.376496030078));
#8440 = CARTESIAN_POINT('',(69.55,-98.7,-2.694740481912));
#8441 = ORIENTED_EDGE('',*,*,#8442,.T.);
#8442 = EDGE_CURVE('',#8435,#8419,#8443,.T.);
#8443 = LINE('',#8444,#8445);
#8444 = CARTESIAN_POINT('',(69.55,-98.7,0.));
#8445 = VECTOR('',#8446,1.);
#8446 = DIRECTION('',(0.,0.,-1.));
#8447 = PLANE('',#8448);
#8448 = AXIS2_PLACEMENT_3D('',#8449,#8450,#8451);
#8449 = CARTESIAN_POINT('',(69.55,-96.11193143588,-3.823245898048));
#8450 = DIRECTION('',(1.,0.,0.));
#8451 = DIRECTION('',(0.,0.,1.));
#8452 = ADVANCED_FACE('',(#8453),#8471,.T.);
#8453 = FACE_BOUND('',#8454,.T.);
#8454 = EDGE_LOOP('',(#8455,#8463,#8469,#8470));
#8455 = ORIENTED_EDGE('',*,*,#8456,.F.);
#8456 = EDGE_CURVE('',#8457,#8417,#8459,.T.);
#8457 = VERTEX_POINT('',#8458);
#8458 = CARTESIAN_POINT('',(64.55,-93.7,-6.5));
#8459 = LINE('',#8460,#8461);
#8460 = CARTESIAN_POINT('',(65.8,-93.7,-6.5));
#8461 = VECTOR('',#8462,1.);
#8462 = DIRECTION('',(1.,0.,0.));
#8463 = ORIENTED_EDGE('',*,*,#8464,.F.);
#8464 = EDGE_CURVE('',#5240,#8457,#8465,.T.);
#8465 = LINE('',#8466,#8467);
#8466 = CARTESIAN_POINT('',(64.55,-93.7,0.));
#8467 = VECTOR('',#8468,1.);
#8468 = DIRECTION('',(0.,0.,-1.));
#8469 = ORIENTED_EDGE('',*,*,#5239,.F.);
#8470 = ORIENTED_EDGE('',*,*,#8426,.T.);
#8471 = PLANE('',#8472);
#8472 = AXIS2_PLACEMENT_3D('',#8473,#8474,#8475);
#8473 = CARTESIAN_POINT('',(67.05,-93.7,-3.75));
#8474 = DIRECTION('',(0.,1.,0.));
#8475 = DIRECTION('',(0.,0.,1.));
#8476 = ADVANCED_FACE('',(#8477),#8495,.T.);
#8477 = FACE_BOUND('',#8478,.T.);
#8478 = EDGE_LOOP('',(#8479,#8487,#8493,#8494));
#8479 = ORIENTED_EDGE('',*,*,#8480,.F.);
#8480 = EDGE_CURVE('',#8481,#8457,#8483,.T.);
#8481 = VERTEX_POINT('',#8482);
#8482 = CARTESIAN_POINT('',(64.55,-98.7,-6.5));
#8483 = LINE('',#8484,#8485);
#8484 = CARTESIAN_POINT('',(64.55,-97.45,-6.5));
#8485 = VECTOR('',#8486,1.);
#8486 = DIRECTION('',(0.,1.,0.));
#8487 = ORIENTED_EDGE('',*,*,#8488,.F.);
#8488 = EDGE_CURVE('',#5248,#8481,#8489,.T.);
#8489 = LINE('',#8490,#8491);
#8490 = CARTESIAN_POINT('',(64.55,-98.7,-1.));
#8491 = VECTOR('',#8492,1.);
#8492 = DIRECTION('',(-0.,-0.,-1.));
#8493 = ORIENTED_EDGE('',*,*,#5247,.F.);
#8494 = ORIENTED_EDGE('',*,*,#8464,.T.);
#8495 = PLANE('',#8496);
#8496 = AXIS2_PLACEMENT_3D('',#8497,#8498,#8499);
#8497 = CARTESIAN_POINT('',(64.55,-96.2,-3.75));
#8498 = DIRECTION('',(-1.,-0.,-0.));
#8499 = DIRECTION('',(0.,0.,-1.));
#8500 = ADVANCED_FACE('',(#8501),#8526,.T.);
#8501 = FACE_BOUND('',#8502,.T.);
#8502 = EDGE_LOOP('',(#8503,#8509,#8510,#8518,#8524,#8525));
#8503 = ORIENTED_EDGE('',*,*,#8504,.F.);
#8504 = EDGE_CURVE('',#8419,#8481,#8505,.T.);
#8505 = LINE('',#8506,#8507);
#8506 = CARTESIAN_POINT('',(68.3,-98.7,-6.5));
#8507 = VECTOR('',#8508,1.);
#8508 = DIRECTION('',(-1.,0.,0.));
#8509 = ORIENTED_EDGE('',*,*,#8442,.F.);
#8510 = ORIENTED_EDGE('',*,*,#8511,.T.);
#8511 = EDGE_CURVE('',#8435,#8512,#8514,.T.);
#8512 = VERTEX_POINT('',#8513);
#8513 = CARTESIAN_POINT('',(67.339605841361,-98.7,-2.));
#8514 = ( BOUNDED_CURVE() B_SPLINE_CURVE(2,(#8515,#8516,#8517),
.UNSPECIFIED.,.F.,.F.) B_SPLINE_CURVE_WITH_KNOTS((3,3),(0.273726794937,
0.50199601592),.PIECEWISE_BEZIER_KNOTS.) CURVE() 
GEOMETRIC_REPRESENTATION_ITEM() RATIONAL_B_SPLINE_CURVE((1.091350003279,
1.083764794949,1.)) REPRESENTATION_ITEM('') );
#8515 = CARTESIAN_POINT('',(69.55,-98.7,-2.694740481912));
#8516 = CARTESIAN_POINT('',(68.537253391352,-98.7,-2.641511701912));
#8517 = CARTESIAN_POINT('',(67.339605841361,-98.7,-2.));
#8518 = ORIENTED_EDGE('',*,*,#8519,.F.);
#8519 = EDGE_CURVE('',#5256,#8512,#8520,.T.);
#8520 = LINE('',#8521,#8522);
#8521 = CARTESIAN_POINT('',(67.339605841361,-98.7,-1.));
#8522 = VECTOR('',#8523,1.);
#8523 = DIRECTION('',(-0.,-0.,-1.));
#8524 = ORIENTED_EDGE('',*,*,#5255,.F.);
#8525 = ORIENTED_EDGE('',*,*,#8488,.T.);
#8526 = PLANE('',#8527);
#8527 = AXIS2_PLACEMENT_3D('',#8528,#8529,#8530);
#8528 = CARTESIAN_POINT('',(66.862893488747,-98.7,-3.94223201323));
#8529 = DIRECTION('',(-0.,-1.,-0.));
#8530 = DIRECTION('',(0.,0.,-1.));
#8531 = ADVANCED_FACE('',(#8532),#8551,.T.);
#8532 = FACE_BOUND('',#8533,.F.);
#8533 = EDGE_LOOP('',(#8534,#8542,#8549,#8550));
#8534 = ORIENTED_EDGE('',*,*,#8535,.T.);
#8535 = EDGE_CURVE('',#5264,#8536,#8538,.T.);
#8536 = VERTEX_POINT('',#8537);
#8537 = CARTESIAN_POINT('',(65.25,-102.5,-2.));
#8538 = LINE('',#8539,#8540);
#8539 = CARTESIAN_POINT('',(65.25,-102.5,-1.));
#8540 = VECTOR('',#8541,1.);
#8541 = DIRECTION('',(-0.,-0.,-1.));
#8542 = ORIENTED_EDGE('',*,*,#8543,.T.);
#8543 = EDGE_CURVE('',#8536,#8512,#8544,.T.);
#8544 = CIRCLE('',#8545,4.5);
#8545 = AXIS2_PLACEMENT_3D('',#8546,#8547,#8548);
#8546 = CARTESIAN_POINT('',(69.75,-102.5,-2.));
#8547 = DIRECTION('',(0.,0.,-1.));
#8548 = DIRECTION('',(-1.,0.,0.));
#8549 = ORIENTED_EDGE('',*,*,#8519,.F.);
#8550 = ORIENTED_EDGE('',*,*,#5263,.F.);
#8551 = CYLINDRICAL_SURFACE('',#8552,4.5);
#8552 = AXIS2_PLACEMENT_3D('',#8553,#8554,#8555);
#8553 = CARTESIAN_POINT('',(69.75,-102.5,-1.));
#8554 = DIRECTION('',(0.,0.,1.));
#8555 = DIRECTION('',(-1.,0.,0.));
#8556 = ADVANCED_FACE('',(#8557),#8575,.F.);
#8557 = FACE_BOUND('',#8558,.F.);
#8558 = EDGE_LOOP('',(#8559,#8567,#8573,#8574));
#8559 = ORIENTED_EDGE('',*,*,#8560,.T.);
#8560 = EDGE_CURVE('',#5273,#8561,#8563,.T.);
#8561 = VERTEX_POINT('',#8562);
#8562 = CARTESIAN_POINT('',(65.25,-104.,-2.));
#8563 = LINE('',#8564,#8565);
#8564 = CARTESIAN_POINT('',(65.25,-104.,-1.));
#8565 = VECTOR('',#8566,1.);
#8566 = DIRECTION('',(-0.,-0.,-1.));
#8567 = ORIENTED_EDGE('',*,*,#8568,.T.);
#8568 = EDGE_CURVE('',#8561,#8536,#8569,.T.);
#8569 = LINE('',#8570,#8571);
#8570 = CARTESIAN_POINT('',(65.25,-79.5,-2.));
#8571 = VECTOR('',#8572,1.);
#8572 = DIRECTION('',(0.,1.,0.));
#8573 = ORIENTED_EDGE('',*,*,#8535,.F.);
#8574 = ORIENTED_EDGE('',*,*,#5272,.F.);
#8575 = PLANE('',#8576);
#8576 = AXIS2_PLACEMENT_3D('',#8577,#8578,#8579);
#8577 = CARTESIAN_POINT('',(65.25,-104.,-1.));
#8578 = DIRECTION('',(1.,0.,0.));
#8579 = DIRECTION('',(0.,1.,0.));
#8580 = ADVANCED_FACE('',(#8581),#8599,.F.);
#8581 = FACE_BOUND('',#8582,.F.);
#8582 = EDGE_LOOP('',(#8583,#8591,#8597,#8598));
#8583 = ORIENTED_EDGE('',*,*,#8584,.T.);
#8584 = EDGE_CURVE('',#5281,#8585,#8587,.T.);
#8585 = VERTEX_POINT('',#8586);
#8586 = CARTESIAN_POINT('',(10.5,-104.,-2.));
#8587 = LINE('',#8588,#8589);
#8588 = CARTESIAN_POINT('',(10.5,-104.,-1.));
#8589 = VECTOR('',#8590,1.);
#8590 = DIRECTION('',(-0.,-0.,-1.));
#8591 = ORIENTED_EDGE('',*,*,#8592,.T.);
#8592 = EDGE_CURVE('',#8585,#8561,#8593,.T.);
#8593 = LINE('',#8594,#8595);
#8594 = CARTESIAN_POINT('',(18.9375,-104.,-2.));
#8595 = VECTOR('',#8596,1.);
#8596 = DIRECTION('',(1.,0.,0.));
#8597 = ORIENTED_EDGE('',*,*,#8560,.F.);
#8598 = ORIENTED_EDGE('',*,*,#5280,.F.);
#8599 = PLANE('',#8600);
#8600 = AXIS2_PLACEMENT_3D('',#8601,#8602,#8603);
#8601 = CARTESIAN_POINT('',(10.5,-104.,-1.));
#8602 = DIRECTION('',(0.,-1.,0.));
#8603 = DIRECTION('',(1.,0.,0.));
#8604 = ADVANCED_FACE('',(#8605),#8623,.F.);
#8605 = FACE_BOUND('',#8606,.F.);
#8606 = EDGE_LOOP('',(#8607,#8615,#8621,#8622));
#8607 = ORIENTED_EDGE('',*,*,#8608,.T.);
#8608 = EDGE_CURVE('',#5289,#8609,#8611,.T.);
#8609 = VERTEX_POINT('',#8610);
#8610 = CARTESIAN_POINT('',(10.5,-102.5,-2.));
#8611 = LINE('',#8612,#8613);
#8612 = CARTESIAN_POINT('',(10.5,-102.5,-1.));
#8613 = VECTOR('',#8614,1.);
#8614 = DIRECTION('',(-0.,-0.,-1.));
#8615 = ORIENTED_EDGE('',*,*,#8616,.T.);
#8616 = EDGE_CURVE('',#8609,#8585,#8617,.T.);
#8617 = LINE('',#8618,#8619);
#8618 = CARTESIAN_POINT('',(10.5,-77.75,-2.));
#8619 = VECTOR('',#8620,1.);
#8620 = DIRECTION('',(0.,-1.,0.));
#8621 = ORIENTED_EDGE('',*,*,#8584,.F.);
#8622 = ORIENTED_EDGE('',*,*,#5288,.F.);
#8623 = PLANE('',#8624);
#8624 = AXIS2_PLACEMENT_3D('',#8625,#8626,#8627);
#8625 = CARTESIAN_POINT('',(10.5,-102.5,-1.));
#8626 = DIRECTION('',(-1.,0.,0.));
#8627 = DIRECTION('',(0.,-1.,0.));
#8628 = ADVANCED_FACE('',(#8629),#8648,.T.);
#8629 = FACE_BOUND('',#8630,.F.);
#8630 = EDGE_LOOP('',(#8631,#8639,#8646,#8647));
#8631 = ORIENTED_EDGE('',*,*,#8632,.T.);
#8632 = EDGE_CURVE('',#5297,#8633,#8635,.T.);
#8633 = VERTEX_POINT('',#8634);
#8634 = CARTESIAN_POINT('',(8.410394158639,-98.7,-2.));
#8635 = LINE('',#8636,#8637);
#8636 = CARTESIAN_POINT('',(8.410394158639,-98.7,-1.));
#8637 = VECTOR('',#8638,1.);
#8638 = DIRECTION('',(-0.,-0.,-1.));
#8639 = ORIENTED_EDGE('',*,*,#8640,.T.);
#8640 = EDGE_CURVE('',#8633,#8609,#8641,.T.);
#8641 = CIRCLE('',#8642,4.5);
#8642 = AXIS2_PLACEMENT_3D('',#8643,#8644,#8645);
#8643 = CARTESIAN_POINT('',(6.,-102.5,-2.));
#8644 = DIRECTION('',(0.,0.,-1.));
#8645 = DIRECTION('',(1.,0.,0.));
#8646 = ORIENTED_EDGE('',*,*,#8608,.F.);
#8647 = ORIENTED_EDGE('',*,*,#5296,.F.);
#8648 = CYLINDRICAL_SURFACE('',#8649,4.5);
#8649 = AXIS2_PLACEMENT_3D('',#8650,#8651,#8652);
#8650 = CARTESIAN_POINT('',(6.,-102.5,-1.));
#8651 = DIRECTION('',(0.,0.,1.));
#8652 = DIRECTION('',(1.,0.,0.));
#8653 = ADVANCED_FACE('',(#8654),#8688,.T.);
#8654 = FACE_BOUND('',#8655,.T.);
#8655 = EDGE_LOOP('',(#8656,#8666,#8672,#8673,#8674,#8682));
#8656 = ORIENTED_EDGE('',*,*,#8657,.F.);
#8657 = EDGE_CURVE('',#8658,#8660,#8662,.T.);
#8658 = VERTEX_POINT('',#8659);
#8659 = CARTESIAN_POINT('',(11.2,-98.7,-6.5));
#8660 = VERTEX_POINT('',#8661);
#8661 = CARTESIAN_POINT('',(6.2,-98.7,-6.5));
#8662 = LINE('',#8663,#8664);
#8663 = CARTESIAN_POINT('',(9.95,-98.7,-6.5));
#8664 = VECTOR('',#8665,1.);
#8665 = DIRECTION('',(-1.,0.,0.));
#8666 = ORIENTED_EDGE('',*,*,#8667,.F.);
#8667 = EDGE_CURVE('',#5306,#8658,#8668,.T.);
#8668 = LINE('',#8669,#8670);
#8669 = CARTESIAN_POINT('',(11.2,-98.7,0.));
#8670 = VECTOR('',#8671,1.);
#8671 = DIRECTION('',(0.,0.,-1.));
#8672 = ORIENTED_EDGE('',*,*,#5305,.F.);
#8673 = ORIENTED_EDGE('',*,*,#8632,.T.);
#8674 = ORIENTED_EDGE('',*,*,#8675,.T.);
#8675 = EDGE_CURVE('',#8633,#8676,#8678,.T.);
#8676 = VERTEX_POINT('',#8677);
#8677 = CARTESIAN_POINT('',(6.2,-98.7,-2.694740481912));
#8678 = ( BOUNDED_CURVE() B_SPLINE_CURVE(2,(#8679,#8680,#8681),
.UNSPECIFIED.,.F.,.F.) B_SPLINE_CURVE_WITH_KNOTS((3,3),(0.,
0.228269220983),.PIECEWISE_BEZIER_KNOTS.) CURVE() 
GEOMETRIC_REPRESENTATION_ITEM() RATIONAL_B_SPLINE_CURVE((1.,
1.083764794949,1.091350003279)) REPRESENTATION_ITEM('') );
#8679 = CARTESIAN_POINT('',(8.410394158639,-98.7,-2.));
#8680 = CARTESIAN_POINT('',(7.212746608648,-98.7,-2.641511701912));
#8681 = CARTESIAN_POINT('',(6.2,-98.7,-2.694740481912));
#8682 = ORIENTED_EDGE('',*,*,#8683,.T.);
#8683 = EDGE_CURVE('',#8676,#8660,#8684,.T.);
#8684 = LINE('',#8685,#8686);
#8685 = CARTESIAN_POINT('',(6.2,-98.7,0.));
#8686 = VECTOR('',#8687,1.);
#8687 = DIRECTION('',(0.,0.,-1.));
#8688 = PLANE('',#8689);
#8689 = AXIS2_PLACEMENT_3D('',#8690,#8691,#8692);
#8690 = CARTESIAN_POINT('',(8.887106511253,-98.7,-3.94223201323));
#8691 = DIRECTION('',(-0.,-1.,-0.));
#8692 = DIRECTION('',(0.,0.,-1.));
#8693 = ADVANCED_FACE('',(#8694),#8712,.T.);
#8694 = FACE_BOUND('',#8695,.T.);
#8695 = EDGE_LOOP('',(#8696,#8704,#8710,#8711));
#8696 = ORIENTED_EDGE('',*,*,#8697,.F.);
#8697 = EDGE_CURVE('',#8698,#8658,#8700,.T.);
#8698 = VERTEX_POINT('',#8699);
#8699 = CARTESIAN_POINT('',(11.2,-93.7,-6.5));
#8700 = LINE('',#8701,#8702);
#8701 = CARTESIAN_POINT('',(11.2,-94.95,-6.5));
#8702 = VECTOR('',#8703,1.);
#8703 = DIRECTION('',(0.,-1.,0.));
#8704 = ORIENTED_EDGE('',*,*,#8705,.F.);
#8705 = EDGE_CURVE('',#5314,#8698,#8706,.T.);
#8706 = LINE('',#8707,#8708);
#8707 = CARTESIAN_POINT('',(11.2,-93.7,-1.));
#8708 = VECTOR('',#8709,1.);
#8709 = DIRECTION('',(-0.,-0.,-1.));
#8710 = ORIENTED_EDGE('',*,*,#5313,.F.);
#8711 = ORIENTED_EDGE('',*,*,#8667,.T.);
#8712 = PLANE('',#8713);
#8713 = AXIS2_PLACEMENT_3D('',#8714,#8715,#8716);
#8714 = CARTESIAN_POINT('',(11.2,-96.2,-3.75));
#8715 = DIRECTION('',(1.,0.,0.));
#8716 = DIRECTION('',(0.,0.,1.));
#8717 = ADVANCED_FACE('',(#8718),#8736,.T.);
#8718 = FACE_BOUND('',#8719,.T.);
#8719 = EDGE_LOOP('',(#8720,#8728,#8734,#8735));
#8720 = ORIENTED_EDGE('',*,*,#8721,.F.);
#8721 = EDGE_CURVE('',#8722,#8698,#8724,.T.);
#8722 = VERTEX_POINT('',#8723);
#8723 = CARTESIAN_POINT('',(6.2,-93.7,-6.5));
#8724 = LINE('',#8725,#8726);
#8725 = CARTESIAN_POINT('',(7.45,-93.7,-6.5));
#8726 = VECTOR('',#8727,1.);
#8727 = DIRECTION('',(1.,0.,0.));
#8728 = ORIENTED_EDGE('',*,*,#8729,.F.);
#8729 = EDGE_CURVE('',#5322,#8722,#8730,.T.);
#8730 = LINE('',#8731,#8732);
#8731 = CARTESIAN_POINT('',(6.2,-93.7,0.));
#8732 = VECTOR('',#8733,1.);
#8733 = DIRECTION('',(0.,0.,-1.));
#8734 = ORIENTED_EDGE('',*,*,#5321,.F.);
#8735 = ORIENTED_EDGE('',*,*,#8705,.T.);
#8736 = PLANE('',#8737);
#8737 = AXIS2_PLACEMENT_3D('',#8738,#8739,#8740);
#8738 = CARTESIAN_POINT('',(8.7,-93.7,-3.75));
#8739 = DIRECTION('',(0.,1.,0.));
#8740 = DIRECTION('',(0.,0.,1.));
#8741 = ADVANCED_FACE('',(#8742),#8767,.T.);
#8742 = FACE_BOUND('',#8743,.T.);
#8743 = EDGE_LOOP('',(#8744,#8750,#8751,#8759,#8765,#8766));
#8744 = ORIENTED_EDGE('',*,*,#8745,.F.);
#8745 = EDGE_CURVE('',#8660,#8722,#8746,.T.);
#8746 = LINE('',#8747,#8748);
#8747 = CARTESIAN_POINT('',(6.2,-97.45,-6.5));
#8748 = VECTOR('',#8749,1.);
#8749 = DIRECTION('',(0.,1.,0.));
#8750 = ORIENTED_EDGE('',*,*,#8683,.F.);
#8751 = ORIENTED_EDGE('',*,*,#8752,.T.);
#8752 = EDGE_CURVE('',#8676,#8753,#8755,.T.);
#8753 = VERTEX_POINT('',#8754);
#8754 = CARTESIAN_POINT('',(6.2,-98.0044466414,-2.));
#8755 = ( BOUNDED_CURVE() B_SPLINE_CURVE(2,(#8756,#8757,#8758),
.UNSPECIFIED.,.F.,.F.) B_SPLINE_CURVE_WITH_KNOTS((3,3),(1.239147165607,
1.2441864812),.PIECEWISE_BEZIER_KNOTS.) CURVE() 
GEOMETRIC_REPRESENTATION_ITEM() RATIONAL_B_SPLINE_CURVE((1.173457045361,
1.08708122687,1.)) REPRESENTATION_ITEM('') );
#8756 = CARTESIAN_POINT('',(6.2,-98.7,-2.694740481912));
#8757 = CARTESIAN_POINT('',(6.2,-98.3813150712,-2.376496030078));
#8758 = CARTESIAN_POINT('',(6.2,-98.0044466414,-2.));
#8759 = ORIENTED_EDGE('',*,*,#8760,.F.);
#8760 = EDGE_CURVE('',#5330,#8753,#8761,.T.);
#8761 = LINE('',#8762,#8763);
#8762 = CARTESIAN_POINT('',(6.2,-98.0044466414,-1.));
#8763 = VECTOR('',#8764,1.);
#8764 = DIRECTION('',(-0.,-0.,-1.));
#8765 = ORIENTED_EDGE('',*,*,#5329,.F.);
#8766 = ORIENTED_EDGE('',*,*,#8729,.T.);
#8767 = PLANE('',#8768);
#8768 = AXIS2_PLACEMENT_3D('',#8769,#8770,#8771);
#8769 = CARTESIAN_POINT('',(6.2,-96.11193143588,-3.823245898048));
#8770 = DIRECTION('',(-1.,-0.,-0.));
#8771 = DIRECTION('',(0.,0.,-1.));
#8772 = ADVANCED_FACE('',(#8773),#8785,.T.);
#8773 = FACE_BOUND('',#8774,.F.);
#8774 = EDGE_LOOP('',(#8775,#8776,#8783,#8784));
#8775 = ORIENTED_EDGE('',*,*,#7976,.T.);
#8776 = ORIENTED_EDGE('',*,*,#8777,.T.);
#8777 = EDGE_CURVE('',#7969,#8753,#8778,.T.);
#8778 = CIRCLE('',#8779,4.5);
#8779 = AXIS2_PLACEMENT_3D('',#8780,#8781,#8782);
#8780 = CARTESIAN_POINT('',(6.,-102.5,-2.));
#8781 = DIRECTION('',(0.,0.,-1.));
#8782 = DIRECTION('',(1.,0.,0.));
#8783 = ORIENTED_EDGE('',*,*,#8760,.F.);
#8784 = ORIENTED_EDGE('',*,*,#5337,.F.);
#8785 = CYLINDRICAL_SURFACE('',#8786,4.5);
#8786 = AXIS2_PLACEMENT_3D('',#8787,#8788,#8789);
#8787 = CARTESIAN_POINT('',(6.,-102.5,-1.));
#8788 = DIRECTION('',(0.,0.,1.));
#8789 = DIRECTION('',(1.,0.,0.));
#8790 = ADVANCED_FACE('',(#8791),#8832,.T.);
#8791 = FACE_BOUND('',#8792,.T.);
#8792 = EDGE_LOOP('',(#8793,#8794,#8802,#8810,#8818,#8826));
#8793 = ORIENTED_EDGE('',*,*,#5346,.F.);
#8794 = ORIENTED_EDGE('',*,*,#8795,.T.);
#8795 = EDGE_CURVE('',#5347,#8796,#8798,.T.);
#8796 = VERTEX_POINT('',#8797);
#8797 = CARTESIAN_POINT('',(62.434087403958,-82.8,-4.));
#8798 = LINE('',#8799,#8800);
#8799 = CARTESIAN_POINT('',(62.434087403958,-82.8,-2.));
#8800 = VECTOR('',#8801,1.);
#8801 = DIRECTION('',(0.,0.,-1.));
#8802 = ORIENTED_EDGE('',*,*,#8803,.F.);
#8803 = EDGE_CURVE('',#8804,#8796,#8806,.T.);
#8804 = VERTEX_POINT('',#8805);
#8805 = CARTESIAN_POINT('',(63.700757517795,-82.8,-4.));
#8806 = LINE('',#8807,#8808);
#8807 = CARTESIAN_POINT('',(64.095784901383,-82.8,-4.));
#8808 = VECTOR('',#8809,1.);
#8809 = DIRECTION('',(-1.,0.,0.));
#8810 = ORIENTED_EDGE('',*,*,#8811,.F.);
#8811 = EDGE_CURVE('',#8812,#8804,#8814,.T.);
#8812 = VERTEX_POINT('',#8813);
#8813 = CARTESIAN_POINT('',(63.700757517795,-82.8,-3.));
#8814 = LINE('',#8815,#8816);
#8815 = CARTESIAN_POINT('',(63.700757517795,-82.8,-2.));
#8816 = VECTOR('',#8817,1.);
#8817 = DIRECTION('',(0.,0.,-1.));
#8818 = ORIENTED_EDGE('',*,*,#8819,.F.);
#8819 = EDGE_CURVE('',#8820,#8812,#8822,.T.);
#8820 = VERTEX_POINT('',#8821);
#8821 = CARTESIAN_POINT('',(64.709026766176,-82.8,-2.));
#8822 = ( BOUNDED_CURVE() B_SPLINE_CURVE(2,(#8823,#8824,#8825),
.UNSPECIFIED.,.F.,.F.) B_SPLINE_CURVE_WITH_KNOTS((3,3),(0.,
0.142007294401),.PIECEWISE_BEZIER_KNOTS.) CURVE() 
GEOMETRIC_REPRESENTATION_ITEM() RATIONAL_B_SPLINE_CURVE((1.,
1.004227512328,1.)) REPRESENTATION_ITEM('') );
#8823 = CARTESIAN_POINT('',(64.709026766176,-82.8,-2.));
#8824 = CARTESIAN_POINT('',(64.1590617216,-82.8,-2.546209403514));
#8825 = CARTESIAN_POINT('',(63.700757517795,-82.8,-3.));
#8826 = ORIENTED_EDGE('',*,*,#8827,.F.);
#8827 = EDGE_CURVE('',#5349,#8820,#8828,.T.);
#8828 = LINE('',#8829,#8830);
#8829 = CARTESIAN_POINT('',(64.709026766176,-82.8,-1.));
#8830 = VECTOR('',#8831,1.);
#8831 = DIRECTION('',(-0.,-0.,-1.));
#8832 = PLANE('',#8833);
#8833 = AXIS2_PLACEMENT_3D('',#8834,#8835,#8836);
#8834 = CARTESIAN_POINT('',(63.329696108546,-82.8,-2.813869027312));
#8835 = DIRECTION('',(-8.4E-16,-1.,-0.));
#8836 = DIRECTION('',(-1.,8.4E-16,0.));
#8837 = ADVANCED_FACE('',(#8838),#8857,.T.);
#8838 = FACE_BOUND('',#8839,.T.);
#8839 = EDGE_LOOP('',(#8840,#8841,#8850,#8856));
#8840 = ORIENTED_EDGE('',*,*,#8827,.T.);
#8841 = ORIENTED_EDGE('',*,*,#8842,.T.);
#8842 = EDGE_CURVE('',#8820,#8843,#8845,.T.);
#8843 = VERTEX_POINT('',#8844);
#8844 = CARTESIAN_POINT('',(63.508901719894,-79.84584422603,-2.));
#8845 = CIRCLE('',#8846,6.);
#8846 = AXIS2_PLACEMENT_3D('',#8847,#8848,#8849);
#8847 = CARTESIAN_POINT('',(58.75,-83.5,-2.));
#8848 = DIRECTION('',(0.,-0.,1.));
#8849 = DIRECTION('',(0.993171127696,0.116666666667,0.));
#8850 = ORIENTED_EDGE('',*,*,#8851,.F.);
#8851 = EDGE_CURVE('',#5357,#8843,#8852,.T.);
#8852 = LINE('',#8853,#8854);
#8853 = CARTESIAN_POINT('',(63.508901719894,-79.84584422603,-1.));
#8854 = VECTOR('',#8855,1.);
#8855 = DIRECTION('',(-0.,-0.,-1.));
#8856 = ORIENTED_EDGE('',*,*,#5356,.F.);
#8857 = CYLINDRICAL_SURFACE('',#8858,6.);
#8858 = AXIS2_PLACEMENT_3D('',#8859,#8860,#8861);
#8859 = CARTESIAN_POINT('',(58.75,-83.5,-1.));
#8860 = DIRECTION('',(0.,0.,1.));
#8861 = DIRECTION('',(0.993171127696,0.116666666667,0.));
#8862 = ADVANCED_FACE('',(#8863),#8890,.T.);
#8863 = FACE_BOUND('',#8864,.T.);
#8864 = EDGE_LOOP('',(#8865,#8866,#8875,#8881,#8882,#8883));
#8865 = ORIENTED_EDGE('',*,*,#5822,.T.);
#8866 = ORIENTED_EDGE('',*,*,#8867,.T.);
#8867 = EDGE_CURVE('',#5805,#8868,#8870,.T.);
#8868 = VERTEX_POINT('',#8869);
#8869 = CARTESIAN_POINT('',(64.26921583977,-69.85335006193,-2.));
#8870 = CIRCLE('',#8871,6.);
#8871 = AXIS2_PLACEMENT_3D('',#8872,#8873,#8874);
#8872 = CARTESIAN_POINT('',(67.18,-75.1,-2.));
#8873 = DIRECTION('',(2.83E-15,-9.49E-15,1.));
#8874 = DIRECTION('',(0.993171127696,0.116666666667,-1.703507624713E-15)
  );
#8875 = ORIENTED_EDGE('',*,*,#8876,.F.);
#8876 = EDGE_CURVE('',#5366,#8868,#8877,.T.);
#8877 = LINE('',#8878,#8879);
#8878 = CARTESIAN_POINT('',(64.26921583977,-69.85335006193,-1.));
#8879 = VECTOR('',#8880,1.);
#8880 = DIRECTION('',(-0.,-0.,-1.));
#8881 = ORIENTED_EDGE('',*,*,#5365,.F.);
#8882 = ORIENTED_EDGE('',*,*,#8851,.T.);
#8883 = ORIENTED_EDGE('',*,*,#8884,.T.);
#8884 = EDGE_CURVE('',#8843,#5815,#8885,.T.);
#8885 = CIRCLE('',#8886,6.);
#8886 = AXIS2_PLACEMENT_3D('',#8887,#8888,#8889);
#8887 = CARTESIAN_POINT('',(67.18,-75.1,-2.));
#8888 = DIRECTION('',(-6.E-17,-1.4E-16,1.));
#8889 = DIRECTION('',(-0.611849713351,-0.790974037673,
    -1.474473480752E-16));
#8890 = CYLINDRICAL_SURFACE('',#8891,6.);
#8891 = AXIS2_PLACEMENT_3D('',#8892,#8893,#8894);
#8892 = CARTESIAN_POINT('',(67.18,-75.1,-1.));
#8893 = DIRECTION('',(0.,0.,1.));
#8894 = DIRECTION('',(0.958333333333,0.285652275017,0.));
#8895 = ADVANCED_FACE('',(#8896),#8908,.T.);
#8896 = FACE_BOUND('',#8897,.T.);
#8897 = EDGE_LOOP('',(#8898,#8899,#8906,#8907));
#8898 = ORIENTED_EDGE('',*,*,#8876,.T.);
#8899 = ORIENTED_EDGE('',*,*,#8900,.T.);
#8900 = EDGE_CURVE('',#8868,#6040,#8901,.T.);
#8901 = CIRCLE('',#8902,6.);
#8902 = AXIS2_PLACEMENT_3D('',#8903,#8904,#8905);
#8903 = CARTESIAN_POINT('',(58.75,-67.5,-2.));
#8904 = DIRECTION('',(-0.,0.,1.));
#8905 = DIRECTION('',(0.919869306628,-0.392225010323,0.));
#8906 = ORIENTED_EDGE('',*,*,#6063,.F.);
#8907 = ORIENTED_EDGE('',*,*,#5374,.F.);
#8908 = CYLINDRICAL_SURFACE('',#8909,6.);
#8909 = AXIS2_PLACEMENT_3D('',#8910,#8911,#8912);
#8910 = CARTESIAN_POINT('',(58.75,-67.5,-1.));
#8911 = DIRECTION('',(0.,0.,1.));
#8912 = DIRECTION('',(0.919869306628,-0.392225010323,0.));
#8913 = ADVANCED_FACE('',(#8914),#8926,.T.);
#8914 = FACE_BOUND('',#8915,.T.);
#8915 = EDGE_LOOP('',(#8916,#8917,#8924,#8925));
#8916 = ORIENTED_EDGE('',*,*,#6128,.T.);
#8917 = ORIENTED_EDGE('',*,*,#8918,.T.);
#8918 = EDGE_CURVE('',#6121,#6203,#8919,.T.);
#8919 = CIRCLE('',#8920,6.);
#8920 = AXIS2_PLACEMENT_3D('',#8921,#8922,#8923);
#8921 = CARTESIAN_POINT('',(58.75,-67.5,-2.));
#8922 = DIRECTION('',(0.,-0.,1.));
#8923 = DIRECTION('',(0.993171127696,0.116666666667,0.));
#8924 = ORIENTED_EDGE('',*,*,#6219,.F.);
#8925 = ORIENTED_EDGE('',*,*,#5399,.F.);
#8926 = CYLINDRICAL_SURFACE('',#8927,6.);
#8927 = AXIS2_PLACEMENT_3D('',#8928,#8929,#8930);
#8928 = CARTESIAN_POINT('',(58.75,-67.5,-1.));
#8929 = DIRECTION('',(0.,0.,1.));
#8930 = DIRECTION('',(0.993171127696,0.116666666667,0.));
#8931 = ADVANCED_FACE('',(#8932),#8951,.T.);
#8932 = FACE_BOUND('',#8933,.T.);
#8933 = EDGE_LOOP('',(#8934,#8942,#8943,#8944));
#8934 = ORIENTED_EDGE('',*,*,#8935,.F.);
#8935 = EDGE_CURVE('',#5424,#8936,#8938,.T.);
#8936 = VERTEX_POINT('',#8937);
#8937 = CARTESIAN_POINT('',(53.,-69.2139136501,-2.));
#8938 = LINE('',#8939,#8940);
#8939 = CARTESIAN_POINT('',(53.,-69.2139136501,-1.));
#8940 = VECTOR('',#8941,1.);
#8941 = DIRECTION('',(-0.,-0.,-1.));
#8942 = ORIENTED_EDGE('',*,*,#5423,.T.);
#8943 = ORIENTED_EDGE('',*,*,#6142,.T.);
#8944 = ORIENTED_EDGE('',*,*,#8945,.T.);
#8945 = EDGE_CURVE('',#6143,#8936,#8946,.T.);
#8946 = HYPERBOLA('',#8947,5.75,5.75);
#8947 = AXIS2_PLACEMENT_3D('',#8948,#8949,#8950);
#8948 = CARTESIAN_POINT('',(53.,-67.5,-8.));
#8949 = DIRECTION('',(1.,0.,-0.));
#8950 = DIRECTION('',(0.,0.,1.));
#8951 = PLANE('',#8952);
#8952 = AXIS2_PLACEMENT_3D('',#8953,#8954,#8955);
#8953 = CARTESIAN_POINT('',(53.,-68.68283226446,-1.560160915244));
#8954 = DIRECTION('',(-1.,-4.03E-15,-0.));
#8955 = DIRECTION('',(4.03E-15,-1.,0.));
#8956 = ADVANCED_FACE('',(#8957),#8974,.T.);
#8957 = FACE_BOUND('',#8958,.F.);
#8958 = EDGE_LOOP('',(#8959,#8965,#8972,#8973));
#8959 = ORIENTED_EDGE('',*,*,#8960,.T.);
#8960 = EDGE_CURVE('',#5432,#7910,#8961,.T.);
#8961 = LINE('',#8962,#8963);
#8962 = CARTESIAN_POINT('',(53.059431091265,-69.40195307379,-1.));
#8963 = VECTOR('',#8964,1.);
#8964 = DIRECTION('',(-0.,-0.,-1.));
#8965 = ORIENTED_EDGE('',*,*,#8966,.T.);
#8966 = EDGE_CURVE('',#7910,#8936,#8967,.T.);
#8967 = CIRCLE('',#8968,6.);
#8968 = AXIS2_PLACEMENT_3D('',#8969,#8970,#8971);
#8969 = CARTESIAN_POINT('',(58.75,-67.5,-2.));
#8970 = DIRECTION('',(0.,0.,-1.));
#8971 = DIRECTION('',(-1.,0.,0.));
#8972 = ORIENTED_EDGE('',*,*,#8935,.F.);
#8973 = ORIENTED_EDGE('',*,*,#5431,.F.);
#8974 = CYLINDRICAL_SURFACE('',#8975,6.);
#8975 = AXIS2_PLACEMENT_3D('',#8976,#8977,#8978);
#8976 = CARTESIAN_POINT('',(58.75,-67.5,-1.));
#8977 = DIRECTION('',(0.,0.,1.));
#8978 = DIRECTION('',(-1.,0.,0.));
#8979 = ADVANCED_FACE('',(#8980),#8986,.T.);
#8980 = FACE_BOUND('',#8981,.T.);
#8981 = EDGE_LOOP('',(#8982,#8983,#8984,#8985));
#8982 = ORIENTED_EDGE('',*,*,#8960,.T.);
#8983 = ORIENTED_EDGE('',*,*,#7928,.T.);
#8984 = ORIENTED_EDGE('',*,*,#5635,.F.);
#8985 = ORIENTED_EDGE('',*,*,#5440,.F.);
#8986 = CYLINDRICAL_SURFACE('',#8987,6.);
#8987 = AXIS2_PLACEMENT_3D('',#8988,#8989,#8990);
#8988 = CARTESIAN_POINT('',(51.18,-75.1,-1.));
#8989 = DIRECTION('',(0.,0.,1.));
#8990 = DIRECTION('',(0.313238515211,0.9496744877,0.));
#8991 = ADVANCED_FACE('',(#8992),#9004,.T.);
#8992 = FACE_BOUND('',#8993,.T.);
#8993 = EDGE_LOOP('',(#8994,#8995,#9002,#9003));
#8994 = ORIENTED_EDGE('',*,*,#5744,.T.);
#8995 = ORIENTED_EDGE('',*,*,#8996,.T.);
#8996 = EDGE_CURVE('',#5745,#5697,#8997,.T.);
#8997 = CIRCLE('',#8998,6.);
#8998 = AXIS2_PLACEMENT_3D('',#8999,#9000,#9001);
#8999 = CARTESIAN_POINT('',(51.18,-75.1,-2.));
#9000 = DIRECTION('',(0.,-0.,1.));
#9001 = DIRECTION('',(0.313238515211,0.9496744877,0.));
#9002 = ORIENTED_EDGE('',*,*,#5696,.F.);
#9003 = ORIENTED_EDGE('',*,*,#5464,.F.);
#9004 = CYLINDRICAL_SURFACE('',#9005,6.);
#9005 = AXIS2_PLACEMENT_3D('',#9006,#9007,#9008);
#9006 = CARTESIAN_POINT('',(51.18,-75.1,-1.));
#9007 = DIRECTION('',(0.,0.,1.));
#9008 = DIRECTION('',(0.313238515211,0.9496744877,0.));
#9009 = ADVANCED_FACE('',(#9010),#9029,.T.);
#9010 = FACE_BOUND('',#9011,.F.);
#9011 = EDGE_LOOP('',(#9012,#9020,#9027,#9028));
#9012 = ORIENTED_EDGE('',*,*,#9013,.T.);
#9013 = EDGE_CURVE('',#5491,#9014,#9016,.T.);
#9014 = VERTEX_POINT('',#9015);
#9015 = CARTESIAN_POINT('',(52.790973233824,-82.8,-2.));
#9016 = LINE('',#9017,#9018);
#9017 = CARTESIAN_POINT('',(52.790973233824,-82.8,-1.));
#9018 = VECTOR('',#9019,1.);
#9019 = DIRECTION('',(-0.,-0.,-1.));
#9020 = ORIENTED_EDGE('',*,*,#9021,.T.);
#9021 = EDGE_CURVE('',#9014,#7843,#9022,.T.);
#9022 = CIRCLE('',#9023,6.);
#9023 = AXIS2_PLACEMENT_3D('',#9024,#9025,#9026);
#9024 = CARTESIAN_POINT('',(58.75,-83.5,-2.));
#9025 = DIRECTION('',(0.,0.,-1.));
#9026 = DIRECTION('',(1.,0.,0.));
#9027 = ORIENTED_EDGE('',*,*,#7945,.F.);
#9028 = ORIENTED_EDGE('',*,*,#5490,.F.);
#9029 = CYLINDRICAL_SURFACE('',#9030,6.);
#9030 = AXIS2_PLACEMENT_3D('',#9031,#9032,#9033);
#9031 = CARTESIAN_POINT('',(58.75,-83.5,-1.));
#9032 = DIRECTION('',(0.,0.,1.));
#9033 = DIRECTION('',(1.,0.,0.));
#9034 = ADVANCED_FACE('',(#9035),#9069,.T.);
#9035 = FACE_BOUND('',#9036,.T.);
#9036 = EDGE_LOOP('',(#9037,#9038,#9039,#9047,#9055,#9063));
#9037 = ORIENTED_EDGE('',*,*,#5499,.F.);
#9038 = ORIENTED_EDGE('',*,*,#9013,.T.);
#9039 = ORIENTED_EDGE('',*,*,#9040,.F.);
#9040 = EDGE_CURVE('',#9041,#9014,#9043,.T.);
#9041 = VERTEX_POINT('',#9042);
#9042 = CARTESIAN_POINT('',(53.799242482205,-82.8,-3.));
#9043 = ( BOUNDED_CURVE() B_SPLINE_CURVE(2,(#9044,#9045,#9046),
.UNSPECIFIED.,.F.,.F.) B_SPLINE_CURVE_WITH_KNOTS((3,3),(0.,
0.142007294401),.PIECEWISE_BEZIER_KNOTS.) CURVE() 
GEOMETRIC_REPRESENTATION_ITEM() RATIONAL_B_SPLINE_CURVE((1.,
1.004227512328,1.)) REPRESENTATION_ITEM('') );
#9044 = CARTESIAN_POINT('',(53.799242482205,-82.8,-3.));
#9045 = CARTESIAN_POINT('',(53.3409382784,-82.8,-2.546209403514));
#9046 = CARTESIAN_POINT('',(52.790973233824,-82.8,-2.));
#9047 = ORIENTED_EDGE('',*,*,#9048,.T.);
#9048 = EDGE_CURVE('',#9041,#9049,#9051,.T.);
#9049 = VERTEX_POINT('',#9050);
#9050 = CARTESIAN_POINT('',(53.799242482205,-82.8,-4.));
#9051 = LINE('',#9052,#9053);
#9052 = CARTESIAN_POINT('',(53.799242482205,-82.8,-2.));
#9053 = VECTOR('',#9054,1.);
#9054 = DIRECTION('',(0.,0.,-1.));
#9055 = ORIENTED_EDGE('',*,*,#9056,.F.);
#9056 = EDGE_CURVE('',#9057,#9049,#9059,.T.);
#9057 = VERTEX_POINT('',#9058);
#9058 = CARTESIAN_POINT('',(55.065912596042,-82.8,-4.));
#9059 = LINE('',#9060,#9061);
#9060 = CARTESIAN_POINT('',(64.095784901383,-82.8,-4.));
#9061 = VECTOR('',#9062,1.);
#9062 = DIRECTION('',(-1.,0.,0.));
#9063 = ORIENTED_EDGE('',*,*,#9064,.F.);
#9064 = EDGE_CURVE('',#5500,#9057,#9065,.T.);
#9065 = LINE('',#9066,#9067);
#9066 = CARTESIAN_POINT('',(55.065912596042,-82.8,-1.));
#9067 = VECTOR('',#9068,1.);
#9068 = DIRECTION('',(-0.,-0.,-1.));
#9069 = PLANE('',#9070);
#9070 = AXIS2_PLACEMENT_3D('',#9071,#9072,#9073);
#9071 = CARTESIAN_POINT('',(54.170303891454,-82.8,-2.813869027312));
#9072 = DIRECTION('',(8.4E-16,-1.,0.));
#9073 = DIRECTION('',(-1.,-8.4E-16,0.));
#9074 = ADVANCED_FACE('',(#9075),#9120,.F.);
#9075 = FACE_BOUND('',#9076,.F.);
#9076 = EDGE_LOOP('',(#9077,#9085,#9086,#9087,#9094,#9095,#9096,#9102,
    #9103,#9104,#9105,#9113));
#9077 = ORIENTED_EDGE('',*,*,#9078,.F.);
#9078 = EDGE_CURVE('',#5543,#9079,#9081,.T.);
#9079 = VERTEX_POINT('',#9080);
#9080 = CARTESIAN_POINT('',(62.434087403958,-84.2,-4.));
#9081 = LINE('',#9082,#9083);
#9082 = CARTESIAN_POINT('',(62.434087403958,-84.2,-1.));
#9083 = VECTOR('',#9084,1.);
#9084 = DIRECTION('',(-0.,-0.,-1.));
#9085 = ORIENTED_EDGE('',*,*,#5550,.T.);
#9086 = ORIENTED_EDGE('',*,*,#8795,.T.);
#9087 = ORIENTED_EDGE('',*,*,#9088,.T.);
#9088 = EDGE_CURVE('',#8796,#9057,#9089,.T.);
#9089 = CIRCLE('',#9090,3.75);
#9090 = AXIS2_PLACEMENT_3D('',#9091,#9092,#9093);
#9091 = CARTESIAN_POINT('',(58.75,-83.5,-4.));
#9092 = DIRECTION('',(0.,0.,1.));
#9093 = DIRECTION('',(1.,0.,0.));
#9094 = ORIENTED_EDGE('',*,*,#9064,.F.);
#9095 = ORIENTED_EDGE('',*,*,#5507,.T.);
#9096 = ORIENTED_EDGE('',*,*,#9097,.T.);
#9097 = EDGE_CURVE('',#5508,#5781,#9098,.T.);
#9098 = LINE('',#9099,#9100);
#9099 = CARTESIAN_POINT('',(55.,-83.5,0.));
#9100 = VECTOR('',#9101,1.);
#9101 = DIRECTION('',(0.,0.,1.));
#9102 = ORIENTED_EDGE('',*,*,#5788,.T.);
#9103 = ORIENTED_EDGE('',*,*,#9097,.F.);
#9104 = ORIENTED_EDGE('',*,*,#5516,.T.);
#9105 = ORIENTED_EDGE('',*,*,#9106,.T.);
#9106 = EDGE_CURVE('',#5517,#9107,#9109,.T.);
#9107 = VERTEX_POINT('',#9108);
#9108 = CARTESIAN_POINT('',(55.065912596042,-84.2,-4.));
#9109 = LINE('',#9110,#9111);
#9110 = CARTESIAN_POINT('',(55.065912596042,-84.2,-2.));
#9111 = VECTOR('',#9112,1.);
#9112 = DIRECTION('',(0.,0.,-1.));
#9113 = ORIENTED_EDGE('',*,*,#9114,.T.);
#9114 = EDGE_CURVE('',#9107,#9079,#9115,.T.);
#9115 = CIRCLE('',#9116,3.75);
#9116 = AXIS2_PLACEMENT_3D('',#9117,#9118,#9119);
#9117 = CARTESIAN_POINT('',(58.75,-83.5,-4.));
#9118 = DIRECTION('',(0.,0.,1.));
#9119 = DIRECTION('',(1.,0.,0.));
#9120 = CYLINDRICAL_SURFACE('',#9121,3.75);
#9121 = AXIS2_PLACEMENT_3D('',#9122,#9123,#9124);
#9122 = CARTESIAN_POINT('',(58.75,-83.5,0.));
#9123 = DIRECTION('',(0.,0.,-1.));
#9124 = DIRECTION('',(1.,0.,0.));
#9125 = ADVANCED_FACE('',(#9126),#9160,.T.);
#9126 = FACE_BOUND('',#9127,.T.);
#9127 = EDGE_LOOP('',(#9128,#9129,#9130,#9138,#9146,#9154));
#9128 = ORIENTED_EDGE('',*,*,#5525,.F.);
#9129 = ORIENTED_EDGE('',*,*,#9106,.T.);
#9130 = ORIENTED_EDGE('',*,*,#9131,.F.);
#9131 = EDGE_CURVE('',#9132,#9107,#9134,.T.);
#9132 = VERTEX_POINT('',#9133);
#9133 = CARTESIAN_POINT('',(53.799242482205,-84.2,-4.));
#9134 = LINE('',#9135,#9136);
#9135 = CARTESIAN_POINT('',(53.304747175109,-84.2,-4.));
#9136 = VECTOR('',#9137,1.);
#9137 = DIRECTION('',(1.,0.,0.));
#9138 = ORIENTED_EDGE('',*,*,#9139,.F.);
#9139 = EDGE_CURVE('',#9140,#9132,#9142,.T.);
#9140 = VERTEX_POINT('',#9141);
#9141 = CARTESIAN_POINT('',(53.799242482205,-84.2,-3.));
#9142 = LINE('',#9143,#9144);
#9143 = CARTESIAN_POINT('',(53.799242482205,-84.2,-2.));
#9144 = VECTOR('',#9145,1.);
#9145 = DIRECTION('',(0.,0.,-1.));
#9146 = ORIENTED_EDGE('',*,*,#9147,.F.);
#9147 = EDGE_CURVE('',#9148,#9140,#9150,.T.);
#9148 = VERTEX_POINT('',#9149);
#9149 = CARTESIAN_POINT('',(52.790973233824,-84.2,-2.));
#9150 = ( BOUNDED_CURVE() B_SPLINE_CURVE(2,(#9151,#9152,#9153),
.UNSPECIFIED.,.F.,.F.) B_SPLINE_CURVE_WITH_KNOTS((3,3),(0.,
0.142007294401),.PIECEWISE_BEZIER_KNOTS.) CURVE() 
GEOMETRIC_REPRESENTATION_ITEM() RATIONAL_B_SPLINE_CURVE((1.,
1.004227512328,1.)) REPRESENTATION_ITEM('') );
#9151 = CARTESIAN_POINT('',(52.790973233824,-84.2,-2.));
#9152 = CARTESIAN_POINT('',(53.3409382784,-84.2,-2.546209403514));
#9153 = CARTESIAN_POINT('',(53.799242482205,-84.2,-3.));
#9154 = ORIENTED_EDGE('',*,*,#9155,.F.);
#9155 = EDGE_CURVE('',#5526,#9148,#9156,.T.);
#9156 = LINE('',#9157,#9158);
#9157 = CARTESIAN_POINT('',(52.790973233824,-84.2,-1.));
#9158 = VECTOR('',#9159,1.);
#9159 = DIRECTION('',(-0.,-0.,-1.));
#9160 = PLANE('',#9161);
#9161 = AXIS2_PLACEMENT_3D('',#9162,#9163,#9164);
#9162 = CARTESIAN_POINT('',(54.170303891454,-84.2,-2.813869027312));
#9163 = DIRECTION('',(0.,1.,0.));
#9164 = DIRECTION('',(0.,0.,1.));
#9165 = ADVANCED_FACE('',(#9166),#9185,.T.);
#9166 = FACE_BOUND('',#9167,.T.);
#9167 = EDGE_LOOP('',(#9168,#9169,#9178,#9184));
#9168 = ORIENTED_EDGE('',*,*,#9155,.T.);
#9169 = ORIENTED_EDGE('',*,*,#9170,.T.);
#9170 = EDGE_CURVE('',#9148,#9171,#9173,.T.);
#9171 = VERTEX_POINT('',#9172);
#9172 = CARTESIAN_POINT('',(64.709026766176,-84.2,-2.));
#9173 = CIRCLE('',#9174,6.);
#9174 = AXIS2_PLACEMENT_3D('',#9175,#9176,#9177);
#9175 = CARTESIAN_POINT('',(58.75,-83.5,-2.));
#9176 = DIRECTION('',(0.,0.,1.));
#9177 = DIRECTION('',(-0.993171127696,-0.116666666667,0.));
#9178 = ORIENTED_EDGE('',*,*,#9179,.F.);
#9179 = EDGE_CURVE('',#5534,#9171,#9180,.T.);
#9180 = LINE('',#9181,#9182);
#9181 = CARTESIAN_POINT('',(64.709026766176,-84.2,-1.));
#9182 = VECTOR('',#9183,1.);
#9183 = DIRECTION('',(-0.,-0.,-1.));
#9184 = ORIENTED_EDGE('',*,*,#5533,.F.);
#9185 = CYLINDRICAL_SURFACE('',#9186,6.);
#9186 = AXIS2_PLACEMENT_3D('',#9187,#9188,#9189);
#9187 = CARTESIAN_POINT('',(58.75,-83.5,-1.));
#9188 = DIRECTION('',(0.,0.,1.));
#9189 = DIRECTION('',(-0.993171127696,-0.116666666667,0.));
#9190 = ADVANCED_FACE('',(#9191),#9218,.T.);
#9191 = FACE_BOUND('',#9192,.T.);
#9192 = EDGE_LOOP('',(#9193,#9194,#9195,#9203,#9211,#9217));
#9193 = ORIENTED_EDGE('',*,*,#5542,.F.);
#9194 = ORIENTED_EDGE('',*,*,#9179,.T.);
#9195 = ORIENTED_EDGE('',*,*,#9196,.F.);
#9196 = EDGE_CURVE('',#9197,#9171,#9199,.T.);
#9197 = VERTEX_POINT('',#9198);
#9198 = CARTESIAN_POINT('',(63.700757517795,-84.2,-3.));
#9199 = ( BOUNDED_CURVE() B_SPLINE_CURVE(2,(#9200,#9201,#9202),
.UNSPECIFIED.,.F.,.F.) B_SPLINE_CURVE_WITH_KNOTS((3,3),(0.,
0.142007294401),.PIECEWISE_BEZIER_KNOTS.) CURVE() 
GEOMETRIC_REPRESENTATION_ITEM() RATIONAL_B_SPLINE_CURVE((1.,
1.004227512328,1.)) REPRESENTATION_ITEM('') );
#9200 = CARTESIAN_POINT('',(63.700757517795,-84.2,-3.));
#9201 = CARTESIAN_POINT('',(64.1590617216,-84.2,-2.546209403514));
#9202 = CARTESIAN_POINT('',(64.709026766176,-84.2,-2.));
#9203 = ORIENTED_EDGE('',*,*,#9204,.T.);
#9204 = EDGE_CURVE('',#9197,#9205,#9207,.T.);
#9205 = VERTEX_POINT('',#9206);
#9206 = CARTESIAN_POINT('',(63.700757517795,-84.2,-4.));
#9207 = LINE('',#9208,#9209);
#9208 = CARTESIAN_POINT('',(63.700757517795,-84.2,-2.));
#9209 = VECTOR('',#9210,1.);
#9210 = DIRECTION('',(0.,0.,-1.));
#9211 = ORIENTED_EDGE('',*,*,#9212,.F.);
#9212 = EDGE_CURVE('',#9079,#9205,#9213,.T.);
#9213 = LINE('',#9214,#9215);
#9214 = CARTESIAN_POINT('',(53.304747175109,-84.2,-4.));
#9215 = VECTOR('',#9216,1.);
#9216 = DIRECTION('',(1.,0.,0.));
#9217 = ORIENTED_EDGE('',*,*,#9078,.F.);
#9218 = PLANE('',#9219);
#9219 = AXIS2_PLACEMENT_3D('',#9220,#9221,#9222);
#9220 = CARTESIAN_POINT('',(63.329696108546,-84.2,-2.813869027312));
#9221 = DIRECTION('',(0.,1.,0.));
#9222 = DIRECTION('',(0.,0.,1.));
#9223 = ADVANCED_FACE('',(#9224),#9250,.T.);
#9224 = FACE_BOUND('',#9225,.F.);
#9225 = EDGE_LOOP('',(#9226,#9234,#9243,#9249));
#9226 = ORIENTED_EDGE('',*,*,#9227,.T.);
#9227 = EDGE_CURVE('',#5560,#9228,#9230,.T.);
#9228 = VERTEX_POINT('',#9229);
#9229 = CARTESIAN_POINT('',(46.55,-92.7,-2.));
#9230 = LINE('',#9231,#9232);
#9231 = CARTESIAN_POINT('',(46.55,-92.7,-1.));
#9232 = VECTOR('',#9233,1.);
#9233 = DIRECTION('',(-0.,-0.,-1.));
#9234 = ORIENTED_EDGE('',*,*,#9235,.T.);
#9235 = EDGE_CURVE('',#9228,#9236,#9238,.T.);
#9236 = VERTEX_POINT('',#9237);
#9237 = CARTESIAN_POINT('',(43.05,-96.2,-2.));
#9238 = CIRCLE('',#9239,3.5);
#9239 = AXIS2_PLACEMENT_3D('',#9240,#9241,#9242);
#9240 = CARTESIAN_POINT('',(43.05,-92.7,-2.));
#9241 = DIRECTION('',(0.,0.,-1.));
#9242 = DIRECTION('',(0.707106781187,-0.707106781187,0.));
#9243 = ORIENTED_EDGE('',*,*,#9244,.F.);
#9244 = EDGE_CURVE('',#5562,#9236,#9245,.T.);
#9245 = LINE('',#9246,#9247);
#9246 = CARTESIAN_POINT('',(43.05,-96.2,-1.));
#9247 = VECTOR('',#9248,1.);
#9248 = DIRECTION('',(-0.,-0.,-1.));
#9249 = ORIENTED_EDGE('',*,*,#5559,.F.);
#9250 = CYLINDRICAL_SURFACE('',#9251,3.5);
#9251 = AXIS2_PLACEMENT_3D('',#9252,#9253,#9254);
#9252 = CARTESIAN_POINT('',(43.05,-92.7,-1.));
#9253 = DIRECTION('',(0.,0.,1.));
#9254 = DIRECTION('',(0.707106781187,-0.707106781187,0.));
#9255 = ADVANCED_FACE('',(#9256),#9274,.T.);
#9256 = FACE_BOUND('',#9257,.T.);
#9257 = EDGE_LOOP('',(#9258,#9259,#9267,#9273));
#9258 = ORIENTED_EDGE('',*,*,#9227,.T.);
#9259 = ORIENTED_EDGE('',*,*,#9260,.T.);
#9260 = EDGE_CURVE('',#9228,#9261,#9263,.T.);
#9261 = VERTEX_POINT('',#9262);
#9262 = CARTESIAN_POINT('',(46.55,-91.45,-2.));
#9263 = LINE('',#9264,#9265);
#9264 = CARTESIAN_POINT('',(46.55,-92.7,-2.));
#9265 = VECTOR('',#9266,1.);
#9266 = DIRECTION('',(0.,1.,0.));
#9267 = ORIENTED_EDGE('',*,*,#9268,.F.);
#9268 = EDGE_CURVE('',#5571,#9261,#9269,.T.);
#9269 = LINE('',#9270,#9271);
#9270 = CARTESIAN_POINT('',(46.55,-91.45,-1.));
#9271 = VECTOR('',#9272,1.);
#9272 = DIRECTION('',(-0.,-0.,-1.));
#9273 = ORIENTED_EDGE('',*,*,#5570,.F.);
#9274 = PLANE('',#9275);
#9275 = AXIS2_PLACEMENT_3D('',#9276,#9277,#9278);
#9276 = CARTESIAN_POINT('',(46.55,-92.7,-1.));
#9277 = DIRECTION('',(1.,0.,0.));
#9278 = DIRECTION('',(0.,1.,0.));
#9279 = ADVANCED_FACE('',(#9280),#9299,.T.);
#9280 = FACE_BOUND('',#9281,.F.);
#9281 = EDGE_LOOP('',(#9282,#9290,#9297,#9298));
#9282 = ORIENTED_EDGE('',*,*,#9283,.T.);
#9283 = EDGE_CURVE('',#5579,#9284,#9286,.T.);
#9284 = VERTEX_POINT('',#9285);
#9285 = CARTESIAN_POINT('',(43.05,-87.95,-2.));
#9286 = LINE('',#9287,#9288);
#9287 = CARTESIAN_POINT('',(43.05,-87.95,-1.));
#9288 = VECTOR('',#9289,1.);
#9289 = DIRECTION('',(-0.,-0.,-1.));
#9290 = ORIENTED_EDGE('',*,*,#9291,.T.);
#9291 = EDGE_CURVE('',#9284,#9261,#9292,.T.);
#9292 = CIRCLE('',#9293,3.5);
#9293 = AXIS2_PLACEMENT_3D('',#9294,#9295,#9296);
#9294 = CARTESIAN_POINT('',(43.05,-91.45,-2.));
#9295 = DIRECTION('',(0.,0.,-1.));
#9296 = DIRECTION('',(0.707106781187,0.707106781187,0.));
#9297 = ORIENTED_EDGE('',*,*,#9268,.F.);
#9298 = ORIENTED_EDGE('',*,*,#5578,.F.);
#9299 = CYLINDRICAL_SURFACE('',#9300,3.5);
#9300 = AXIS2_PLACEMENT_3D('',#9301,#9302,#9303);
#9301 = CARTESIAN_POINT('',(43.05,-91.45,-1.));
#9302 = DIRECTION('',(0.,0.,1.));
#9303 = DIRECTION('',(0.707106781187,0.707106781187,0.));
#9304 = ADVANCED_FACE('',(#9305),#9323,.T.);
#9305 = FACE_BOUND('',#9306,.T.);
#9306 = EDGE_LOOP('',(#9307,#9308,#9316,#9322));
#9307 = ORIENTED_EDGE('',*,*,#9283,.T.);
#9308 = ORIENTED_EDGE('',*,*,#9309,.T.);
#9309 = EDGE_CURVE('',#9284,#9310,#9312,.T.);
#9310 = VERTEX_POINT('',#9311);
#9311 = CARTESIAN_POINT('',(25.95,-87.95,-2.));
#9312 = LINE('',#9313,#9314);
#9313 = CARTESIAN_POINT('',(43.05,-87.95,-2.));
#9314 = VECTOR('',#9315,1.);
#9315 = DIRECTION('',(-1.,0.,0.));
#9316 = ORIENTED_EDGE('',*,*,#9317,.F.);
#9317 = EDGE_CURVE('',#5588,#9310,#9318,.T.);
#9318 = LINE('',#9319,#9320);
#9319 = CARTESIAN_POINT('',(25.95,-87.95,-1.));
#9320 = VECTOR('',#9321,1.);
#9321 = DIRECTION('',(-0.,-0.,-1.));
#9322 = ORIENTED_EDGE('',*,*,#5587,.F.);
#9323 = PLANE('',#9324);
#9324 = AXIS2_PLACEMENT_3D('',#9325,#9326,#9327);
#9325 = CARTESIAN_POINT('',(43.05,-87.95,-1.));
#9326 = DIRECTION('',(0.,1.,0.));
#9327 = DIRECTION('',(-1.,0.,0.));
#9328 = ADVANCED_FACE('',(#9329),#9348,.T.);
#9329 = FACE_BOUND('',#9330,.F.);
#9330 = EDGE_LOOP('',(#9331,#9339,#9346,#9347));
#9331 = ORIENTED_EDGE('',*,*,#9332,.T.);
#9332 = EDGE_CURVE('',#5596,#9333,#9335,.T.);
#9333 = VERTEX_POINT('',#9334);
#9334 = CARTESIAN_POINT('',(22.45,-91.45,-2.));
#9335 = LINE('',#9336,#9337);
#9336 = CARTESIAN_POINT('',(22.45,-91.45,-1.));
#9337 = VECTOR('',#9338,1.);
#9338 = DIRECTION('',(-0.,-0.,-1.));
#9339 = ORIENTED_EDGE('',*,*,#9340,.T.);
#9340 = EDGE_CURVE('',#9333,#9310,#9341,.T.);
#9341 = CIRCLE('',#9342,3.5);
#9342 = AXIS2_PLACEMENT_3D('',#9343,#9344,#9345);
#9343 = CARTESIAN_POINT('',(25.95,-91.45,-2.));
#9344 = DIRECTION('',(0.,0.,-1.));
#9345 = DIRECTION('',(-0.707106781187,0.707106781187,0.));
#9346 = ORIENTED_EDGE('',*,*,#9317,.F.);
#9347 = ORIENTED_EDGE('',*,*,#5595,.F.);
#9348 = CYLINDRICAL_SURFACE('',#9349,3.5);
#9349 = AXIS2_PLACEMENT_3D('',#9350,#9351,#9352);
#9350 = CARTESIAN_POINT('',(25.95,-91.45,-1.));
#9351 = DIRECTION('',(0.,0.,1.));
#9352 = DIRECTION('',(-0.707106781187,0.707106781187,0.));
#9353 = ADVANCED_FACE('',(#9354),#9372,.F.);
#9354 = FACE_BOUND('',#9355,.F.);
#9355 = EDGE_LOOP('',(#9356,#9364,#9370,#9371));
#9356 = ORIENTED_EDGE('',*,*,#9357,.T.);
#9357 = EDGE_CURVE('',#5605,#9358,#9360,.T.);
#9358 = VERTEX_POINT('',#9359);
#9359 = CARTESIAN_POINT('',(22.45,-92.7,-2.));
#9360 = LINE('',#9361,#9362);
#9361 = CARTESIAN_POINT('',(22.45,-92.7,-1.));
#9362 = VECTOR('',#9363,1.);
#9363 = DIRECTION('',(-0.,-0.,-1.));
#9364 = ORIENTED_EDGE('',*,*,#9365,.T.);
#9365 = EDGE_CURVE('',#9358,#9333,#9366,.T.);
#9366 = LINE('',#9367,#9368);
#9367 = CARTESIAN_POINT('',(22.45,-74.1,-2.));
#9368 = VECTOR('',#9369,1.);
#9369 = DIRECTION('',(0.,1.,0.));
#9370 = ORIENTED_EDGE('',*,*,#9332,.F.);
#9371 = ORIENTED_EDGE('',*,*,#5604,.F.);
#9372 = PLANE('',#9373);
#9373 = AXIS2_PLACEMENT_3D('',#9374,#9375,#9376);
#9374 = CARTESIAN_POINT('',(22.45,-92.7,-1.));
#9375 = DIRECTION('',(1.,0.,0.));
#9376 = DIRECTION('',(0.,1.,0.));
#9377 = ADVANCED_FACE('',(#9378),#9397,.T.);
#9378 = FACE_BOUND('',#9379,.F.);
#9379 = EDGE_LOOP('',(#9380,#9388,#9395,#9396));
#9380 = ORIENTED_EDGE('',*,*,#9381,.T.);
#9381 = EDGE_CURVE('',#5613,#9382,#9384,.T.);
#9382 = VERTEX_POINT('',#9383);
#9383 = CARTESIAN_POINT('',(25.95,-96.2,-2.));
#9384 = LINE('',#9385,#9386);
#9385 = CARTESIAN_POINT('',(25.95,-96.2,-1.));
#9386 = VECTOR('',#9387,1.);
#9387 = DIRECTION('',(-0.,-0.,-1.));
#9388 = ORIENTED_EDGE('',*,*,#9389,.T.);
#9389 = EDGE_CURVE('',#9382,#9358,#9390,.T.);
#9390 = CIRCLE('',#9391,3.5);
#9391 = AXIS2_PLACEMENT_3D('',#9392,#9393,#9394);
#9392 = CARTESIAN_POINT('',(25.95,-92.7,-2.));
#9393 = DIRECTION('',(0.,0.,-1.));
#9394 = DIRECTION('',(-0.707106781187,-0.707106781187,-0.));
#9395 = ORIENTED_EDGE('',*,*,#9357,.F.);
#9396 = ORIENTED_EDGE('',*,*,#5612,.F.);
#9397 = CYLINDRICAL_SURFACE('',#9398,3.5);
#9398 = AXIS2_PLACEMENT_3D('',#9399,#9400,#9401);
#9399 = CARTESIAN_POINT('',(25.95,-92.7,-1.));
#9400 = DIRECTION('',(0.,0.,1.));
#9401 = DIRECTION('',(-0.707106781187,-0.707106781187,-0.));
#9402 = ADVANCED_FACE('',(#9403),#9414,.F.);
#9403 = FACE_BOUND('',#9404,.F.);
#9404 = EDGE_LOOP('',(#9405,#9406,#9412,#9413));
#9405 = ORIENTED_EDGE('',*,*,#9244,.T.);
#9406 = ORIENTED_EDGE('',*,*,#9407,.T.);
#9407 = EDGE_CURVE('',#9236,#9382,#9408,.T.);
#9408 = LINE('',#9409,#9410);
#9409 = CARTESIAN_POINT('',(41.7125,-96.2,-2.));
#9410 = VECTOR('',#9411,1.);
#9411 = DIRECTION('',(-1.,0.,0.));
#9412 = ORIENTED_EDGE('',*,*,#9381,.F.);
#9413 = ORIENTED_EDGE('',*,*,#5621,.F.);
#9414 = PLANE('',#9415);
#9415 = AXIS2_PLACEMENT_3D('',#9416,#9417,#9418);
#9416 = CARTESIAN_POINT('',(43.05,-96.2,-1.));
#9417 = DIRECTION('',(0.,1.,0.));
#9418 = DIRECTION('',(-1.,0.,0.));
#9419 = ADVANCED_FACE('',(#9420),#9433,.T.);
#9420 = FACE_BOUND('',#9421,.T.);
#9421 = EDGE_LOOP('',(#9422,#9423,#9424,#9431,#9432));
#9422 = ORIENTED_EDGE('',*,*,#8996,.F.);
#9423 = ORIENTED_EDGE('',*,*,#5763,.T.);
#9424 = ORIENTED_EDGE('',*,*,#9425,.T.);
#9425 = EDGE_CURVE('',#5756,#5670,#9426,.T.);
#9426 = CIRCLE('',#9427,5.);
#9427 = AXIS2_PLACEMENT_3D('',#9428,#9429,#9430);
#9428 = CARTESIAN_POINT('',(51.18,-75.1,-3.));
#9429 = DIRECTION('',(0.,0.,1.));
#9430 = DIRECTION('',(1.,0.,0.));
#9431 = ORIENTED_EDGE('',*,*,#5669,.T.);
#9432 = ORIENTED_EDGE('',*,*,#5704,.T.);
#9433 = CONICAL_SURFACE('',#9434,5.5,0.785398163397);
#9434 = AXIS2_PLACEMENT_3D('',#9435,#9436,#9437);
#9435 = CARTESIAN_POINT('',(51.18,-75.1,-2.5));
#9436 = DIRECTION('',(0.,0.,1.));
#9437 = DIRECTION('',(1.,0.,0.));
#9438 = ADVANCED_FACE('',(#9439),#9445,.T.);
#9439 = FACE_BOUND('',#9440,.T.);
#9440 = EDGE_LOOP('',(#9441,#9442,#9443,#9444));
#9441 = ORIENTED_EDGE('',*,*,#9425,.F.);
#9442 = ORIENTED_EDGE('',*,*,#5755,.T.);
#9443 = ORIENTED_EDGE('',*,*,#5727,.F.);
#9444 = ORIENTED_EDGE('',*,*,#5680,.F.);
#9445 = CYLINDRICAL_SURFACE('',#9446,5.);
#9446 = AXIS2_PLACEMENT_3D('',#9447,#9448,#9449);
#9447 = CARTESIAN_POINT('',(51.18,-75.1,-2.));
#9448 = DIRECTION('',(0.,0.,-1.));
#9449 = DIRECTION('',(1.,0.,0.));
#9450 = ADVANCED_FACE('',(#9451),#9474,.T.);
#9451 = FACE_BOUND('',#9452,.T.);
#9452 = EDGE_LOOP('',(#9453,#9454,#9463,#9464,#9465,#9472,#9473));
#9453 = ORIENTED_EDGE('',*,*,#8884,.F.);
#9454 = ORIENTED_EDGE('',*,*,#9455,.T.);
#9455 = EDGE_CURVE('',#8843,#7783,#9456,.T.);
#9456 = B_SPLINE_CURVE_WITH_KNOTS('',3,(#9457,#9458,#9459,#9460,#9461,
    #9462),.UNSPECIFIED.,.F.,.F.,(4,2,4),(1.74755189108,1.8267104304,
    1.90586896972),.UNSPECIFIED.);
#9457 = CARTESIAN_POINT('',(63.508901719894,-79.84584422603,-2.));
#9458 = CARTESIAN_POINT('',(63.332233354579,-79.66854490227,
    -2.032144673317));
#9459 = CARTESIAN_POINT('',(63.151245588647,-79.48691075146,
    -2.049686983023));
#9460 = CARTESIAN_POINT('',(62.778754411353,-79.11308924853,
    -2.049686983023));
#9461 = CARTESIAN_POINT('',(62.597766645421,-78.93145509772,
    -2.032144673317));
#9462 = CARTESIAN_POINT('',(62.421098280106,-78.75415577396,-2.));
#9463 = ORIENTED_EDGE('',*,*,#7807,.T.);
#9464 = ORIENTED_EDGE('',*,*,#5946,.T.);
#9465 = ORIENTED_EDGE('',*,*,#9466,.T.);
#9466 = EDGE_CURVE('',#5949,#5849,#9467,.T.);
#9467 = CIRCLE('',#9468,5.);
#9468 = AXIS2_PLACEMENT_3D('',#9469,#9470,#9471);
#9469 = CARTESIAN_POINT('',(67.18,-75.1,-3.));
#9470 = DIRECTION('',(0.,0.,1.));
#9471 = DIRECTION('',(-0.990151503559,-0.14,0.));
#9472 = ORIENTED_EDGE('',*,*,#5848,.T.);
#9473 = ORIENTED_EDGE('',*,*,#5839,.T.);
#9474 = CONICAL_SURFACE('',#9475,5.5,0.785398163397);
#9475 = AXIS2_PLACEMENT_3D('',#9476,#9477,#9478);
#9476 = CARTESIAN_POINT('',(67.18,-75.1,-2.5));
#9477 = DIRECTION('',(0.,0.,1.));
#9478 = DIRECTION('',(1.,0.,0.));
#9479 = ADVANCED_FACE('',(#9480),#9486,.T.);
#9480 = FACE_BOUND('',#9481,.T.);
#9481 = EDGE_LOOP('',(#9482,#9483,#9484,#9485));
#9482 = ORIENTED_EDGE('',*,*,#9466,.F.);
#9483 = ORIENTED_EDGE('',*,*,#5965,.T.);
#9484 = ORIENTED_EDGE('',*,*,#5889,.F.);
#9485 = ORIENTED_EDGE('',*,*,#5857,.F.);
#9486 = CYLINDRICAL_SURFACE('',#9487,5.);
#9487 = AXIS2_PLACEMENT_3D('',#9488,#9489,#9490);
#9488 = CARTESIAN_POINT('',(67.18,-75.1,-2.));
#9489 = DIRECTION('',(0.,0.,-1.));
#9490 = DIRECTION('',(1.,0.,0.));
#9491 = ADVANCED_FACE('',(#9492),#9515,.T.);
#9492 = FACE_BOUND('',#9493,.T.);
#9493 = EDGE_LOOP('',(#9494,#9495,#9496,#9497,#9504,#9505,#9506));
#9494 = ORIENTED_EDGE('',*,*,#8867,.F.);
#9495 = ORIENTED_EDGE('',*,*,#5904,.T.);
#9496 = ORIENTED_EDGE('',*,*,#5931,.T.);
#9497 = ORIENTED_EDGE('',*,*,#9498,.T.);
#9498 = EDGE_CURVE('',#5924,#6015,#9499,.T.);
#9499 = CIRCLE('',#9500,5.);
#9500 = AXIS2_PLACEMENT_3D('',#9501,#9502,#9503);
#9501 = CARTESIAN_POINT('',(67.18,-75.1,-3.));
#9502 = DIRECTION('',(0.,0.,1.));
#9503 = DIRECTION('',(1.,0.,0.));
#9504 = ORIENTED_EDGE('',*,*,#6014,.T.);
#9505 = ORIENTED_EDGE('',*,*,#7825,.T.);
#9506 = ORIENTED_EDGE('',*,*,#9507,.F.);
#9507 = EDGE_CURVE('',#8868,#7715,#9508,.T.);
#9508 = B_SPLINE_CURVE_WITH_KNOTS('',3,(#9509,#9510,#9511,#9512,#9513,
    #9514),.UNSPECIFIED.,.F.,.F.,(4,2,4),(1.648888595216,1.858018677746,
    2.067148760276),.UNSPECIFIED.);
#9509 = CARTESIAN_POINT('',(64.26921583977,-69.85335006193,-2.));
#9510 = CARTESIAN_POINT('',(63.860305882714,-70.30691729062,
    -2.198243307719));
#9511 = CARTESIAN_POINT('',(63.431776452879,-70.78224664503,
    -2.32494713681));
#9512 = CARTESIAN_POINT('',(62.498223547121,-71.81775335497,
    -2.32494713681));
#9513 = CARTESIAN_POINT('',(62.069694117286,-72.29308270937,
    -2.198243307719));
#9514 = CARTESIAN_POINT('',(61.66078416023,-72.74664993806,-2.));
#9515 = CONICAL_SURFACE('',#9516,5.5,0.785398163397);
#9516 = AXIS2_PLACEMENT_3D('',#9517,#9518,#9519);
#9517 = CARTESIAN_POINT('',(67.18,-75.1,-2.5));
#9518 = DIRECTION('',(0.,0.,1.));
#9519 = DIRECTION('',(1.,0.,0.));
#9520 = ADVANCED_FACE('',(#9521),#9527,.T.);
#9521 = FACE_BOUND('',#9522,.T.);
#9522 = EDGE_LOOP('',(#9523,#9524,#9525,#9526));
#9523 = ORIENTED_EDGE('',*,*,#9498,.F.);
#9524 = ORIENTED_EDGE('',*,*,#5923,.T.);
#9525 = ORIENTED_EDGE('',*,*,#5989,.F.);
#9526 = ORIENTED_EDGE('',*,*,#6022,.F.);
#9527 = CYLINDRICAL_SURFACE('',#9528,5.);
#9528 = AXIS2_PLACEMENT_3D('',#9529,#9530,#9531);
#9529 = CARTESIAN_POINT('',(67.18,-75.1,-2.));
#9530 = DIRECTION('',(0.,0.,-1.));
#9531 = DIRECTION('',(1.,0.,0.));
#9532 = ADVANCED_FACE('',(#9533),#9550,.T.);
#9533 = FACE_BOUND('',#9534,.T.);
#9534 = EDGE_LOOP('',(#9535,#9536,#9537,#9538,#9539,#9540,#9541,#9542,
    #9549));
#9535 = ORIENTED_EDGE('',*,*,#8900,.F.);
#9536 = ORIENTED_EDGE('',*,*,#9507,.T.);
#9537 = ORIENTED_EDGE('',*,*,#7714,.F.);
#9538 = ORIENTED_EDGE('',*,*,#7909,.F.);
#9539 = ORIENTED_EDGE('',*,*,#8966,.T.);
#9540 = ORIENTED_EDGE('',*,*,#8945,.F.);
#9541 = ORIENTED_EDGE('',*,*,#6161,.T.);
#9542 = ORIENTED_EDGE('',*,*,#9543,.T.);
#9543 = EDGE_CURVE('',#6154,#6038,#9544,.T.);
#9544 = CIRCLE('',#9545,5.);
#9545 = AXIS2_PLACEMENT_3D('',#9546,#9547,#9548);
#9546 = CARTESIAN_POINT('',(58.75,-67.5,-3.));
#9547 = DIRECTION('',(0.,0.,1.));
#9548 = DIRECTION('',(-1.,0.,0.));
#9549 = ORIENTED_EDGE('',*,*,#6037,.T.);
#9550 = CONICAL_SURFACE('',#9551,5.5,0.785398163397);
#9551 = AXIS2_PLACEMENT_3D('',#9552,#9553,#9554);
#9552 = CARTESIAN_POINT('',(58.75,-67.5,-2.5));
#9553 = DIRECTION('',(0.,0.,1.));
#9554 = DIRECTION('',(-1.,0.,0.));
#9555 = ADVANCED_FACE('',(#9556),#9562,.T.);
#9556 = FACE_BOUND('',#9557,.T.);
#9557 = EDGE_LOOP('',(#9558,#9559,#9560,#9561));
#9558 = ORIENTED_EDGE('',*,*,#9543,.F.);
#9559 = ORIENTED_EDGE('',*,*,#6153,.T.);
#9560 = ORIENTED_EDGE('',*,*,#6087,.F.);
#9561 = ORIENTED_EDGE('',*,*,#6047,.F.);
#9562 = CYLINDRICAL_SURFACE('',#9563,5.);
#9563 = AXIS2_PLACEMENT_3D('',#9564,#9565,#9566);
#9564 = CARTESIAN_POINT('',(58.75,-67.5,-2.));
#9565 = DIRECTION('',(0.,0.,-1.));
#9566 = DIRECTION('',(1.,0.,0.));
#9567 = ADVANCED_FACE('',(#9568),#9580,.T.);
#9568 = FACE_BOUND('',#9569,.T.);
#9569 = EDGE_LOOP('',(#9570,#9571,#9578,#9579));
#9570 = ORIENTED_EDGE('',*,*,#6120,.T.);
#9571 = ORIENTED_EDGE('',*,*,#9572,.T.);
#9572 = EDGE_CURVE('',#6113,#6201,#9573,.T.);
#9573 = CIRCLE('',#9574,5.);
#9574 = AXIS2_PLACEMENT_3D('',#9575,#9576,#9577);
#9575 = CARTESIAN_POINT('',(58.75,-67.5,-3.));
#9576 = DIRECTION('',(0.,0.,1.));
#9577 = DIRECTION('',(1.,0.,0.));
#9578 = ORIENTED_EDGE('',*,*,#6200,.T.);
#9579 = ORIENTED_EDGE('',*,*,#8918,.F.);
#9580 = CONICAL_SURFACE('',#9581,5.5,0.785398163397);
#9581 = AXIS2_PLACEMENT_3D('',#9582,#9583,#9584);
#9582 = CARTESIAN_POINT('',(58.75,-67.5,-2.5));
#9583 = DIRECTION('',(0.,0.,1.));
#9584 = DIRECTION('',(1.,0.,0.));
#9585 = ADVANCED_FACE('',(#9586),#9592,.T.);
#9586 = FACE_BOUND('',#9587,.T.);
#9587 = EDGE_LOOP('',(#9588,#9589,#9590,#9591));
#9588 = ORIENTED_EDGE('',*,*,#9572,.F.);
#9589 = ORIENTED_EDGE('',*,*,#6112,.T.);
#9590 = ORIENTED_EDGE('',*,*,#6185,.F.);
#9591 = ORIENTED_EDGE('',*,*,#6210,.F.);
#9592 = CYLINDRICAL_SURFACE('',#9593,5.);
#9593 = AXIS2_PLACEMENT_3D('',#9594,#9595,#9596);
#9594 = CARTESIAN_POINT('',(58.75,-67.5,-2.));
#9595 = DIRECTION('',(0.,0.,-1.));
#9596 = DIRECTION('',(1.,0.,0.));
#9597 = ADVANCED_FACE('',(#9598),#9631,.F.);
#9598 = FACE_BOUND('',#9599,.F.);
#9599 = EDGE_LOOP('',(#9600,#9610,#9616,#9617,#9625));
#9600 = ORIENTED_EDGE('',*,*,#9601,.F.);
#9601 = EDGE_CURVE('',#9602,#9604,#9606,.T.);
#9602 = VERTEX_POINT('',#9603);
#9603 = CARTESIAN_POINT('',(5.9,-4.9,-2.));
#9604 = VERTEX_POINT('',#9605);
#9605 = CARTESIAN_POINT('',(6.,-4.9,-2.));
#9606 = LINE('',#9607,#9608);
#9607 = CARTESIAN_POINT('',(5.9,-4.9,-2.));
#9608 = VECTOR('',#9609,1.);
#9609 = DIRECTION('',(1.,0.,0.));
#9610 = ORIENTED_EDGE('',*,*,#9611,.T.);
#9611 = EDGE_CURVE('',#9602,#6234,#9612,.T.);
#9612 = LINE('',#9613,#9614);
#9613 = CARTESIAN_POINT('',(5.9,-4.9,-2.));
#9614 = VECTOR('',#9615,1.);
#9615 = DIRECTION('',(0.,0.,1.));
#9616 = ORIENTED_EDGE('',*,*,#6233,.T.);
#9617 = ORIENTED_EDGE('',*,*,#9618,.T.);
#9618 = EDGE_CURVE('',#6236,#9619,#9621,.T.);
#9619 = VERTEX_POINT('',#9620);
#9620 = CARTESIAN_POINT('',(75.648304841223,-4.9,-2.));
#9621 = LINE('',#9622,#9623);
#9622 = CARTESIAN_POINT('',(75.648304841223,-4.9,-3.));
#9623 = VECTOR('',#9624,1.);
#9624 = DIRECTION('',(-0.,-0.,-1.));
#9625 = ORIENTED_EDGE('',*,*,#9626,.F.);
#9626 = EDGE_CURVE('',#9604,#9619,#9627,.T.);
#9627 = LINE('',#9628,#9629);
#9628 = CARTESIAN_POINT('',(5.9,-4.9,-2.));
#9629 = VECTOR('',#9630,1.);
#9630 = DIRECTION('',(1.,0.,0.));
#9631 = PLANE('',#9632);
#9632 = AXIS2_PLACEMENT_3D('',#9633,#9634,#9635);
#9633 = CARTESIAN_POINT('',(5.9,-4.9,-2.));
#9634 = DIRECTION('',(0.,1.,0.));
#9635 = DIRECTION('',(0.,0.,1.));
#9636 = ADVANCED_FACE('',(#9637),#9657,.F.);
#9637 = FACE_BOUND('',#9638,.T.);
#9638 = EDGE_LOOP('',(#9639,#9640,#9641,#9642,#9649,#9650));
#9639 = ORIENTED_EDGE('',*,*,#6568,.T.);
#9640 = ORIENTED_EDGE('',*,*,#6267,.F.);
#9641 = ORIENTED_EDGE('',*,*,#9618,.T.);
#9642 = ORIENTED_EDGE('',*,*,#9643,.F.);
#9643 = EDGE_CURVE('',#7585,#9619,#9644,.T.);
#9644 = CIRCLE('',#9645,6.);
#9645 = AXIS2_PLACEMENT_3D('',#9646,#9647,#9648);
#9646 = CARTESIAN_POINT('',(69.75,-6.,-2.));
#9647 = DIRECTION('',(0.,0.,-1.));
#9648 = DIRECTION('',(1.,0.,0.));
#9649 = ORIENTED_EDGE('',*,*,#7584,.T.);
#9650 = ORIENTED_EDGE('',*,*,#9651,.F.);
#9651 = EDGE_CURVE('',#6569,#7577,#9652,.T.);
#9652 = CIRCLE('',#9653,6.);
#9653 = AXIS2_PLACEMENT_3D('',#9654,#9655,#9656);
#9654 = CARTESIAN_POINT('',(69.75,-6.,-3.));
#9655 = DIRECTION('',(0.,0.,1.));
#9656 = DIRECTION('',(1.,0.,0.));
#9657 = CYLINDRICAL_SURFACE('',#9658,6.);
#9658 = AXIS2_PLACEMENT_3D('',#9659,#9660,#9661);
#9659 = CARTESIAN_POINT('',(69.75,-6.,-3.));
#9660 = DIRECTION('',(-0.,-0.,-1.));
#9661 = DIRECTION('',(1.,0.,0.));
#9662 = ADVANCED_FACE('',(#9663),#9689,.T.);
#9663 = FACE_BOUND('',#9664,.T.);
#9664 = EDGE_LOOP('',(#9665,#9675,#9681,#9682,#9683));
#9665 = ORIENTED_EDGE('',*,*,#9666,.F.);
#9666 = EDGE_CURVE('',#9667,#9669,#9671,.T.);
#9667 = VERTEX_POINT('',#9668);
#9668 = CARTESIAN_POINT('',(5.9,-55.,-2.));
#9669 = VERTEX_POINT('',#9670);
#9670 = CARTESIAN_POINT('',(6.,-55.,-2.));
#9671 = LINE('',#9672,#9673);
#9672 = CARTESIAN_POINT('',(5.9,-55.,-2.));
#9673 = VECTOR('',#9674,1.);
#9674 = DIRECTION('',(1.,0.,0.));
#9675 = ORIENTED_EDGE('',*,*,#9676,.T.);
#9676 = EDGE_CURVE('',#9667,#6244,#9677,.T.);
#9677 = LINE('',#9678,#9679);
#9678 = CARTESIAN_POINT('',(5.9,-55.,-2.));
#9679 = VECTOR('',#9680,1.);
#9680 = DIRECTION('',(0.,0.,1.));
#9681 = ORIENTED_EDGE('',*,*,#6251,.T.);
#9682 = ORIENTED_EDGE('',*,*,#6561,.T.);
#9683 = ORIENTED_EDGE('',*,*,#9684,.F.);
#9684 = EDGE_CURVE('',#9669,#6554,#9685,.T.);
#9685 = LINE('',#9686,#9687);
#9686 = CARTESIAN_POINT('',(5.9,-55.,-2.));
#9687 = VECTOR('',#9688,1.);
#9688 = DIRECTION('',(1.,0.,0.));
#9689 = PLANE('',#9690);
#9690 = AXIS2_PLACEMENT_3D('',#9691,#9692,#9693);
#9691 = CARTESIAN_POINT('',(5.9,-55.,-2.));
#9692 = DIRECTION('',(0.,1.,0.));
#9693 = DIRECTION('',(0.,0.,1.));
#9694 = ADVANCED_FACE('',(#9695),#9706,.T.);
#9695 = FACE_BOUND('',#9696,.T.);
#9696 = EDGE_LOOP('',(#9697,#9698,#9704,#9705));
#9697 = ORIENTED_EDGE('',*,*,#9676,.F.);
#9698 = ORIENTED_EDGE('',*,*,#9699,.T.);
#9699 = EDGE_CURVE('',#9667,#9602,#9700,.T.);
#9700 = LINE('',#9701,#9702);
#9701 = CARTESIAN_POINT('',(5.9,-55.,-2.));
#9702 = VECTOR('',#9703,1.);
#9703 = DIRECTION('',(0.,1.,0.));
#9704 = ORIENTED_EDGE('',*,*,#9611,.T.);
#9705 = ORIENTED_EDGE('',*,*,#6243,.F.);
#9706 = PLANE('',#9707);
#9707 = AXIS2_PLACEMENT_3D('',#9708,#9709,#9710);
#9708 = CARTESIAN_POINT('',(5.9,-55.,-2.));
#9709 = DIRECTION('',(1.,0.,0.));
#9710 = DIRECTION('',(0.,0.,1.));
#9711 = ADVANCED_FACE('',(#9712),#9728,.T.);
#9712 = FACE_BOUND('',#9713,.T.);
#9713 = EDGE_LOOP('',(#9714,#9720,#9721,#9727));
#9714 = ORIENTED_EDGE('',*,*,#9715,.F.);
#9715 = EDGE_CURVE('',#6289,#9310,#9716,.T.);
#9716 = LINE('',#9717,#9718);
#9717 = CARTESIAN_POINT('',(25.95,-88.95,-3.));
#9718 = VECTOR('',#9719,1.);
#9719 = DIRECTION('',(0.,0.707106781187,0.707106781187));
#9720 = ORIENTED_EDGE('',*,*,#6288,.T.);
#9721 = ORIENTED_EDGE('',*,*,#9722,.T.);
#9722 = EDGE_CURVE('',#6291,#9333,#9723,.T.);
#9723 = LINE('',#9724,#9725);
#9724 = CARTESIAN_POINT('',(23.45,-91.45,-3.));
#9725 = VECTOR('',#9726,1.);
#9726 = DIRECTION('',(-0.707106781187,0.,0.707106781187));
#9727 = ORIENTED_EDGE('',*,*,#9340,.T.);
#9728 = CONICAL_SURFACE('',#9729,3.,0.785398163397);
#9729 = AXIS2_PLACEMENT_3D('',#9730,#9731,#9732);
#9730 = CARTESIAN_POINT('',(25.95,-91.45,-2.5));
#9731 = DIRECTION('',(0.,0.,1.));
#9732 = DIRECTION('',(-0.707106781187,0.707106781187,0.));
#9733 = ADVANCED_FACE('',(#9734),#9745,.T.);
#9734 = FACE_BOUND('',#9735,.T.);
#9735 = EDGE_LOOP('',(#9736,#9737,#9738,#9744));
#9736 = ORIENTED_EDGE('',*,*,#9715,.T.);
#9737 = ORIENTED_EDGE('',*,*,#9309,.F.);
#9738 = ORIENTED_EDGE('',*,*,#9739,.F.);
#9739 = EDGE_CURVE('',#6321,#9284,#9740,.T.);
#9740 = LINE('',#9741,#9742);
#9741 = CARTESIAN_POINT('',(43.05,-88.95,-3.));
#9742 = VECTOR('',#9743,1.);
#9743 = DIRECTION('',(0.,0.707106781187,0.707106781187));
#9744 = ORIENTED_EDGE('',*,*,#6320,.T.);
#9745 = PLANE('',#9746);
#9746 = AXIS2_PLACEMENT_3D('',#9747,#9748,#9749);
#9747 = CARTESIAN_POINT('',(30.6625,-88.45,-2.5));
#9748 = DIRECTION('',(0.,0.707106781187,-0.707106781187));
#9749 = DIRECTION('',(-1.,0.,0.));
#9750 = ADVANCED_FACE('',(#9751),#9762,.T.);
#9751 = FACE_BOUND('',#9752,.T.);
#9752 = EDGE_LOOP('',(#9753,#9759,#9760,#9761));
#9753 = ORIENTED_EDGE('',*,*,#9754,.T.);
#9754 = EDGE_CURVE('',#9261,#6345,#9755,.T.);
#9755 = LINE('',#9756,#9757);
#9756 = CARTESIAN_POINT('',(46.55,-91.45,-2.));
#9757 = VECTOR('',#9758,1.);
#9758 = DIRECTION('',(-0.707106781187,0.,-0.707106781187));
#9759 = ORIENTED_EDGE('',*,*,#6344,.T.);
#9760 = ORIENTED_EDGE('',*,*,#9739,.T.);
#9761 = ORIENTED_EDGE('',*,*,#9291,.T.);
#9762 = CONICAL_SURFACE('',#9763,3.,0.785398163397);
#9763 = AXIS2_PLACEMENT_3D('',#9764,#9765,#9766);
#9764 = CARTESIAN_POINT('',(43.05,-91.45,-2.5));
#9765 = DIRECTION('',(0.,0.,1.));
#9766 = DIRECTION('',(0.707106781187,0.707106781187,0.));
#9767 = ADVANCED_FACE('',(#9768),#9779,.T.);
#9768 = FACE_BOUND('',#9769,.T.);
#9769 = EDGE_LOOP('',(#9770,#9771,#9772,#9778));
#9770 = ORIENTED_EDGE('',*,*,#9754,.F.);
#9771 = ORIENTED_EDGE('',*,*,#9260,.F.);
#9772 = ORIENTED_EDGE('',*,*,#9773,.T.);
#9773 = EDGE_CURVE('',#9228,#6370,#9774,.T.);
#9774 = LINE('',#9775,#9776);
#9775 = CARTESIAN_POINT('',(46.55,-92.7,-2.));
#9776 = VECTOR('',#9777,1.);
#9777 = DIRECTION('',(-0.707106781187,0.,-0.707106781187));
#9778 = ORIENTED_EDGE('',*,*,#6369,.T.);
#9779 = PLANE('',#9780);
#9780 = AXIS2_PLACEMENT_3D('',#9781,#9782,#9783);
#9781 = CARTESIAN_POINT('',(46.05,-70.975,-2.5));
#9782 = DIRECTION('',(0.707106781187,0.,-0.707106781187));
#9783 = DIRECTION('',(-0.707106781187,0.,-0.707106781187));
#9784 = ADVANCED_FACE('',(#9785),#9796,.T.);
#9785 = FACE_BOUND('',#9786,.T.);
#9786 = EDGE_LOOP('',(#9787,#9793,#9794,#9795));
#9787 = ORIENTED_EDGE('',*,*,#9788,.T.);
#9788 = EDGE_CURVE('',#9236,#6394,#9789,.T.);
#9789 = LINE('',#9790,#9791);
#9790 = CARTESIAN_POINT('',(43.05,-96.2,-2.));
#9791 = VECTOR('',#9792,1.);
#9792 = DIRECTION('',(0.,0.707106781187,-0.707106781187));
#9793 = ORIENTED_EDGE('',*,*,#6393,.T.);
#9794 = ORIENTED_EDGE('',*,*,#9773,.F.);
#9795 = ORIENTED_EDGE('',*,*,#9235,.T.);
#9796 = CONICAL_SURFACE('',#9797,3.,0.785398163397);
#9797 = AXIS2_PLACEMENT_3D('',#9798,#9799,#9800);
#9798 = CARTESIAN_POINT('',(43.05,-92.7,-2.5));
#9799 = DIRECTION('',(0.,0.,1.));
#9800 = DIRECTION('',(0.707106781187,-0.707106781187,0.));
#9801 = ADVANCED_FACE('',(#9802),#9813,.T.);
#9802 = FACE_BOUND('',#9803,.T.);
#9803 = EDGE_LOOP('',(#9804,#9805,#9806,#9812));
#9804 = ORIENTED_EDGE('',*,*,#9788,.F.);
#9805 = ORIENTED_EDGE('',*,*,#9407,.T.);
#9806 = ORIENTED_EDGE('',*,*,#9807,.T.);
#9807 = EDGE_CURVE('',#9382,#6419,#9808,.T.);
#9808 = LINE('',#9809,#9810);
#9809 = CARTESIAN_POINT('',(25.95,-96.2,-2.));
#9810 = VECTOR('',#9811,1.);
#9811 = DIRECTION('',(0.,0.707106781187,-0.707106781187));
#9812 = ORIENTED_EDGE('',*,*,#6418,.T.);
#9813 = PLANE('',#9814);
#9814 = AXIS2_PLACEMENT_3D('',#9815,#9816,#9817);
#9815 = CARTESIAN_POINT('',(41.7125,-95.7,-2.5));
#9816 = DIRECTION('',(0.,-0.707106781187,-0.707106781187));
#9817 = DIRECTION('',(-1.,0.,0.));
#9818 = ADVANCED_FACE('',(#9819),#9830,.T.);
#9819 = FACE_BOUND('',#9820,.T.);
#9820 = EDGE_LOOP('',(#9821,#9827,#9828,#9829));
#9821 = ORIENTED_EDGE('',*,*,#9822,.F.);
#9822 = EDGE_CURVE('',#6443,#9358,#9823,.T.);
#9823 = LINE('',#9824,#9825);
#9824 = CARTESIAN_POINT('',(23.45,-92.7,-3.));
#9825 = VECTOR('',#9826,1.);
#9826 = DIRECTION('',(-0.707106781187,0.,0.707106781187));
#9827 = ORIENTED_EDGE('',*,*,#6442,.T.);
#9828 = ORIENTED_EDGE('',*,*,#9807,.F.);
#9829 = ORIENTED_EDGE('',*,*,#9389,.T.);
#9830 = CONICAL_SURFACE('',#9831,3.,0.785398163397);
#9831 = AXIS2_PLACEMENT_3D('',#9832,#9833,#9834);
#9832 = CARTESIAN_POINT('',(25.95,-92.7,-2.5));
#9833 = DIRECTION('',(0.,0.,1.));
#9834 = DIRECTION('',(-0.707106781187,-0.707106781187,0.));
#9835 = ADVANCED_FACE('',(#9836),#9842,.T.);
#9836 = FACE_BOUND('',#9837,.T.);
#9837 = EDGE_LOOP('',(#9838,#9839,#9840,#9841));
#9838 = ORIENTED_EDGE('',*,*,#9822,.T.);
#9839 = ORIENTED_EDGE('',*,*,#9365,.T.);
#9840 = ORIENTED_EDGE('',*,*,#9722,.F.);
#9841 = ORIENTED_EDGE('',*,*,#6467,.T.);
#9842 = PLANE('',#9843);
#9843 = AXIS2_PLACEMENT_3D('',#9844,#9845,#9846);
#9844 = CARTESIAN_POINT('',(22.95,-74.1,-2.5));
#9845 = DIRECTION('',(-0.707106781187,0.,-0.707106781187));
#9846 = DIRECTION('',(-0.707106781187,0.,0.707106781187));
#9847 = ADVANCED_FACE('',(#9848),#9854,.F.);
#9848 = FACE_BOUND('',#9849,.T.);
#9849 = EDGE_LOOP('',(#9850,#9851,#9852,#9853));
#9850 = ORIENTED_EDGE('',*,*,#6608,.F.);
#9851 = ORIENTED_EDGE('',*,*,#6521,.T.);
#9852 = ORIENTED_EDGE('',*,*,#6493,.F.);
#9853 = ORIENTED_EDGE('',*,*,#7633,.F.);
#9854 = PLANE('',#9855);
#9855 = AXIS2_PLACEMENT_3D('',#9856,#9857,#9858);
#9856 = CARTESIAN_POINT('',(76.25,-18.5,-4.));
#9857 = DIRECTION('',(0.,0.,1.));
#9858 = DIRECTION('',(1.,0.,0.));
#9859 = ADVANCED_FACE('',(#9860),#9885,.T.);
#9860 = FACE_BOUND('',#9861,.T.);
#9861 = EDGE_LOOP('',(#9862,#9870,#9871,#9879));
#9862 = ORIENTED_EDGE('',*,*,#9863,.T.);
#9863 = EDGE_CURVE('',#9864,#6544,#9866,.T.);
#9864 = VERTEX_POINT('',#9865);
#9865 = CARTESIAN_POINT('',(6.,-55.05,-2.));
#9866 = LINE('',#9867,#9868);
#9867 = CARTESIAN_POINT('',(6.,-55.05,-2.));
#9868 = VECTOR('',#9869,1.);
#9869 = DIRECTION('',(1.,0.,0.));
#9870 = ORIENTED_EDGE('',*,*,#6543,.T.);
#9871 = ORIENTED_EDGE('',*,*,#9872,.F.);
#9872 = EDGE_CURVE('',#9873,#6546,#9875,.T.);
#9873 = VERTEX_POINT('',#9874);
#9874 = CARTESIAN_POINT('',(6.,-55.05,-3.5));
#9875 = LINE('',#9876,#9877);
#9876 = CARTESIAN_POINT('',(6.,-55.05,-3.5));
#9877 = VECTOR('',#9878,1.);
#9878 = DIRECTION('',(1.,0.,0.));
#9879 = ORIENTED_EDGE('',*,*,#9880,.F.);
#9880 = EDGE_CURVE('',#9864,#9873,#9881,.T.);
#9881 = LINE('',#9882,#9883);
#9882 = CARTESIAN_POINT('',(6.,-55.05,0.));
#9883 = VECTOR('',#9884,1.);
#9884 = DIRECTION('',(0.,0.,-1.));
#9885 = PLANE('',#9886);
#9886 = AXIS2_PLACEMENT_3D('',#9887,#9888,#9889);
#9887 = CARTESIAN_POINT('',(6.,-55.05,0.));
#9888 = DIRECTION('',(0.,1.,0.));
#9889 = DIRECTION('',(1.,0.,0.));
#9890 = ADVANCED_FACE('',(#9891),#9902,.T.);
#9891 = FACE_BOUND('',#9892,.T.);
#9892 = EDGE_LOOP('',(#9893,#9894,#9900,#9901));
#9893 = ORIENTED_EDGE('',*,*,#9863,.F.);
#9894 = ORIENTED_EDGE('',*,*,#9895,.T.);
#9895 = EDGE_CURVE('',#9864,#9669,#9896,.T.);
#9896 = LINE('',#9897,#9898);
#9897 = CARTESIAN_POINT('',(6.,-28.875,-2.));
#9898 = VECTOR('',#9899,1.);
#9899 = DIRECTION('',(0.,1.,0.));
#9900 = ORIENTED_EDGE('',*,*,#9684,.T.);
#9901 = ORIENTED_EDGE('',*,*,#6553,.F.);
#9902 = PLANE('',#9903);
#9903 = AXIS2_PLACEMENT_3D('',#9904,#9905,#9906);
#9904 = CARTESIAN_POINT('',(40.875,-29.9,-2.));
#9905 = DIRECTION('',(-0.,-0.,-1.));
#9906 = DIRECTION('',(-1.,0.,0.));
#9907 = ADVANCED_FACE('',(#9908),#9913,.F.);
#9908 = FACE_BOUND('',#9909,.F.);
#9909 = EDGE_LOOP('',(#9910,#9911,#9912));
#9910 = ORIENTED_EDGE('',*,*,#7576,.T.);
#9911 = ORIENTED_EDGE('',*,*,#9651,.F.);
#9912 = ORIENTED_EDGE('',*,*,#6576,.T.);
#9913 = PLANE('',#9914);
#9914 = AXIS2_PLACEMENT_3D('',#9915,#9916,#9917);
#9915 = CARTESIAN_POINT('',(37.87493086345,-52.9998910334,-3.));
#9916 = DIRECTION('',(0.,0.,1.));
#9917 = DIRECTION('',(1.,0.,0.));
#9918 = ADVANCED_FACE('',(#9919),#9925,.F.);
#9919 = FACE_BOUND('',#9920,.T.);
#9920 = EDGE_LOOP('',(#9921,#9922,#9923,#9924));
#9921 = ORIENTED_EDGE('',*,*,#6710,.F.);
#9922 = ORIENTED_EDGE('',*,*,#6669,.T.);
#9923 = ORIENTED_EDGE('',*,*,#6592,.F.);
#9924 = ORIENTED_EDGE('',*,*,#7569,.T.);
#9925 = PLANE('',#9926);
#9926 = AXIS2_PLACEMENT_3D('',#9927,#9928,#9929);
#9927 = CARTESIAN_POINT('',(40.375,-29.9,-3.5));
#9928 = DIRECTION('',(0.,0.,1.));
#9929 = DIRECTION('',(1.,0.,0.));
#9930 = ADVANCED_FACE('',(#9931),#9942,.T.);
#9931 = FACE_BOUND('',#9932,.T.);
#9932 = EDGE_LOOP('',(#9933,#9934,#9935,#9936));
#9933 = ORIENTED_EDGE('',*,*,#8254,.T.);
#9934 = ORIENTED_EDGE('',*,*,#8216,.F.);
#9935 = ORIENTED_EDGE('',*,*,#6639,.T.);
#9936 = ORIENTED_EDGE('',*,*,#9937,.F.);
#9937 = EDGE_CURVE('',#8247,#6632,#9938,.T.);
#9938 = LINE('',#9939,#9940);
#9939 = CARTESIAN_POINT('',(74.75,-61.95,-2.));
#9940 = VECTOR('',#9941,1.);
#9941 = DIRECTION('',(0.57735026919,-0.57735026919,-0.57735026919));
#9942 = PLANE('',#9943);
#9943 = AXIS2_PLACEMENT_3D('',#9944,#9945,#9946);
#9944 = CARTESIAN_POINT('',(75.25,-79.5,-2.5));
#9945 = DIRECTION('',(-0.707106781187,0.,-0.707106781187));
#9946 = DIRECTION('',(-0.707106781187,0.,0.707106781187));
#9947 = ADVANCED_FACE('',(#9948),#9972,.F.);
#9948 = FACE_BOUND('',#9949,.F.);
#9949 = EDGE_LOOP('',(#9950,#9951,#9952,#9953,#9954,#9960,#9961,#9962,
    #9963,#9964,#9965,#9971));
#9950 = ORIENTED_EDGE('',*,*,#8185,.F.);
#9951 = ORIENTED_EDGE('',*,*,#8232,.T.);
#9952 = ORIENTED_EDGE('',*,*,#6655,.F.);
#9953 = ORIENTED_EDGE('',*,*,#9872,.F.);
#9954 = ORIENTED_EDGE('',*,*,#9955,.F.);
#9955 = EDGE_CURVE('',#7548,#9873,#9956,.T.);
#9956 = LINE('',#9957,#9958);
#9957 = CARTESIAN_POINT('',(6.,-4.75,-3.5));
#9958 = VECTOR('',#9959,1.);
#9959 = DIRECTION('',(0.,-1.,0.));
#9960 = ORIENTED_EDGE('',*,*,#7545,.F.);
#9961 = ORIENTED_EDGE('',*,*,#7614,.T.);
#9962 = ORIENTED_EDGE('',*,*,#6797,.T.);
#9963 = ORIENTED_EDGE('',*,*,#6834,.T.);
#9964 = ORIENTED_EDGE('',*,*,#6876,.T.);
#9965 = ORIENTED_EDGE('',*,*,#9966,.F.);
#9966 = EDGE_CURVE('',#6926,#6877,#9967,.T.);
#9967 = LINE('',#9968,#9969);
#9968 = CARTESIAN_POINT('',(5.5,-4.75,-3.5));
#9969 = VECTOR('',#9970,1.);
#9970 = DIRECTION('',(1.,0.,0.));
#9971 = ORIENTED_EDGE('',*,*,#6933,.F.);
#9972 = PLANE('',#9973);
#9973 = AXIS2_PLACEMENT_3D('',#9974,#9975,#9976);
#9974 = CARTESIAN_POINT('',(40.375,-29.9,-3.5));
#9975 = DIRECTION('',(0.,0.,1.));
#9976 = DIRECTION('',(1.,0.,0.));
#9977 = ADVANCED_FACE('',(#9978,#9981),#9992,.F.);
#9978 = FACE_BOUND('',#9979,.T.);
#9979 = EDGE_LOOP('',(#9980));
#9980 = ORIENTED_EDGE('',*,*,#6693,.T.);
#9981 = FACE_BOUND('',#9982,.T.);
#9982 = EDGE_LOOP('',(#9983));
#9983 = ORIENTED_EDGE('',*,*,#9984,.F.);
#9984 = EDGE_CURVE('',#9985,#9985,#9987,.T.);
#9985 = VERTEX_POINT('',#9986);
#9986 = CARTESIAN_POINT('',(68.85,-2.5,-8.4));
#9987 = CIRCLE('',#9988,1.4);
#9988 = AXIS2_PLACEMENT_3D('',#9989,#9990,#9991);
#9989 = CARTESIAN_POINT('',(70.25,-2.5,-8.4));
#9990 = DIRECTION('',(0.,0.,-1.));
#9991 = DIRECTION('',(1.,0.,0.));
#9992 = PLANE('',#9993);
#9993 = AXIS2_PLACEMENT_3D('',#9994,#9995,#9996);
#9994 = CARTESIAN_POINT('',(70.25,-2.5,-8.4));
#9995 = DIRECTION('',(0.,0.,1.));
#9996 = DIRECTION('',(1.,0.,0.));
#9997 = ADVANCED_FACE('',(#9998),#10005,.F.);
#9998 = FACE_BOUND('',#9999,.T.);
#9999 = EDGE_LOOP('',(#10000,#10001,#10002,#10003,#10004));
#10000 = ORIENTED_EDGE('',*,*,#6719,.F.);
#10001 = ORIENTED_EDGE('',*,*,#7563,.T.);
#10002 = ORIENTED_EDGE('',*,*,#7521,.F.);
#10003 = ORIENTED_EDGE('',*,*,#6767,.F.);
#10004 = ORIENTED_EDGE('',*,*,#6743,.F.);
#10005 = PLANE('',#10006);
#10006 = AXIS2_PLACEMENT_3D('',#10007,#10008,#10009);
#10007 = CARTESIAN_POINT('',(40.375,-29.9,-3.5));
#10008 = DIRECTION('',(0.,0.,1.));
#10009 = DIRECTION('',(1.,0.,0.));
#10010 = ADVANCED_FACE('',(#10011),#10021,.F.);
#10011 = FACE_BOUND('',#10012,.T.);
#10012 = EDGE_LOOP('',(#10013,#10014,#10015));
#10013 = ORIENTED_EDGE('',*,*,#6917,.T.);
#10014 = ORIENTED_EDGE('',*,*,#6893,.T.);
#10015 = ORIENTED_EDGE('',*,*,#10016,.T.);
#10016 = EDGE_CURVE('',#6886,#6918,#10017,.T.);
#10017 = LINE('',#10018,#10019);
#10018 = CARTESIAN_POINT('',(21.4375,-4.75,-2.));
#10019 = VECTOR('',#10020,1.);
#10020 = DIRECTION('',(-1.,0.,0.));
#10021 = PLANE('',#10022);
#10022 = AXIS2_PLACEMENT_3D('',#10023,#10024,#10025);
#10023 = CARTESIAN_POINT('',(37.875,-53.,-2.));
#10024 = DIRECTION('',(0.,0.,1.));
#10025 = DIRECTION('',(1.,0.,0.));
#10026 = ADVANCED_FACE('',(#10027),#10033,.T.);
#10027 = FACE_BOUND('',#10028,.T.);
#10028 = EDGE_LOOP('',(#10029,#10030,#10031,#10032));
#10029 = ORIENTED_EDGE('',*,*,#10016,.F.);
#10030 = ORIENTED_EDGE('',*,*,#6885,.T.);
#10031 = ORIENTED_EDGE('',*,*,#9966,.F.);
#10032 = ORIENTED_EDGE('',*,*,#6925,.F.);
#10033 = PLANE('',#10034);
#10034 = AXIS2_PLACEMENT_3D('',#10035,#10036,#10037);
#10035 = CARTESIAN_POINT('',(5.,-4.75,0.));
#10036 = DIRECTION('',(0.,1.,0.));
#10037 = DIRECTION('',(1.,0.,0.));
#10038 = ADVANCED_FACE('',(#10039,#10042),#10053,.F.);
#10039 = FACE_BOUND('',#10040,.T.);
#10040 = EDGE_LOOP('',(#10041));
#10041 = ORIENTED_EDGE('',*,*,#6866,.T.);
#10042 = FACE_BOUND('',#10043,.T.);
#10043 = EDGE_LOOP('',(#10044));
#10044 = ORIENTED_EDGE('',*,*,#10045,.F.);
#10045 = EDGE_CURVE('',#10046,#10046,#10048,.T.);
#10046 = VERTEX_POINT('',#10047);
#10047 = CARTESIAN_POINT('',(4.1,-2.5,-8.4));
#10048 = CIRCLE('',#10049,1.4);
#10049 = AXIS2_PLACEMENT_3D('',#10050,#10051,#10052);
#10050 = CARTESIAN_POINT('',(5.5,-2.5,-8.4));
#10051 = DIRECTION('',(0.,0.,-1.));
#10052 = DIRECTION('',(1.,0.,0.));
#10053 = PLANE('',#10054);
#10054 = AXIS2_PLACEMENT_3D('',#10055,#10056,#10057);
#10055 = CARTESIAN_POINT('',(5.5,-2.5,-8.4));
#10056 = DIRECTION('',(0.,0.,1.));
#10057 = DIRECTION('',(1.,0.,0.));
#10058 = ADVANCED_FACE('',(#10059),#10076,.T.);
#10059 = FACE_BOUND('',#10060,.T.);
#10060 = EDGE_LOOP('',(#10061,#10067,#10068,#10074,#10075));
#10061 = ORIENTED_EDGE('',*,*,#10062,.F.);
#10062 = EDGE_CURVE('',#7024,#8178,#10063,.T.);
#10063 = LINE('',#10064,#10065);
#10064 = CARTESIAN_POINT('',(3.75,-10.25,-3.4));
#10065 = VECTOR('',#10066,1.);
#10066 = DIRECTION('',(1.,0.,0.));
#10067 = ORIENTED_EDGE('',*,*,#7023,.F.);
#10068 = ORIENTED_EDGE('',*,*,#10069,.F.);
#10069 = EDGE_CURVE('',#6942,#7016,#10070,.T.);
#10070 = LINE('',#10071,#10072);
#10071 = CARTESIAN_POINT('',(5.,-10.25,-4.5));
#10072 = VECTOR('',#10073,1.);
#10073 = DIRECTION('',(-1.,0.,0.));
#10074 = ORIENTED_EDGE('',*,*,#6941,.F.);
#10075 = ORIENTED_EDGE('',*,*,#8177,.F.);
#10076 = PLANE('',#10077);
#10077 = AXIS2_PLACEMENT_3D('',#10078,#10079,#10080);
#10078 = CARTESIAN_POINT('',(5.,-10.25,-2.));
#10079 = DIRECTION('',(0.,-1.,0.));
#10080 = DIRECTION('',(-1.,0.,0.));
#10081 = ADVANCED_FACE('',(#10082),#10088,.T.);
#10082 = FACE_BOUND('',#10083,.T.);
#10083 = EDGE_LOOP('',(#10084,#10085,#10086,#10087));
#10084 = ORIENTED_EDGE('',*,*,#10069,.T.);
#10085 = ORIENTED_EDGE('',*,*,#7015,.F.);
#10086 = ORIENTED_EDGE('',*,*,#6973,.F.);
#10087 = ORIENTED_EDGE('',*,*,#6949,.T.);
#10088 = PLANE('',#10089);
#10089 = AXIS2_PLACEMENT_3D('',#10090,#10091,#10092);
#10090 = CARTESIAN_POINT('',(2.5,-7.5,-4.5));
#10091 = DIRECTION('',(0.,0.,-1.));
#10092 = DIRECTION('',(-1.,0.,0.));
#10093 = ADVANCED_FACE('',(#10094),#10105,.T.);
#10094 = FACE_BOUND('',#10095,.T.);
#10095 = EDGE_LOOP('',(#10096,#10097,#10098,#10099));
#10096 = ORIENTED_EDGE('',*,*,#6997,.T.);
#10097 = ORIENTED_EDGE('',*,*,#8146,.F.);
#10098 = ORIENTED_EDGE('',*,*,#8123,.F.);
#10099 = ORIENTED_EDGE('',*,*,#10100,.T.);
#10100 = EDGE_CURVE('',#8099,#6998,#10101,.T.);
#10101 = LINE('',#10102,#10103);
#10102 = CARTESIAN_POINT('',(1.,-61.95,-2.));
#10103 = VECTOR('',#10104,1.);
#10104 = DIRECTION('',(-0.57735026919,-0.57735026919,-0.57735026919));
#10105 = PLANE('',#10106);
#10106 = AXIS2_PLACEMENT_3D('',#10107,#10108,#10109);
#10107 = CARTESIAN_POINT('',(0.5,-26.5,-2.5));
#10108 = DIRECTION('',(0.707106781187,0.,-0.707106781187));
#10109 = DIRECTION('',(-0.707106781187,0.,-0.707106781187));
#10110 = ADVANCED_FACE('',(#10111),#10117,.T.);
#10111 = FACE_BOUND('',#10112,.T.);
#10112 = EDGE_LOOP('',(#10113,#10114,#10115,#10116));
#10113 = ORIENTED_EDGE('',*,*,#10062,.T.);
#10114 = ORIENTED_EDGE('',*,*,#8201,.F.);
#10115 = ORIENTED_EDGE('',*,*,#8153,.T.);
#10116 = ORIENTED_EDGE('',*,*,#7031,.F.);
#10117 = PLANE('',#10118);
#10118 = AXIS2_PLACEMENT_3D('',#10119,#10120,#10121);
#10119 = CARTESIAN_POINT('',(2.5,-25.25,-3.4));
#10120 = DIRECTION('',(0.,0.,-1.));
#10121 = DIRECTION('',(-1.,0.,0.));
#10122 = ADVANCED_FACE('',(#10123),#10134,.T.);
#10123 = FACE_BOUND('',#10124,.T.);
#10124 = EDGE_LOOP('',(#10125,#10126,#10132,#10133));
#10125 = ORIENTED_EDGE('',*,*,#8106,.T.);
#10126 = ORIENTED_EDGE('',*,*,#10127,.F.);
#10127 = EDGE_CURVE('',#7054,#8074,#10128,.T.);
#10128 = LINE('',#10129,#10130);
#10129 = CARTESIAN_POINT('',(4.75,-62.45,-2.5));
#10130 = VECTOR('',#10131,1.);
#10131 = DIRECTION('',(0.,0.707106781187,0.707106781187));
#10132 = ORIENTED_EDGE('',*,*,#7053,.T.);
#10133 = ORIENTED_EDGE('',*,*,#10100,.F.);
#10134 = PLANE('',#10135);
#10135 = AXIS2_PLACEMENT_3D('',#10136,#10137,#10138);
#10136 = CARTESIAN_POINT('',(18.9375,-62.45,-2.5));
#10137 = DIRECTION('',(0.,0.707106781187,-0.707106781187));
#10138 = DIRECTION('',(-1.,0.,0.));
#10139 = ADVANCED_FACE('',(#10140,#10143),#10154,.F.);
#10140 = FACE_BOUND('',#10141,.T.);
#10141 = EDGE_LOOP('',(#10142));
#10142 = ORIENTED_EDGE('',*,*,#7077,.T.);
#10143 = FACE_BOUND('',#10144,.T.);
#10144 = EDGE_LOOP('',(#10145));
#10145 = ORIENTED_EDGE('',*,*,#10146,.F.);
#10146 = EDGE_CURVE('',#10147,#10147,#10149,.T.);
#10147 = VERTEX_POINT('',#10148);
#10148 = CARTESIAN_POINT('',(3.35,-65.2,-8.2));
#10149 = CIRCLE('',#10150,1.4);
#10150 = AXIS2_PLACEMENT_3D('',#10151,#10152,#10153);
#10151 = CARTESIAN_POINT('',(4.75,-65.2,-8.2));
#10152 = DIRECTION('',(0.,0.,-1.));
#10153 = DIRECTION('',(1.,0.,0.));
#10154 = PLANE('',#10155);
#10155 = AXIS2_PLACEMENT_3D('',#10156,#10157,#10158);
#10156 = CARTESIAN_POINT('',(4.75,-65.2,-8.2));
#10157 = DIRECTION('',(0.,0.,1.));
#10158 = DIRECTION('',(1.,0.,0.));
#10159 = ADVANCED_FACE('',(#10160),#10171,.T.);
#10160 = FACE_BOUND('',#10161,.T.);
#10161 = EDGE_LOOP('',(#10162,#10163,#10164,#10170));
#10162 = ORIENTED_EDGE('',*,*,#10127,.T.);
#10163 = ORIENTED_EDGE('',*,*,#8081,.T.);
#10164 = ORIENTED_EDGE('',*,*,#10165,.T.);
#10165 = EDGE_CURVE('',#8049,#7095,#10166,.T.);
#10166 = LINE('',#10167,#10168);
#10167 = CARTESIAN_POINT('',(7.933971950245,-64.54821581788,-2.));
#10168 = VECTOR('',#10169,1.);
#10169 = DIRECTION('',(-0.692740971423,-0.14180954309,-0.707106781187));
#10170 = ORIENTED_EDGE('',*,*,#7094,.T.);
#10171 = CONICAL_SURFACE('',#10172,2.75,0.785398163397);
#10172 = AXIS2_PLACEMENT_3D('',#10173,#10174,#10175);
#10173 = CARTESIAN_POINT('',(4.75,-65.2,-2.5));
#10174 = DIRECTION('',(0.,0.,1.));
#10175 = DIRECTION('',(1.,0.,0.));
#10176 = ADVANCED_FACE('',(#10177),#10208,.T.);
#10177 = FACE_BOUND('',#10178,.T.);
#10178 = EDGE_LOOP('',(#10179,#10200,#10206,#10207));
#10179 = ORIENTED_EDGE('',*,*,#10180,.F.);
#10180 = EDGE_CURVE('',#10181,#8049,#10183,.T.);
#10181 = VERTEX_POINT('',#10182);
#10182 = CARTESIAN_POINT('',(4.75,-68.4294117647,-2.020588235294));
#10183 = B_SPLINE_CURVE_WITH_KNOTS('',3,(#10184,#10185,#10186,#10187,
    #10188,#10189,#10190,#10191,#10192,#10193,#10194,#10195,#10196,
    #10197,#10198,#10199),.UNSPECIFIED.,.F.,.F.,(4,2,2,2,2,2,2,4),(0.,
    0.113115288143,0.19424472204,0.241289598453,0.279657920074,
    0.322370332551,0.389709163849,0.537195871707),.UNSPECIFIED.);
#10184 = CARTESIAN_POINT('',(4.75,-68.4294117647,-2.020588235294));
#10185 = CARTESIAN_POINT('',(5.039864175032,-68.25890342645,
    -2.191096573548));
#10186 = CARTESIAN_POINT('',(5.332673975851,-68.06657532207,
    -2.344398418926));
#10187 = CARTESIAN_POINT('',(5.820713535032,-67.69177657214,
    -2.548776236631));
#10188 = CARTESIAN_POINT('',(6.020152030858,-67.52190499582,
    -2.616541317183));
#10189 = CARTESIAN_POINT('',(6.3238270544,-67.22858740425,
    -2.687041900604));
#10190 = CARTESIAN_POINT('',(6.431898659606,-67.11655153635,
    -2.704918488108));
#10191 = CARTESIAN_POINT('',(6.621751385396,-66.90431948085,
    -2.721788522403));
#10192 = CARTESIAN_POINT('',(6.70403850686,-66.80649626687,
    -2.723597630895));
#10193 = CARTESIAN_POINT('',(6.871838922235,-66.59413433526,
    -2.715142570091));
#10194 = CARTESIAN_POINT('',(6.955898073369,-66.47992446212,
    -2.703526576714));
#10195 = CARTESIAN_POINT('',(7.1621611487,-66.17946837307,
    -2.655968635994));
#10196 = CARTESIAN_POINT('',(7.27671015101,-65.99213168762,
    -2.610250049485));
#10197 = CARTESIAN_POINT('',(7.61030605744,-65.38624167754,
    -2.420234790191));
#10198 = CARTESIAN_POINT('',(7.789763493825,-64.96056253622,
    -2.223974384244));
#10199 = CARTESIAN_POINT('',(7.933971950245,-64.54821581788,-2.));
#10200 = ORIENTED_EDGE('',*,*,#10201,.F.);
#10201 = EDGE_CURVE('',#7104,#10181,#10202,.T.);
#10202 = LINE('',#10203,#10204);
#10203 = CARTESIAN_POINT('',(4.75,-67.45,-3.));
#10204 = VECTOR('',#10205,1.);
#10205 = DIRECTION('',(0.,-0.707106781187,0.707106781187));
#10206 = ORIENTED_EDGE('',*,*,#7103,.T.);
#10207 = ORIENTED_EDGE('',*,*,#10165,.F.);
#10208 = B_SPLINE_SURFACE_WITH_KNOTS('',3,3,(
    (#10209,#10210,#10211,#10212,#10213,#10214)
    ,(#10215,#10216,#10217,#10218,#10219,#10220)
    ,(#10221,#10222,#10223,#10224,#10225,#10226)
    ,(#10227,#10228,#10229,#10230,#10231,#10232
  )),.UNSPECIFIED.,.F.,.F.,.F.,(4,4),(4,1,1,4),(0.,1.),(-1.570796326795,
    -0.811061507172,-0.304571627424,0.201918252324),.UNSPECIFIED.);
#10209 = CARTESIAN_POINT('',(4.75,-68.45,-2.));
#10210 = CARTESIAN_POINT('',(5.573046054591,-68.45,-2.));
#10211 = CARTESIAN_POINT('',(6.936838250667,-67.90183771089,-2.));
#10212 = CARTESIAN_POINT('',(7.985041514107,-66.21510556046,-2.));
#10213 = CARTESIAN_POINT('',(8.044012647585,-65.08576567461,-2.));
#10214 = CARTESIAN_POINT('',(7.933971950245,-64.54821581788,-2.));
#10215 = CARTESIAN_POINT('',(4.75,-68.11666666666,-2.333333333333));
#10216 = CARTESIAN_POINT('',(5.488631074633,-68.11666666666,
    -2.333333333333));
#10217 = CARTESIAN_POINT('',(6.712547148035,-67.6247261508,
    -2.333333333333));
#10218 = CARTESIAN_POINT('',(7.653242384455,-66.11099216964,
    -2.333333333333));
#10219 = CARTESIAN_POINT('',(7.706165196551,-65.09748201568,
    -2.333333333333));
#10220 = CARTESIAN_POINT('',(7.607410724579,-64.61506547758,
    -2.333333333333));
#10221 = CARTESIAN_POINT('',(4.75,-67.78333333333,-2.666666666667));
#10222 = CARTESIAN_POINT('',(5.404216094675,-67.78333333333,
    -2.666666666667));
#10223 = CARTESIAN_POINT('',(6.488256045402,-67.34761459071,
    -2.666666666667));
#10224 = CARTESIAN_POINT('',(7.321443254803,-66.00687877882,
    -2.666666666667));
#10225 = CARTESIAN_POINT('',(7.368317745516,-65.10919835674,
    -2.666666666667));
#10226 = CARTESIAN_POINT('',(7.280849498912,-64.68191513729,
    -2.666666666667));
#10227 = CARTESIAN_POINT('',(4.75,-67.45,-3.));
#10228 = CARTESIAN_POINT('',(5.319801114717,-67.45,-3.));
#10229 = CARTESIAN_POINT('',(6.26396494277,-67.07050303061,-3.));
#10230 = CARTESIAN_POINT('',(6.989644125151,-65.90276538801,-3.));
#10231 = CARTESIAN_POINT('',(7.030470294482,-65.12091469781,-3.));
#10232 = CARTESIAN_POINT('',(6.954288273246,-64.74876479699,-3.));
#10233 = ADVANCED_FACE('',(#10234),#10253,.T.);
#10234 = FACE_BOUND('',#10235,.T.);
#10235 = EDGE_LOOP('',(#10236,#10242,#10243,#10244,#10245,#10252));
#10236 = ORIENTED_EDGE('',*,*,#10237,.F.);
#10237 = EDGE_CURVE('',#7131,#7993,#10238,.T.);
#10238 = LINE('',#10239,#10240);
#10239 = CARTESIAN_POINT('',(-2.272916666667,-64.17708333333,
    -6.272916666667));
#10240 = VECTOR('',#10241,1.);
#10241 = DIRECTION('',(0.57735026919,-0.57735026919,0.57735026919));
#10242 = ORIENTED_EDGE('',*,*,#7130,.T.);
#10243 = ORIENTED_EDGE('',*,*,#7156,.T.);
#10244 = ORIENTED_EDGE('',*,*,#10201,.T.);
#10245 = ORIENTED_EDGE('',*,*,#10246,.F.);
#10246 = EDGE_CURVE('',#8016,#10181,#10247,.T.);
#10247 = B_SPLINE_CURVE_WITH_KNOTS('',3,(#10248,#10249,#10250,#10251),
  .UNSPECIFIED.,.F.,.F.,(4,4),(0.,4.548747522415E-03),
  .PIECEWISE_BEZIER_KNOTS.);
#10248 = CARTESIAN_POINT('',(4.715050893336,-68.45,-2.));
#10249 = CARTESIAN_POINT('',(4.726693429929,-68.44313150316,
    -2.006868496832));
#10250 = CARTESIAN_POINT('',(4.738343134294,-68.43626874453,
    -2.013731255467));
#10251 = CARTESIAN_POINT('',(4.750000000003,-68.4294117647,
    -2.020588235292));
#10252 = ORIENTED_EDGE('',*,*,#8023,.T.);
#10253 = PLANE('',#10254);
#10254 = AXIS2_PLACEMENT_3D('',#10255,#10256,#10257);
#10255 = CARTESIAN_POINT('',(21.3125,-67.95,-2.5));
#10256 = DIRECTION('',(0.,-0.707106781187,-0.707106781187));
#10257 = DIRECTION('',(-1.,0.,0.));
#10258 = ADVANCED_FACE('',(#10259),#10271,.T.);
#10259 = FACE_BOUND('',#10260,.T.);
#10260 = EDGE_LOOP('',(#10261,#10262,#10268,#10269,#10270));
#10261 = ORIENTED_EDGE('',*,*,#8000,.F.);
#10262 = ORIENTED_EDGE('',*,*,#10263,.T.);
#10263 = EDGE_CURVE('',#7961,#7172,#10264,.T.);
#10264 = LINE('',#10265,#10266);
#10265 = CARTESIAN_POINT('',(2.,-98.,-2.));
#10266 = VECTOR('',#10267,1.);
#10267 = DIRECTION('',(-0.57735026919,-0.57735026919,-0.57735026919));
#10268 = ORIENTED_EDGE('',*,*,#7171,.T.);
#10269 = ORIENTED_EDGE('',*,*,#7140,.F.);
#10270 = ORIENTED_EDGE('',*,*,#10237,.T.);
#10271 = PLANE('',#10272);
#10272 = AXIS2_PLACEMENT_3D('',#10273,#10274,#10275);
#10273 = CARTESIAN_POINT('',(1.,-26.5,-3.));
#10274 = DIRECTION('',(0.707106781187,0.,-0.707106781187));
#10275 = DIRECTION('',(-0.707106781187,0.,-0.707106781187));
#10276 = ADVANCED_FACE('',(#10277),#10288,.T.);
#10277 = FACE_BOUND('',#10278,.T.);
#10278 = EDGE_LOOP('',(#10279,#10280,#10286,#10287));
#10279 = ORIENTED_EDGE('',*,*,#7968,.T.);
#10280 = ORIENTED_EDGE('',*,*,#10281,.F.);
#10281 = EDGE_CURVE('',#7196,#7969,#10282,.T.);
#10282 = LINE('',#10283,#10284);
#10283 = CARTESIAN_POINT('',(6.,-100.,-4.));
#10284 = VECTOR('',#10285,1.);
#10285 = DIRECTION('',(0.,0.707106781187,0.707106781187));
#10286 = ORIENTED_EDGE('',*,*,#7195,.T.);
#10287 = ORIENTED_EDGE('',*,*,#10263,.F.);
#10288 = PLANE('',#10289);
#10289 = AXIS2_PLACEMENT_3D('',#10290,#10291,#10292);
#10290 = CARTESIAN_POINT('',(18.9375,-99.,-3.));
#10291 = DIRECTION('',(0.,0.707106781187,-0.707106781187));
#10292 = DIRECTION('',(-1.,0.,0.));
#10293 = ADVANCED_FACE('',(#10294,#10297),#10308,.F.);
#10294 = FACE_BOUND('',#10295,.T.);
#10295 = EDGE_LOOP('',(#10296));
#10296 = ORIENTED_EDGE('',*,*,#7219,.T.);
#10297 = FACE_BOUND('',#10298,.T.);
#10298 = EDGE_LOOP('',(#10299));
#10299 = ORIENTED_EDGE('',*,*,#10300,.F.);
#10300 = EDGE_CURVE('',#10301,#10301,#10303,.T.);
#10301 = VERTEX_POINT('',#10302);
#10302 = CARTESIAN_POINT('',(4.6,-102.5,-8.4));
#10303 = CIRCLE('',#10304,1.4);
#10304 = AXIS2_PLACEMENT_3D('',#10305,#10306,#10307);
#10305 = CARTESIAN_POINT('',(6.,-102.5,-8.4));
#10306 = DIRECTION('',(0.,0.,-1.));
#10307 = DIRECTION('',(1.,0.,0.));
#10308 = PLANE('',#10309);
#10309 = AXIS2_PLACEMENT_3D('',#10310,#10311,#10312);
#10310 = CARTESIAN_POINT('',(6.,-102.5,-8.4));
#10311 = DIRECTION('',(0.,0.,1.));
#10312 = DIRECTION('',(1.,0.,0.));
#10313 = ADVANCED_FACE('',(#10314),#10328,.T.);
#10314 = FACE_BOUND('',#10315,.T.);
#10315 = EDGE_LOOP('',(#10316,#10317,#10318,#10324,#10325,#10326,#10327)
  );
#10316 = ORIENTED_EDGE('',*,*,#8675,.F.);
#10317 = ORIENTED_EDGE('',*,*,#8640,.T.);
#10318 = ORIENTED_EDGE('',*,*,#10319,.F.);
#10319 = EDGE_CURVE('',#7237,#8609,#10320,.T.);
#10320 = LINE('',#10321,#10322);
#10321 = CARTESIAN_POINT('',(8.5,-102.5,-4.));
#10322 = VECTOR('',#10323,1.);
#10323 = DIRECTION('',(0.707106781187,0.,0.707106781187));
#10324 = ORIENTED_EDGE('',*,*,#7236,.T.);
#10325 = ORIENTED_EDGE('',*,*,#10281,.T.);
#10326 = ORIENTED_EDGE('',*,*,#8777,.T.);
#10327 = ORIENTED_EDGE('',*,*,#8752,.F.);
#10328 = CONICAL_SURFACE('',#10329,3.5,0.785398163397);
#10329 = AXIS2_PLACEMENT_3D('',#10330,#10331,#10332);
#10330 = CARTESIAN_POINT('',(6.,-102.5,-3.));
#10331 = DIRECTION('',(0.,0.,1.));
#10332 = DIRECTION('',(1.,0.,0.));
#10333 = ADVANCED_FACE('',(#10334),#10345,.T.);
#10334 = FACE_BOUND('',#10335,.T.);
#10335 = EDGE_LOOP('',(#10336,#10337,#10338,#10339));
#10336 = ORIENTED_EDGE('',*,*,#7261,.T.);
#10337 = ORIENTED_EDGE('',*,*,#10319,.T.);
#10338 = ORIENTED_EDGE('',*,*,#8616,.T.);
#10339 = ORIENTED_EDGE('',*,*,#10340,.T.);
#10340 = EDGE_CURVE('',#8585,#7262,#10341,.T.);
#10341 = LINE('',#10342,#10343);
#10342 = CARTESIAN_POINT('',(10.5,-104.,-2.));
#10343 = VECTOR('',#10344,1.);
#10344 = DIRECTION('',(-0.57735026919,-0.57735026919,-0.57735026919));
#10345 = PLANE('',#10346);
#10346 = AXIS2_PLACEMENT_3D('',#10347,#10348,#10349);
#10347 = CARTESIAN_POINT('',(9.5,-77.75,-3.));
#10348 = DIRECTION('',(0.707106781187,0.,-0.707106781187));
#10349 = DIRECTION('',(-0.707106781187,0.,-0.707106781187));
#10350 = ADVANCED_FACE('',(#10351),#10362,.T.);
#10351 = FACE_BOUND('',#10352,.T.);
#10352 = EDGE_LOOP('',(#10353,#10354,#10360,#10361));
#10353 = ORIENTED_EDGE('',*,*,#8592,.T.);
#10354 = ORIENTED_EDGE('',*,*,#10355,.T.);
#10355 = EDGE_CURVE('',#8561,#7286,#10356,.T.);
#10356 = LINE('',#10357,#10358);
#10357 = CARTESIAN_POINT('',(65.25,-104.,-2.));
#10358 = VECTOR('',#10359,1.);
#10359 = DIRECTION('',(0.57735026919,-0.57735026919,-0.57735026919));
#10360 = ORIENTED_EDGE('',*,*,#7285,.T.);
#10361 = ORIENTED_EDGE('',*,*,#10340,.F.);
#10362 = PLANE('',#10363);
#10363 = AXIS2_PLACEMENT_3D('',#10364,#10365,#10366);
#10364 = CARTESIAN_POINT('',(18.9375,-105.,-3.));
#10365 = DIRECTION('',(0.,0.707106781187,-0.707106781187));
#10366 = DIRECTION('',(-1.,0.,0.));
#10367 = ADVANCED_FACE('',(#10368),#10379,.T.);
#10368 = FACE_BOUND('',#10369,.T.);
#10369 = EDGE_LOOP('',(#10370,#10371,#10377,#10378));
#10370 = ORIENTED_EDGE('',*,*,#8568,.T.);
#10371 = ORIENTED_EDGE('',*,*,#10372,.T.);
#10372 = EDGE_CURVE('',#8536,#7310,#10373,.T.);
#10373 = LINE('',#10374,#10375);
#10374 = CARTESIAN_POINT('',(65.25,-102.5,-2.));
#10375 = VECTOR('',#10376,1.);
#10376 = DIRECTION('',(0.707106781187,0.,-0.707106781187));
#10377 = ORIENTED_EDGE('',*,*,#7309,.T.);
#10378 = ORIENTED_EDGE('',*,*,#10355,.F.);
#10379 = PLANE('',#10380);
#10380 = AXIS2_PLACEMENT_3D('',#10381,#10382,#10383);
#10381 = CARTESIAN_POINT('',(66.25,-79.5,-3.));
#10382 = DIRECTION('',(-0.707106781187,0.,-0.707106781187));
#10383 = DIRECTION('',(-0.707106781187,0.,0.707106781187));
#10384 = ADVANCED_FACE('',(#10385,#10388),#10399,.F.);
#10385 = FACE_BOUND('',#10386,.T.);
#10386 = EDGE_LOOP('',(#10387));
#10387 = ORIENTED_EDGE('',*,*,#7333,.T.);
#10388 = FACE_BOUND('',#10389,.T.);
#10389 = EDGE_LOOP('',(#10390));
#10390 = ORIENTED_EDGE('',*,*,#10391,.F.);
#10391 = EDGE_CURVE('',#10392,#10392,#10394,.T.);
#10392 = VERTEX_POINT('',#10393);
#10393 = CARTESIAN_POINT('',(68.35,-102.5,-8.4));
#10394 = CIRCLE('',#10395,1.4);
#10395 = AXIS2_PLACEMENT_3D('',#10396,#10397,#10398);
#10396 = CARTESIAN_POINT('',(69.75,-102.5,-8.4));
#10397 = DIRECTION('',(0.,0.,-1.));
#10398 = DIRECTION('',(1.,0.,0.));
#10399 = PLANE('',#10400);
#10400 = AXIS2_PLACEMENT_3D('',#10401,#10402,#10403);
#10401 = CARTESIAN_POINT('',(69.75,-102.5,-8.4));
#10402 = DIRECTION('',(0.,0.,1.));
#10403 = DIRECTION('',(1.,0.,0.));
#10404 = ADVANCED_FACE('',(#10405),#10419,.T.);
#10405 = FACE_BOUND('',#10406,.T.);
#10406 = EDGE_LOOP('',(#10407,#10408,#10409,#10415,#10416,#10417,#10418)
  );
#10407 = ORIENTED_EDGE('',*,*,#8434,.F.);
#10408 = ORIENTED_EDGE('',*,*,#8399,.T.);
#10409 = ORIENTED_EDGE('',*,*,#10410,.T.);
#10410 = EDGE_CURVE('',#8368,#7350,#10411,.T.);
#10411 = LINE('',#10412,#10413);
#10412 = CARTESIAN_POINT('',(69.75,-98.,-2.));
#10413 = VECTOR('',#10414,1.);
#10414 = DIRECTION('',(0.,-0.707106781187,-0.707106781187));
#10415 = ORIENTED_EDGE('',*,*,#7349,.T.);
#10416 = ORIENTED_EDGE('',*,*,#10372,.F.);
#10417 = ORIENTED_EDGE('',*,*,#8543,.T.);
#10418 = ORIENTED_EDGE('',*,*,#8511,.F.);
#10419 = CONICAL_SURFACE('',#10420,3.5,0.785398163397);
#10420 = AXIS2_PLACEMENT_3D('',#10421,#10422,#10423);
#10421 = CARTESIAN_POINT('',(69.75,-102.5,-3.));
#10422 = DIRECTION('',(0.,0.,1.));
#10423 = DIRECTION('',(-1.,0.,0.));
#10424 = ADVANCED_FACE('',(#10425),#10436,.T.);
#10425 = FACE_BOUND('',#10426,.T.);
#10426 = EDGE_LOOP('',(#10427,#10428,#10429,#10430));
#10427 = ORIENTED_EDGE('',*,*,#7374,.T.);
#10428 = ORIENTED_EDGE('',*,*,#10410,.F.);
#10429 = ORIENTED_EDGE('',*,*,#8375,.T.);
#10430 = ORIENTED_EDGE('',*,*,#10431,.T.);
#10431 = EDGE_CURVE('',#8344,#7375,#10432,.T.);
#10432 = LINE('',#10433,#10434);
#10433 = CARTESIAN_POINT('',(73.75,-98.,-2.));
#10434 = VECTOR('',#10435,1.);
#10435 = DIRECTION('',(0.57735026919,-0.57735026919,-0.57735026919));
#10436 = PLANE('',#10437);
#10437 = AXIS2_PLACEMENT_3D('',#10438,#10439,#10440);
#10438 = CARTESIAN_POINT('',(53.8125,-99.,-3.));
#10439 = DIRECTION('',(0.,0.707106781187,-0.707106781187));
#10440 = DIRECTION('',(-1.,0.,0.));
#10441 = ADVANCED_FACE('',(#10442),#10454,.T.);
#10442 = FACE_BOUND('',#10443,.T.);
#10443 = EDGE_LOOP('',(#10444,#10445,#10451,#10452,#10453));
#10444 = ORIENTED_EDGE('',*,*,#8351,.F.);
#10445 = ORIENTED_EDGE('',*,*,#10446,.T.);
#10446 = EDGE_CURVE('',#8320,#7425,#10447,.T.);
#10447 = LINE('',#10448,#10449);
#10448 = CARTESIAN_POINT('',(69.585416666667,-72.61458333333,
    2.164583333333));
#10449 = VECTOR('',#10450,1.);
#10450 = DIRECTION('',(0.57735026919,0.57735026919,-0.57735026919));
#10451 = ORIENTED_EDGE('',*,*,#7440,.F.);
#10452 = ORIENTED_EDGE('',*,*,#7398,.T.);
#10453 = ORIENTED_EDGE('',*,*,#10431,.F.);
#10454 = PLANE('',#10455);
#10455 = AXIS2_PLACEMENT_3D('',#10456,#10457,#10458);
#10456 = CARTESIAN_POINT('',(74.75,-79.5,-3.));
#10457 = DIRECTION('',(-0.707106781187,0.,-0.707106781187));
#10458 = DIRECTION('',(-0.707106781187,0.,0.707106781187));
#10459 = ADVANCED_FACE('',(#10460),#10471,.T.);
#10460 = FACE_BOUND('',#10461,.T.);
#10461 = EDGE_LOOP('',(#10462,#10463,#10464,#10470));
#10462 = ORIENTED_EDGE('',*,*,#10446,.F.);
#10463 = ORIENTED_EDGE('',*,*,#8327,.T.);
#10464 = ORIENTED_EDGE('',*,*,#10465,.F.);
#10465 = EDGE_CURVE('',#7423,#8295,#10466,.T.);
#10466 = LINE('',#10467,#10468);
#10467 = CARTESIAN_POINT('',(71.,-67.45,-3.));
#10468 = VECTOR('',#10469,1.);
#10469 = DIRECTION('',(0.,-0.707106781187,0.707106781187));
#10470 = ORIENTED_EDGE('',*,*,#7422,.T.);
#10471 = PLANE('',#10472);
#10472 = AXIS2_PLACEMENT_3D('',#10473,#10474,#10475);
#10473 = CARTESIAN_POINT('',(56.8125,-67.95,-2.5));
#10474 = DIRECTION('',(0.,-0.707106781187,-0.707106781187));
#10475 = DIRECTION('',(-1.,0.,0.));
#10476 = ADVANCED_FACE('',(#10477,#10480),#10491,.F.);
#10477 = FACE_BOUND('',#10478,.T.);
#10478 = EDGE_LOOP('',(#10479));
#10479 = ORIENTED_EDGE('',*,*,#7454,.T.);
#10480 = FACE_BOUND('',#10481,.T.);
#10481 = EDGE_LOOP('',(#10482));
#10482 = ORIENTED_EDGE('',*,*,#10483,.F.);
#10483 = EDGE_CURVE('',#10484,#10484,#10486,.T.);
#10484 = VERTEX_POINT('',#10485);
#10485 = CARTESIAN_POINT('',(69.6,-65.2,-8.2));
#10486 = CIRCLE('',#10487,1.4);
#10487 = AXIS2_PLACEMENT_3D('',#10488,#10489,#10490);
#10488 = CARTESIAN_POINT('',(71.,-65.2,-8.2));
#10489 = DIRECTION('',(0.,0.,-1.));
#10490 = DIRECTION('',(1.,0.,0.));
#10491 = PLANE('',#10492);
#10492 = AXIS2_PLACEMENT_3D('',#10493,#10494,#10495);
#10493 = CARTESIAN_POINT('',(71.,-65.2,-8.2));
#10494 = DIRECTION('',(0.,0.,1.));
#10495 = DIRECTION('',(1.,0.,0.));
#10496 = ADVANCED_FACE('',(#10497),#10509,.T.);
#10497 = FACE_BOUND('',#10498,.T.);
#10498 = EDGE_LOOP('',(#10499,#10500,#10501,#10507,#10508));
#10499 = ORIENTED_EDGE('',*,*,#10465,.T.);
#10500 = ORIENTED_EDGE('',*,*,#8302,.T.);
#10501 = ORIENTED_EDGE('',*,*,#10502,.T.);
#10502 = EDGE_CURVE('',#8271,#7472,#10503,.T.);
#10503 = LINE('',#10504,#10505);
#10504 = CARTESIAN_POINT('',(71.,-61.95,-2.));
#10505 = VECTOR('',#10506,1.);
#10506 = DIRECTION('',(0.,-0.707106781187,-0.707106781187));
#10507 = ORIENTED_EDGE('',*,*,#7471,.T.);
#10508 = ORIENTED_EDGE('',*,*,#7488,.T.);
#10509 = CONICAL_SURFACE('',#10510,2.75,0.785398163397);
#10510 = AXIS2_PLACEMENT_3D('',#10511,#10512,#10513);
#10511 = CARTESIAN_POINT('',(71.,-65.2,-2.5));
#10512 = DIRECTION('',(0.,0.,1.));
#10513 = DIRECTION('',(-1.,0.,0.));
#10514 = ADVANCED_FACE('',(#10515),#10521,.T.);
#10515 = FACE_BOUND('',#10516,.T.);
#10516 = EDGE_LOOP('',(#10517,#10518,#10519,#10520));
#10517 = ORIENTED_EDGE('',*,*,#7504,.T.);
#10518 = ORIENTED_EDGE('',*,*,#10502,.F.);
#10519 = ORIENTED_EDGE('',*,*,#8278,.T.);
#10520 = ORIENTED_EDGE('',*,*,#9937,.T.);
#10521 = PLANE('',#10522);
#10522 = AXIS2_PLACEMENT_3D('',#10523,#10524,#10525);
#10523 = CARTESIAN_POINT('',(54.4375,-62.45,-2.5));
#10524 = DIRECTION('',(0.,0.707106781187,-0.707106781187));
#10525 = DIRECTION('',(-1.,0.,0.));
#10526 = ADVANCED_FACE('',(#10527),#10545,.T.);
#10527 = FACE_BOUND('',#10528,.T.);
#10528 = EDGE_LOOP('',(#10529,#10530,#10531,#10532,#10533,#10539));
#10529 = ORIENTED_EDGE('',*,*,#9895,.F.);
#10530 = ORIENTED_EDGE('',*,*,#9880,.T.);
#10531 = ORIENTED_EDGE('',*,*,#9955,.F.);
#10532 = ORIENTED_EDGE('',*,*,#7600,.F.);
#10533 = ORIENTED_EDGE('',*,*,#10534,.F.);
#10534 = EDGE_CURVE('',#9604,#7593,#10535,.T.);
#10535 = LINE('',#10536,#10537);
#10536 = CARTESIAN_POINT('',(6.,-28.875,-2.));
#10537 = VECTOR('',#10538,1.);
#10538 = DIRECTION('',(0.,1.,0.));
#10539 = ORIENTED_EDGE('',*,*,#10540,.F.);
#10540 = EDGE_CURVE('',#9669,#9604,#10541,.T.);
#10541 = LINE('',#10542,#10543);
#10542 = CARTESIAN_POINT('',(6.,-28.875,-2.));
#10543 = VECTOR('',#10544,1.);
#10544 = DIRECTION('',(0.,1.,0.));
#10545 = PLANE('',#10546);
#10546 = AXIS2_PLACEMENT_3D('',#10547,#10548,#10549);
#10547 = CARTESIAN_POINT('',(6.,-4.75,0.));
#10548 = DIRECTION('',(1.,0.,0.));
#10549 = DIRECTION('',(0.,-1.,0.));
#10550 = ADVANCED_FACE('',(#10551),#10557,.T.);
#10551 = FACE_BOUND('',#10552,.T.);
#10552 = EDGE_LOOP('',(#10553,#10554,#10555,#10556));
#10553 = ORIENTED_EDGE('',*,*,#9626,.F.);
#10554 = ORIENTED_EDGE('',*,*,#10534,.T.);
#10555 = ORIENTED_EDGE('',*,*,#7592,.T.);
#10556 = ORIENTED_EDGE('',*,*,#9643,.T.);
#10557 = PLANE('',#10558);
#10558 = AXIS2_PLACEMENT_3D('',#10559,#10560,#10561);
#10559 = CARTESIAN_POINT('',(40.875,-29.9,-2.));
#10560 = DIRECTION('',(-0.,-0.,-1.));
#10561 = DIRECTION('',(-1.,0.,0.));
#10562 = ADVANCED_FACE('',(#10563),#10597,.T.);
#10563 = FACE_BOUND('',#10564,.T.);
#10564 = EDGE_LOOP('',(#10565,#10573,#10574,#10582,#10590));
#10565 = ORIENTED_EDGE('',*,*,#10566,.F.);
#10566 = EDGE_CURVE('',#7649,#10567,#10569,.T.);
#10567 = VERTEX_POINT('',#10568);
#10568 = CARTESIAN_POINT('',(22.4,-62.67422034639,-2.1));
#10569 = LINE('',#10570,#10571);
#10570 = CARTESIAN_POINT('',(22.4,-73.2,-2.1));
#10571 = VECTOR('',#10572,1.);
#10572 = DIRECTION('',(0.,1.,0.));
#10573 = ORIENTED_EDGE('',*,*,#7648,.T.);
#10574 = ORIENTED_EDGE('',*,*,#10575,.T.);
#10575 = EDGE_CURVE('',#7651,#10576,#10578,.T.);
#10576 = VERTEX_POINT('',#10577);
#10577 = CARTESIAN_POINT('',(22.4,-63.67021435021,-4.));
#10578 = LINE('',#10579,#10580);
#10579 = CARTESIAN_POINT('',(22.4,-74.15,-4.));
#10580 = VECTOR('',#10581,1.);
#10581 = DIRECTION('',(0.,1.,0.));
#10582 = ORIENTED_EDGE('',*,*,#10583,.F.);
#10583 = EDGE_CURVE('',#10584,#10576,#10586,.T.);
#10584 = VERTEX_POINT('',#10585);
#10585 = CARTESIAN_POINT('',(22.4,-63.67021435021,-3.));
#10586 = LINE('',#10587,#10588);
#10587 = CARTESIAN_POINT('',(22.4,-63.67021435021,0.));
#10588 = VECTOR('',#10589,1.);
#10589 = DIRECTION('',(0.,0.,-1.));
#10590 = ORIENTED_EDGE('',*,*,#10591,.F.);
#10591 = EDGE_CURVE('',#10567,#10584,#10592,.T.);
#10592 = HYPERBOLA('',#10593,5.65,5.65);
#10593 = AXIS2_PLACEMENT_3D('',#10594,#10595,#10596);
#10594 = CARTESIAN_POINT('',(22.4,-75.1,-15.75));
#10595 = DIRECTION('',(1.,0.,-0.));
#10596 = DIRECTION('',(0.,0.,1.));
#10597 = PLANE('',#10598);
#10598 = AXIS2_PLACEMENT_3D('',#10599,#10600,#10601);
#10599 = CARTESIAN_POINT('',(22.4,-73.2,-12.1));
#10600 = DIRECTION('',(1.,0.,0.));
#10601 = DIRECTION('',(0.,0.,1.));
#10602 = ADVANCED_FACE('',(#10603),#10622,.F.);
#10603 = FACE_BOUND('',#10604,.F.);
#10604 = EDGE_LOOP('',(#10605,#10606,#10607,#10615));
#10605 = ORIENTED_EDGE('',*,*,#10566,.F.);
#10606 = ORIENTED_EDGE('',*,*,#7658,.T.);
#10607 = ORIENTED_EDGE('',*,*,#10608,.T.);
#10608 = EDGE_CURVE('',#7659,#10609,#10611,.T.);
#10609 = VERTEX_POINT('',#10610);
#10610 = CARTESIAN_POINT('',(30.267118775834,-73.2,-2.1));
#10611 = LINE('',#10612,#10613);
#10612 = CARTESIAN_POINT('',(22.4,-73.2,-2.1));
#10613 = VECTOR('',#10614,1.);
#10614 = DIRECTION('',(1.,0.,0.));
#10615 = ORIENTED_EDGE('',*,*,#10616,.T.);
#10616 = EDGE_CURVE('',#10609,#10567,#10617,.T.);
#10617 = CIRCLE('',#10618,13.65);
#10618 = AXIS2_PLACEMENT_3D('',#10619,#10620,#10621);
#10619 = CARTESIAN_POINT('',(16.75,-75.1,-2.1));
#10620 = DIRECTION('',(0.,0.,1.));
#10621 = DIRECTION('',(1.,0.,0.));
#10622 = PLANE('',#10623);
#10623 = AXIS2_PLACEMENT_3D('',#10624,#10625,#10626);
#10624 = CARTESIAN_POINT('',(22.4,-73.2,-2.1));
#10625 = DIRECTION('',(0.,0.,1.));
#10626 = DIRECTION('',(1.,0.,0.));
#10627 = ADVANCED_FACE('',(#10628),#10655,.T.);
#10628 = FACE_BOUND('',#10629,.T.);
#10629 = EDGE_LOOP('',(#10630,#10631,#10632,#10641,#10649));
#10630 = ORIENTED_EDGE('',*,*,#7667,.F.);
#10631 = ORIENTED_EDGE('',*,*,#10608,.T.);
#10632 = ORIENTED_EDGE('',*,*,#10633,.F.);
#10633 = EDGE_CURVE('',#10634,#10609,#10636,.T.);
#10634 = VERTEX_POINT('',#10635);
#10635 = CARTESIAN_POINT('',(29.357636574711,-73.2,-3.));
#10636 = HYPERBOLA('',#10637,1.9,1.9);
#10637 = AXIS2_PLACEMENT_3D('',#10638,#10639,#10640);
#10638 = CARTESIAN_POINT('',(16.75,-73.2,-15.75));
#10639 = DIRECTION('',(0.,1.,0.));
#10640 = DIRECTION('',(0.,0.,1.));
#10641 = ORIENTED_EDGE('',*,*,#10642,.T.);
#10642 = EDGE_CURVE('',#10634,#10643,#10645,.T.);
#10643 = VERTEX_POINT('',#10644);
#10644 = CARTESIAN_POINT('',(29.357636574711,-73.2,-4.));
#10645 = LINE('',#10646,#10647);
#10646 = CARTESIAN_POINT('',(29.357636574711,-73.2,0.));
#10647 = VECTOR('',#10648,1.);
#10648 = DIRECTION('',(0.,0.,-1.));
#10649 = ORIENTED_EDGE('',*,*,#10650,.T.);
#10650 = EDGE_CURVE('',#10643,#7668,#10651,.T.);
#10651 = LINE('',#10652,#10653);
#10652 = CARTESIAN_POINT('',(19.575,-73.2,-4.));
#10653 = VECTOR('',#10654,1.);
#10654 = DIRECTION('',(-1.,0.,0.));
#10655 = PLANE('',#10656);
#10656 = AXIS2_PLACEMENT_3D('',#10657,#10658,#10659);
#10657 = CARTESIAN_POINT('',(22.4,-73.2,-12.1));
#10658 = DIRECTION('',(0.,1.,0.));
#10659 = DIRECTION('',(0.,0.,1.));
#10660 = ADVANCED_FACE('',(#10661),#10683,.F.);
#10661 = FACE_BOUND('',#10662,.F.);
#10662 = EDGE_LOOP('',(#10663,#10672,#10679,#10680,#10681,#10682));
#10663 = ORIENTED_EDGE('',*,*,#10664,.F.);
#10664 = EDGE_CURVE('',#10665,#10576,#10667,.T.);
#10665 = VERTEX_POINT('',#10666);
#10666 = CARTESIAN_POINT('',(4.,-75.1,-4.));
#10667 = CIRCLE('',#10668,12.75);
#10668 = AXIS2_PLACEMENT_3D('',#10669,#10670,#10671);
#10669 = CARTESIAN_POINT('',(16.75,-75.1,-4.));
#10670 = DIRECTION('',(0.,0.,-1.));
#10671 = DIRECTION('',(1.,0.,0.));
#10672 = ORIENTED_EDGE('',*,*,#10673,.F.);
#10673 = EDGE_CURVE('',#10643,#10665,#10674,.T.);
#10674 = CIRCLE('',#10675,12.75);
#10675 = AXIS2_PLACEMENT_3D('',#10676,#10677,#10678);
#10676 = CARTESIAN_POINT('',(16.75,-75.1,-4.));
#10677 = DIRECTION('',(0.,0.,-1.));
#10678 = DIRECTION('',(1.,0.,0.));
#10679 = ORIENTED_EDGE('',*,*,#10650,.T.);
#10680 = ORIENTED_EDGE('',*,*,#7675,.F.);
#10681 = ORIENTED_EDGE('',*,*,#7691,.F.);
#10682 = ORIENTED_EDGE('',*,*,#10575,.T.);
#10683 = PLANE('',#10684);
#10684 = AXIS2_PLACEMENT_3D('',#10685,#10686,#10687);
#10685 = CARTESIAN_POINT('',(16.75,-75.1,-4.));
#10686 = DIRECTION('',(0.,0.,1.));
#10687 = DIRECTION('',(1.,0.,0.));
#10688 = ADVANCED_FACE('',(#10689),#10705,.T.);
#10689 = FACE_BOUND('',#10690,.T.);
#10690 = EDGE_LOOP('',(#10691,#10692,#10693,#10694,#10695,#10702,#10703,
    #10704));
#10691 = ORIENTED_EDGE('',*,*,#7782,.T.);
#10692 = ORIENTED_EDGE('',*,*,#9455,.F.);
#10693 = ORIENTED_EDGE('',*,*,#8842,.F.);
#10694 = ORIENTED_EDGE('',*,*,#8819,.T.);
#10695 = ORIENTED_EDGE('',*,*,#10696,.T.);
#10696 = EDGE_CURVE('',#8812,#9041,#10697,.T.);
#10697 = CIRCLE('',#10698,5.);
#10698 = AXIS2_PLACEMENT_3D('',#10699,#10700,#10701);
#10699 = CARTESIAN_POINT('',(58.75,-83.5,-3.));
#10700 = DIRECTION('',(0.,0.,1.));
#10701 = DIRECTION('',(1.,0.,0.));
#10702 = ORIENTED_EDGE('',*,*,#9040,.T.);
#10703 = ORIENTED_EDGE('',*,*,#9021,.T.);
#10704 = ORIENTED_EDGE('',*,*,#7862,.F.);
#10705 = CONICAL_SURFACE('',#10706,5.5,0.785398163397);
#10706 = AXIS2_PLACEMENT_3D('',#10707,#10708,#10709);
#10707 = CARTESIAN_POINT('',(58.75,-83.5,-2.5));
#10708 = DIRECTION('',(0.,0.,1.));
#10709 = DIRECTION('',(1.,0.,0.));
#10710 = ADVANCED_FACE('',(#10711),#10743,.T.);
#10711 = FACE_BOUND('',#10712,.T.);
#10712 = EDGE_LOOP('',(#10713,#10714,#10715,#10716,#10717,#10725,#10732,
    #10733,#10734,#10735,#10742));
#10713 = ORIENTED_EDGE('',*,*,#8039,.T.);
#10714 = ORIENTED_EDGE('',*,*,#10246,.T.);
#10715 = ORIENTED_EDGE('',*,*,#10180,.T.);
#10716 = ORIENTED_EDGE('',*,*,#8048,.F.);
#10717 = ORIENTED_EDGE('',*,*,#10718,.T.);
#10718 = EDGE_CURVE('',#8040,#10719,#10721,.T.);
#10719 = VERTEX_POINT('',#10720);
#10720 = CARTESIAN_POINT('',(4.,-75.1,-3.));
#10721 = LINE('',#10722,#10723);
#10722 = CARTESIAN_POINT('',(3.5,-75.1,-2.5));
#10723 = VECTOR('',#10724,1.);
#10724 = DIRECTION('',(0.707106781187,9.E-17,-0.707106781187));
#10725 = ORIENTED_EDGE('',*,*,#10726,.T.);
#10726 = EDGE_CURVE('',#10719,#10634,#10727,.T.);
#10727 = CIRCLE('',#10728,12.75);
#10728 = AXIS2_PLACEMENT_3D('',#10729,#10730,#10731);
#10729 = CARTESIAN_POINT('',(16.75,-75.1,-3.));
#10730 = DIRECTION('',(0.,0.,1.));
#10731 = DIRECTION('',(1.,0.,0.));
#10732 = ORIENTED_EDGE('',*,*,#10633,.T.);
#10733 = ORIENTED_EDGE('',*,*,#10616,.T.);
#10734 = ORIENTED_EDGE('',*,*,#10591,.T.);
#10735 = ORIENTED_EDGE('',*,*,#10736,.T.);
#10736 = EDGE_CURVE('',#10584,#10719,#10737,.T.);
#10737 = CIRCLE('',#10738,12.75);
#10738 = AXIS2_PLACEMENT_3D('',#10739,#10740,#10741);
#10739 = CARTESIAN_POINT('',(16.75,-75.1,-3.));
#10740 = DIRECTION('',(0.,0.,1.));
#10741 = DIRECTION('',(1.,0.,0.));
#10742 = ORIENTED_EDGE('',*,*,#10718,.F.);
#10743 = CONICAL_SURFACE('',#10744,13.25,0.785398163397);
#10744 = AXIS2_PLACEMENT_3D('',#10745,#10746,#10747);
#10745 = CARTESIAN_POINT('',(16.75,-75.1,-2.5));
#10746 = DIRECTION('',(0.,0.,1.));
#10747 = DIRECTION('',(1.,0.,0.));
#10748 = ADVANCED_FACE('',(#10749),#10774,.T.);
#10749 = FACE_BOUND('',#10750,.T.);
#10750 = EDGE_LOOP('',(#10751,#10761,#10767,#10768));
#10751 = ORIENTED_EDGE('',*,*,#10752,.T.);
#10752 = EDGE_CURVE('',#10753,#10755,#10757,.T.);
#10753 = VERTEX_POINT('',#10754);
#10754 = CARTESIAN_POINT('',(69.05,-98.2,-7.));
#10755 = VERTEX_POINT('',#10756);
#10756 = CARTESIAN_POINT('',(69.05,-94.2,-7.));
#10757 = LINE('',#10758,#10759);
#10758 = CARTESIAN_POINT('',(69.05,-94.95,-7.));
#10759 = VECTOR('',#10760,1.);
#10760 = DIRECTION('',(0.,1.,0.));
#10761 = ORIENTED_EDGE('',*,*,#10762,.T.);
#10762 = EDGE_CURVE('',#10755,#8417,#10763,.T.);
#10763 = LINE('',#10764,#10765);
#10764 = CARTESIAN_POINT('',(69.05,-94.2,-7.));
#10765 = VECTOR('',#10766,1.);
#10766 = DIRECTION('',(0.57735026919,0.57735026919,0.57735026919));
#10767 = ORIENTED_EDGE('',*,*,#8416,.T.);
#10768 = ORIENTED_EDGE('',*,*,#10769,.F.);
#10769 = EDGE_CURVE('',#10753,#8419,#10770,.T.);
#10770 = LINE('',#10771,#10772);
#10771 = CARTESIAN_POINT('',(69.05,-98.2,-7.));
#10772 = VECTOR('',#10773,1.);
#10773 = DIRECTION('',(0.57735026919,-0.57735026919,0.57735026919));
#10774 = PLANE('',#10775);
#10775 = AXIS2_PLACEMENT_3D('',#10776,#10777,#10778);
#10776 = CARTESIAN_POINT('',(69.3,-94.95,-6.75));
#10777 = DIRECTION('',(0.707106781187,0.,-0.707106781187));
#10778 = DIRECTION('',(-0.707106781187,0.,-0.707106781187));
#10779 = ADVANCED_FACE('',(#10780),#10798,.T.);
#10780 = FACE_BOUND('',#10781,.T.);
#10781 = EDGE_LOOP('',(#10782,#10790,#10796,#10797));
#10782 = ORIENTED_EDGE('',*,*,#10783,.T.);
#10783 = EDGE_CURVE('',#10755,#10784,#10786,.T.);
#10784 = VERTEX_POINT('',#10785);
#10785 = CARTESIAN_POINT('',(65.05,-94.2,-7.));
#10786 = LINE('',#10787,#10788);
#10787 = CARTESIAN_POINT('',(65.8,-94.2,-7.));
#10788 = VECTOR('',#10789,1.);
#10789 = DIRECTION('',(-1.,0.,0.));
#10790 = ORIENTED_EDGE('',*,*,#10791,.T.);
#10791 = EDGE_CURVE('',#10784,#8457,#10792,.T.);
#10792 = LINE('',#10793,#10794);
#10793 = CARTESIAN_POINT('',(65.05,-94.2,-7.));
#10794 = VECTOR('',#10795,1.);
#10795 = DIRECTION('',(-0.57735026919,0.57735026919,0.57735026919));
#10796 = ORIENTED_EDGE('',*,*,#8456,.T.);
#10797 = ORIENTED_EDGE('',*,*,#10762,.F.);
#10798 = PLANE('',#10799);
#10799 = AXIS2_PLACEMENT_3D('',#10800,#10801,#10802);
#10800 = CARTESIAN_POINT('',(65.8,-93.95,-6.75));
#10801 = DIRECTION('',(0.,0.707106781187,-0.707106781187));
#10802 = DIRECTION('',(-1.,0.,0.));
#10803 = ADVANCED_FACE('',(#10804),#10822,.T.);
#10804 = FACE_BOUND('',#10805,.T.);
#10805 = EDGE_LOOP('',(#10806,#10814,#10820,#10821));
#10806 = ORIENTED_EDGE('',*,*,#10807,.T.);
#10807 = EDGE_CURVE('',#10784,#10808,#10810,.T.);
#10808 = VERTEX_POINT('',#10809);
#10809 = CARTESIAN_POINT('',(65.05,-98.2,-7.));
#10810 = LINE('',#10811,#10812);
#10811 = CARTESIAN_POINT('',(65.05,-97.45,-7.));
#10812 = VECTOR('',#10813,1.);
#10813 = DIRECTION('',(0.,-1.,0.));
#10814 = ORIENTED_EDGE('',*,*,#10815,.T.);
#10815 = EDGE_CURVE('',#10808,#8481,#10816,.T.);
#10816 = LINE('',#10817,#10818);
#10817 = CARTESIAN_POINT('',(65.05,-98.2,-7.));
#10818 = VECTOR('',#10819,1.);
#10819 = DIRECTION('',(-0.57735026919,-0.57735026919,0.57735026919));
#10820 = ORIENTED_EDGE('',*,*,#8480,.T.);
#10821 = ORIENTED_EDGE('',*,*,#10791,.F.);
#10822 = PLANE('',#10823);
#10823 = AXIS2_PLACEMENT_3D('',#10824,#10825,#10826);
#10824 = CARTESIAN_POINT('',(64.8,-97.45,-6.75));
#10825 = DIRECTION('',(-0.707106781187,0.,-0.707106781187));
#10826 = DIRECTION('',(-0.707106781187,0.,0.707106781187));
#10827 = ADVANCED_FACE('',(#10828),#10839,.T.);
#10828 = FACE_BOUND('',#10829,.T.);
#10829 = EDGE_LOOP('',(#10830,#10831,#10832,#10838));
#10830 = ORIENTED_EDGE('',*,*,#8504,.T.);
#10831 = ORIENTED_EDGE('',*,*,#10815,.F.);
#10832 = ORIENTED_EDGE('',*,*,#10833,.T.);
#10833 = EDGE_CURVE('',#10808,#10753,#10834,.T.);
#10834 = LINE('',#10835,#10836);
#10835 = CARTESIAN_POINT('',(68.3,-98.2,-7.));
#10836 = VECTOR('',#10837,1.);
#10837 = DIRECTION('',(1.,0.,0.));
#10838 = ORIENTED_EDGE('',*,*,#10769,.T.);
#10839 = PLANE('',#10840);
#10840 = AXIS2_PLACEMENT_3D('',#10841,#10842,#10843);
#10841 = CARTESIAN_POINT('',(68.3,-98.45,-6.75));
#10842 = DIRECTION('',(0.,-0.707106781187,-0.707106781187));
#10843 = DIRECTION('',(-1.,0.,0.));
#10844 = ADVANCED_FACE('',(#10845),#10870,.T.);
#10845 = FACE_BOUND('',#10846,.T.);
#10846 = EDGE_LOOP('',(#10847,#10857,#10863,#10864));
#10847 = ORIENTED_EDGE('',*,*,#10848,.T.);
#10848 = EDGE_CURVE('',#10849,#10851,#10853,.T.);
#10849 = VERTEX_POINT('',#10850);
#10850 = CARTESIAN_POINT('',(6.7,-98.2,-7.));
#10851 = VERTEX_POINT('',#10852);
#10852 = CARTESIAN_POINT('',(10.7,-98.2,-7.));
#10853 = LINE('',#10854,#10855);
#10854 = CARTESIAN_POINT('',(9.95,-98.2,-7.));
#10855 = VECTOR('',#10856,1.);
#10856 = DIRECTION('',(1.,0.,0.));
#10857 = ORIENTED_EDGE('',*,*,#10858,.T.);
#10858 = EDGE_CURVE('',#10851,#8658,#10859,.T.);
#10859 = LINE('',#10860,#10861);
#10860 = CARTESIAN_POINT('',(10.7,-98.2,-7.));
#10861 = VECTOR('',#10862,1.);
#10862 = DIRECTION('',(0.57735026919,-0.57735026919,0.57735026919));
#10863 = ORIENTED_EDGE('',*,*,#8657,.T.);
#10864 = ORIENTED_EDGE('',*,*,#10865,.F.);
#10865 = EDGE_CURVE('',#10849,#8660,#10866,.T.);
#10866 = LINE('',#10867,#10868);
#10867 = CARTESIAN_POINT('',(6.7,-98.2,-7.));
#10868 = VECTOR('',#10869,1.);
#10869 = DIRECTION('',(-0.57735026919,-0.57735026919,0.57735026919));
#10870 = PLANE('',#10871);
#10871 = AXIS2_PLACEMENT_3D('',#10872,#10873,#10874);
#10872 = CARTESIAN_POINT('',(9.95,-98.45,-6.75));
#10873 = DIRECTION('',(0.,-0.707106781187,-0.707106781187));
#10874 = DIRECTION('',(-1.,0.,0.));
#10875 = ADVANCED_FACE('',(#10876),#10894,.T.);
#10876 = FACE_BOUND('',#10877,.T.);
#10877 = EDGE_LOOP('',(#10878,#10886,#10892,#10893));
#10878 = ORIENTED_EDGE('',*,*,#10879,.T.);
#10879 = EDGE_CURVE('',#10851,#10880,#10882,.T.);
#10880 = VERTEX_POINT('',#10881);
#10881 = CARTESIAN_POINT('',(10.7,-94.2,-7.));
#10882 = LINE('',#10883,#10884);
#10883 = CARTESIAN_POINT('',(10.7,-94.95,-7.));
#10884 = VECTOR('',#10885,1.);
#10885 = DIRECTION('',(0.,1.,0.));
#10886 = ORIENTED_EDGE('',*,*,#10887,.T.);
#10887 = EDGE_CURVE('',#10880,#8698,#10888,.T.);
#10888 = LINE('',#10889,#10890);
#10889 = CARTESIAN_POINT('',(10.7,-94.2,-7.));
#10890 = VECTOR('',#10891,1.);
#10891 = DIRECTION('',(0.57735026919,0.57735026919,0.57735026919));
#10892 = ORIENTED_EDGE('',*,*,#8697,.T.);
#10893 = ORIENTED_EDGE('',*,*,#10858,.F.);
#10894 = PLANE('',#10895);
#10895 = AXIS2_PLACEMENT_3D('',#10896,#10897,#10898);
#10896 = CARTESIAN_POINT('',(10.95,-94.95,-6.75));
#10897 = DIRECTION('',(0.707106781187,0.,-0.707106781187));
#10898 = DIRECTION('',(-0.707106781187,0.,-0.707106781187));
#10899 = ADVANCED_FACE('',(#10900),#10918,.T.);
#10900 = FACE_BOUND('',#10901,.T.);
#10901 = EDGE_LOOP('',(#10902,#10910,#10916,#10917));
#10902 = ORIENTED_EDGE('',*,*,#10903,.T.);
#10903 = EDGE_CURVE('',#10880,#10904,#10906,.T.);
#10904 = VERTEX_POINT('',#10905);
#10905 = CARTESIAN_POINT('',(6.7,-94.2,-7.));
#10906 = LINE('',#10907,#10908);
#10907 = CARTESIAN_POINT('',(7.45,-94.2,-7.));
#10908 = VECTOR('',#10909,1.);
#10909 = DIRECTION('',(-1.,0.,0.));
#10910 = ORIENTED_EDGE('',*,*,#10911,.T.);
#10911 = EDGE_CURVE('',#10904,#8722,#10912,.T.);
#10912 = LINE('',#10913,#10914);
#10913 = CARTESIAN_POINT('',(6.7,-94.2,-7.));
#10914 = VECTOR('',#10915,1.);
#10915 = DIRECTION('',(-0.57735026919,0.57735026919,0.57735026919));
#10916 = ORIENTED_EDGE('',*,*,#8721,.T.);
#10917 = ORIENTED_EDGE('',*,*,#10887,.F.);
#10918 = PLANE('',#10919);
#10919 = AXIS2_PLACEMENT_3D('',#10920,#10921,#10922);
#10920 = CARTESIAN_POINT('',(7.45,-93.95,-6.75));
#10921 = DIRECTION('',(0.,0.707106781187,-0.707106781187));
#10922 = DIRECTION('',(-1.,0.,0.));
#10923 = ADVANCED_FACE('',(#10924),#10935,.T.);
#10924 = FACE_BOUND('',#10925,.T.);
#10925 = EDGE_LOOP('',(#10926,#10927,#10928,#10934));
#10926 = ORIENTED_EDGE('',*,*,#8745,.T.);
#10927 = ORIENTED_EDGE('',*,*,#10911,.F.);
#10928 = ORIENTED_EDGE('',*,*,#10929,.T.);
#10929 = EDGE_CURVE('',#10904,#10849,#10930,.T.);
#10930 = LINE('',#10931,#10932);
#10931 = CARTESIAN_POINT('',(6.7,-97.45,-7.));
#10932 = VECTOR('',#10933,1.);
#10933 = DIRECTION('',(0.,-1.,0.));
#10934 = ORIENTED_EDGE('',*,*,#10865,.T.);
#10935 = PLANE('',#10936);
#10936 = AXIS2_PLACEMENT_3D('',#10937,#10938,#10939);
#10937 = CARTESIAN_POINT('',(6.45,-97.45,-6.75));
#10938 = DIRECTION('',(-0.707106781187,0.,-0.707106781187));
#10939 = DIRECTION('',(-0.707106781187,0.,0.707106781187));
#10940 = ADVANCED_FACE('',(#10941),#10953,.T.);
#10941 = FACE_BOUND('',#10942,.T.);
#10942 = EDGE_LOOP('',(#10943,#10944,#10945,#10952));
#10943 = ORIENTED_EDGE('',*,*,#10696,.F.);
#10944 = ORIENTED_EDGE('',*,*,#8811,.T.);
#10945 = ORIENTED_EDGE('',*,*,#10946,.F.);
#10946 = EDGE_CURVE('',#9049,#8804,#10947,.T.);
#10947 = CIRCLE('',#10948,5.);
#10948 = AXIS2_PLACEMENT_3D('',#10949,#10950,#10951);
#10949 = CARTESIAN_POINT('',(58.75,-83.5,-4.));
#10950 = DIRECTION('',(0.,0.,-1.));
#10951 = DIRECTION('',(1.,0.,0.));
#10952 = ORIENTED_EDGE('',*,*,#9048,.F.);
#10953 = CYLINDRICAL_SURFACE('',#10954,5.);
#10954 = AXIS2_PLACEMENT_3D('',#10955,#10956,#10957);
#10955 = CARTESIAN_POINT('',(58.75,-83.5,-2.));
#10956 = DIRECTION('',(0.,0.,-1.));
#10957 = DIRECTION('',(1.,0.,0.));
#10958 = ADVANCED_FACE('',(#10959),#10965,.F.);
#10959 = FACE_BOUND('',#10960,.T.);
#10960 = EDGE_LOOP('',(#10961,#10962,#10963,#10964));
#10961 = ORIENTED_EDGE('',*,*,#8803,.T.);
#10962 = ORIENTED_EDGE('',*,*,#9088,.T.);
#10963 = ORIENTED_EDGE('',*,*,#9056,.T.);
#10964 = ORIENTED_EDGE('',*,*,#10946,.T.);
#10965 = PLANE('',#10966);
#10966 = AXIS2_PLACEMENT_3D('',#10967,#10968,#10969);
#10967 = CARTESIAN_POINT('',(58.75,-80.65,-4.));
#10968 = DIRECTION('',(0.,0.,1.));
#10969 = DIRECTION('',(1.,0.,0.));
#10970 = ADVANCED_FACE('',(#10971),#10983,.F.);
#10971 = FACE_BOUND('',#10972,.T.);
#10972 = EDGE_LOOP('',(#10973,#10974,#10975,#10976));
#10973 = ORIENTED_EDGE('',*,*,#9131,.T.);
#10974 = ORIENTED_EDGE('',*,*,#9114,.T.);
#10975 = ORIENTED_EDGE('',*,*,#9212,.T.);
#10976 = ORIENTED_EDGE('',*,*,#10977,.T.);
#10977 = EDGE_CURVE('',#9205,#9132,#10978,.T.);
#10978 = CIRCLE('',#10979,5.);
#10979 = AXIS2_PLACEMENT_3D('',#10980,#10981,#10982);
#10980 = CARTESIAN_POINT('',(58.75,-83.5,-4.));
#10981 = DIRECTION('',(0.,0.,-1.));
#10982 = DIRECTION('',(1.,0.,0.));
#10983 = PLANE('',#10984);
#10984 = AXIS2_PLACEMENT_3D('',#10985,#10986,#10987);
#10985 = CARTESIAN_POINT('',(58.75,-86.35,-4.));
#10986 = DIRECTION('',(0.,0.,1.));
#10987 = DIRECTION('',(1.,0.,0.));
#10988 = ADVANCED_FACE('',(#10989),#11001,.T.);
#10989 = FACE_BOUND('',#10990,.T.);
#10990 = EDGE_LOOP('',(#10991,#10992,#10999,#11000));
#10991 = ORIENTED_EDGE('',*,*,#9147,.T.);
#10992 = ORIENTED_EDGE('',*,*,#10993,.T.);
#10993 = EDGE_CURVE('',#9140,#9197,#10994,.T.);
#10994 = CIRCLE('',#10995,5.);
#10995 = AXIS2_PLACEMENT_3D('',#10996,#10997,#10998);
#10996 = CARTESIAN_POINT('',(58.75,-83.5,-3.));
#10997 = DIRECTION('',(0.,0.,1.));
#10998 = DIRECTION('',(1.,0.,0.));
#10999 = ORIENTED_EDGE('',*,*,#9196,.T.);
#11000 = ORIENTED_EDGE('',*,*,#9170,.F.);
#11001 = CONICAL_SURFACE('',#11002,5.5,0.785398163397);
#11002 = AXIS2_PLACEMENT_3D('',#11003,#11004,#11005);
#11003 = CARTESIAN_POINT('',(58.75,-83.5,-2.5));
#11004 = DIRECTION('',(0.,0.,1.));
#11005 = DIRECTION('',(1.,0.,0.));
#11006 = ADVANCED_FACE('',(#11007),#11013,.T.);
#11007 = FACE_BOUND('',#11008,.T.);
#11008 = EDGE_LOOP('',(#11009,#11010,#11011,#11012));
#11009 = ORIENTED_EDGE('',*,*,#10993,.F.);
#11010 = ORIENTED_EDGE('',*,*,#9139,.T.);
#11011 = ORIENTED_EDGE('',*,*,#10977,.F.);
#11012 = ORIENTED_EDGE('',*,*,#9204,.F.);
#11013 = CYLINDRICAL_SURFACE('',#11014,5.);
#11014 = AXIS2_PLACEMENT_3D('',#11015,#11016,#11017);
#11015 = CARTESIAN_POINT('',(58.75,-83.5,-2.));
#11016 = DIRECTION('',(0.,0.,-1.));
#11017 = DIRECTION('',(1.,0.,0.));
#11018 = ADVANCED_FACE('',(#11019),#11025,.T.);
#11019 = FACE_BOUND('',#11020,.T.);
#11020 = EDGE_LOOP('',(#11021,#11022,#11023,#11024));
#11021 = ORIENTED_EDGE('',*,*,#9601,.F.);
#11022 = ORIENTED_EDGE('',*,*,#9699,.F.);
#11023 = ORIENTED_EDGE('',*,*,#9666,.T.);
#11024 = ORIENTED_EDGE('',*,*,#10540,.T.);
#11025 = PLANE('',#11026);
#11026 = AXIS2_PLACEMENT_3D('',#11027,#11028,#11029);
#11027 = CARTESIAN_POINT('',(5.9,-55.,-2.));
#11028 = DIRECTION('',(0.,0.,1.));
#11029 = DIRECTION('',(1.,0.,0.));
#11030 = ADVANCED_FACE('',(#11031),#11050,.F.);
#11031 = FACE_BOUND('',#11032,.F.);
#11032 = EDGE_LOOP('',(#11033,#11041,#11048,#11049));
#11033 = ORIENTED_EDGE('',*,*,#11034,.T.);
#11034 = EDGE_CURVE('',#9985,#11035,#11037,.T.);
#11035 = VERTEX_POINT('',#11036);
#11036 = CARTESIAN_POINT('',(69.25,-2.5,-8.));
#11037 = LINE('',#11038,#11039);
#11038 = CARTESIAN_POINT('',(69.05,-2.5,-8.2));
#11039 = VECTOR('',#11040,1.);
#11040 = DIRECTION('',(0.707106781187,-9.E-17,0.707106781187));
#11041 = ORIENTED_EDGE('',*,*,#11042,.F.);
#11042 = EDGE_CURVE('',#11035,#11035,#11043,.T.);
#11043 = CIRCLE('',#11044,1.);
#11044 = AXIS2_PLACEMENT_3D('',#11045,#11046,#11047);
#11045 = CARTESIAN_POINT('',(70.25,-2.5,-8.));
#11046 = DIRECTION('',(0.,0.,1.));
#11047 = DIRECTION('',(1.,0.,0.));
#11048 = ORIENTED_EDGE('',*,*,#11034,.F.);
#11049 = ORIENTED_EDGE('',*,*,#9984,.F.);
#11050 = CONICAL_SURFACE('',#11051,1.2,0.785398163397);
#11051 = AXIS2_PLACEMENT_3D('',#11052,#11053,#11054);
#11052 = CARTESIAN_POINT('',(70.25,-2.5,-8.2));
#11053 = DIRECTION('',(0.,0.,-1.));
#11054 = DIRECTION('',(1.,0.,0.));
#11055 = ADVANCED_FACE('',(#11056),#11075,.F.);
#11056 = FACE_BOUND('',#11057,.F.);
#11057 = EDGE_LOOP('',(#11058,#11066,#11073,#11074));
#11058 = ORIENTED_EDGE('',*,*,#11059,.T.);
#11059 = EDGE_CURVE('',#10046,#11060,#11062,.T.);
#11060 = VERTEX_POINT('',#11061);
#11061 = CARTESIAN_POINT('',(4.5,-2.5,-8.));
#11062 = LINE('',#11063,#11064);
#11063 = CARTESIAN_POINT('',(4.3,-2.5,-8.2));
#11064 = VECTOR('',#11065,1.);
#11065 = DIRECTION('',(0.707106781187,-9.E-17,0.707106781187));
#11066 = ORIENTED_EDGE('',*,*,#11067,.F.);
#11067 = EDGE_CURVE('',#11060,#11060,#11068,.T.);
#11068 = CIRCLE('',#11069,1.);
#11069 = AXIS2_PLACEMENT_3D('',#11070,#11071,#11072);
#11070 = CARTESIAN_POINT('',(5.5,-2.5,-8.));
#11071 = DIRECTION('',(0.,0.,1.));
#11072 = DIRECTION('',(1.,0.,0.));
#11073 = ORIENTED_EDGE('',*,*,#11059,.F.);
#11074 = ORIENTED_EDGE('',*,*,#10045,.F.);
#11075 = CONICAL_SURFACE('',#11076,1.2,0.785398163397);
#11076 = AXIS2_PLACEMENT_3D('',#11077,#11078,#11079);
#11077 = CARTESIAN_POINT('',(5.5,-2.5,-8.2));
#11078 = DIRECTION('',(0.,0.,-1.));
#11079 = DIRECTION('',(1.,0.,0.));
#11080 = ADVANCED_FACE('',(#11081),#11100,.F.);
#11081 = FACE_BOUND('',#11082,.F.);
#11082 = EDGE_LOOP('',(#11083,#11091,#11098,#11099));
#11083 = ORIENTED_EDGE('',*,*,#11084,.T.);
#11084 = EDGE_CURVE('',#10147,#11085,#11087,.T.);
#11085 = VERTEX_POINT('',#11086);
#11086 = CARTESIAN_POINT('',(3.75,-65.2,-7.8));
#11087 = LINE('',#11088,#11089);
#11088 = CARTESIAN_POINT('',(3.55,-65.2,-8.));
#11089 = VECTOR('',#11090,1.);
#11090 = DIRECTION('',(0.707106781187,-9.E-17,0.707106781187));
#11091 = ORIENTED_EDGE('',*,*,#11092,.F.);
#11092 = EDGE_CURVE('',#11085,#11085,#11093,.T.);
#11093 = CIRCLE('',#11094,1.);
#11094 = AXIS2_PLACEMENT_3D('',#11095,#11096,#11097);
#11095 = CARTESIAN_POINT('',(4.75,-65.2,-7.8));
#11096 = DIRECTION('',(0.,0.,1.));
#11097 = DIRECTION('',(1.,0.,0.));
#11098 = ORIENTED_EDGE('',*,*,#11084,.F.);
#11099 = ORIENTED_EDGE('',*,*,#10146,.F.);
#11100 = CONICAL_SURFACE('',#11101,1.2,0.785398163397);
#11101 = AXIS2_PLACEMENT_3D('',#11102,#11103,#11104);
#11102 = CARTESIAN_POINT('',(4.75,-65.2,-8.));
#11103 = DIRECTION('',(0.,0.,-1.));
#11104 = DIRECTION('',(1.,0.,0.));
#11105 = ADVANCED_FACE('',(#11106),#11125,.F.);
#11106 = FACE_BOUND('',#11107,.F.);
#11107 = EDGE_LOOP('',(#11108,#11116,#11123,#11124));
#11108 = ORIENTED_EDGE('',*,*,#11109,.T.);
#11109 = EDGE_CURVE('',#10301,#11110,#11112,.T.);
#11110 = VERTEX_POINT('',#11111);
#11111 = CARTESIAN_POINT('',(5.,-102.5,-8.));
#11112 = LINE('',#11113,#11114);
#11113 = CARTESIAN_POINT('',(4.8,-102.5,-8.2));
#11114 = VECTOR('',#11115,1.);
#11115 = DIRECTION('',(0.707106781187,-9.E-17,0.707106781187));
#11116 = ORIENTED_EDGE('',*,*,#11117,.F.);
#11117 = EDGE_CURVE('',#11110,#11110,#11118,.T.);
#11118 = CIRCLE('',#11119,1.);
#11119 = AXIS2_PLACEMENT_3D('',#11120,#11121,#11122);
#11120 = CARTESIAN_POINT('',(6.,-102.5,-8.));
#11121 = DIRECTION('',(0.,0.,1.));
#11122 = DIRECTION('',(1.,0.,0.));
#11123 = ORIENTED_EDGE('',*,*,#11109,.F.);
#11124 = ORIENTED_EDGE('',*,*,#10300,.F.);
#11125 = CONICAL_SURFACE('',#11126,1.2,0.785398163397);
#11126 = AXIS2_PLACEMENT_3D('',#11127,#11128,#11129);
#11127 = CARTESIAN_POINT('',(6.,-102.5,-8.2));
#11128 = DIRECTION('',(0.,0.,-1.));
#11129 = DIRECTION('',(1.,0.,0.));
#11130 = ADVANCED_FACE('',(#11131),#11150,.F.);
#11131 = FACE_BOUND('',#11132,.F.);
#11132 = EDGE_LOOP('',(#11133,#11141,#11148,#11149));
#11133 = ORIENTED_EDGE('',*,*,#11134,.T.);
#11134 = EDGE_CURVE('',#10392,#11135,#11137,.T.);
#11135 = VERTEX_POINT('',#11136);
#11136 = CARTESIAN_POINT('',(68.75,-102.5,-8.));
#11137 = LINE('',#11138,#11139);
#11138 = CARTESIAN_POINT('',(68.55,-102.5,-8.2));
#11139 = VECTOR('',#11140,1.);
#11140 = DIRECTION('',(0.707106781187,-9.E-17,0.707106781187));
#11141 = ORIENTED_EDGE('',*,*,#11142,.F.);
#11142 = EDGE_CURVE('',#11135,#11135,#11143,.T.);
#11143 = CIRCLE('',#11144,1.);
#11144 = AXIS2_PLACEMENT_3D('',#11145,#11146,#11147);
#11145 = CARTESIAN_POINT('',(69.75,-102.5,-8.));
#11146 = DIRECTION('',(0.,0.,1.));
#11147 = DIRECTION('',(1.,0.,0.));
#11148 = ORIENTED_EDGE('',*,*,#11134,.F.);
#11149 = ORIENTED_EDGE('',*,*,#10391,.F.);
#11150 = CONICAL_SURFACE('',#11151,1.2,0.785398163397);
#11151 = AXIS2_PLACEMENT_3D('',#11152,#11153,#11154);
#11152 = CARTESIAN_POINT('',(69.75,-102.5,-8.2));
#11153 = DIRECTION('',(0.,0.,-1.));
#11154 = DIRECTION('',(1.,0.,0.));
#11155 = ADVANCED_FACE('',(#11156),#11175,.F.);
#11156 = FACE_BOUND('',#11157,.F.);
#11157 = EDGE_LOOP('',(#11158,#11166,#11173,#11174));
#11158 = ORIENTED_EDGE('',*,*,#11159,.T.);
#11159 = EDGE_CURVE('',#10484,#11160,#11162,.T.);
#11160 = VERTEX_POINT('',#11161);
#11161 = CARTESIAN_POINT('',(70.,-65.2,-7.8));
#11162 = LINE('',#11163,#11164);
#11163 = CARTESIAN_POINT('',(69.8,-65.2,-8.));
#11164 = VECTOR('',#11165,1.);
#11165 = DIRECTION('',(0.707106781187,-9.E-17,0.707106781187));
#11166 = ORIENTED_EDGE('',*,*,#11167,.F.);
#11167 = EDGE_CURVE('',#11160,#11160,#11168,.T.);
#11168 = CIRCLE('',#11169,1.);
#11169 = AXIS2_PLACEMENT_3D('',#11170,#11171,#11172);
#11170 = CARTESIAN_POINT('',(71.,-65.2,-7.8));
#11171 = DIRECTION('',(0.,0.,1.));
#11172 = DIRECTION('',(1.,0.,0.));
#11173 = ORIENTED_EDGE('',*,*,#11159,.F.);
#11174 = ORIENTED_EDGE('',*,*,#10483,.F.);
#11175 = CONICAL_SURFACE('',#11176,1.2,0.785398163397);
#11176 = AXIS2_PLACEMENT_3D('',#11177,#11178,#11179);
#11177 = CARTESIAN_POINT('',(71.,-65.2,-8.));
#11178 = DIRECTION('',(0.,0.,-1.));
#11179 = DIRECTION('',(1.,0.,0.));
#11180 = ADVANCED_FACE('',(#11181),#11189,.T.);
#11181 = FACE_BOUND('',#11182,.T.);
#11182 = EDGE_LOOP('',(#11183,#11184,#11185,#11186,#11187,#11188));
#11183 = ORIENTED_EDGE('',*,*,#10673,.F.);
#11184 = ORIENTED_EDGE('',*,*,#10642,.F.);
#11185 = ORIENTED_EDGE('',*,*,#10726,.F.);
#11186 = ORIENTED_EDGE('',*,*,#10736,.F.);
#11187 = ORIENTED_EDGE('',*,*,#10583,.T.);
#11188 = ORIENTED_EDGE('',*,*,#10664,.F.);
#11189 = CYLINDRICAL_SURFACE('',#11190,12.75);
#11190 = AXIS2_PLACEMENT_3D('',#11191,#11192,#11193);
#11191 = CARTESIAN_POINT('',(16.75,-75.1,0.));
#11192 = DIRECTION('',(0.,0.,-1.));
#11193 = DIRECTION('',(1.,0.,0.));
#11194 = ADVANCED_FACE('',(#11195),#11201,.T.);
#11195 = FACE_BOUND('',#11196,.T.);
#11196 = EDGE_LOOP('',(#11197,#11198,#11199,#11200));
#11197 = ORIENTED_EDGE('',*,*,#10752,.F.);
#11198 = ORIENTED_EDGE('',*,*,#10833,.F.);
#11199 = ORIENTED_EDGE('',*,*,#10807,.F.);
#11200 = ORIENTED_EDGE('',*,*,#10783,.F.);
#11201 = PLANE('',#11202);
#11202 = AXIS2_PLACEMENT_3D('',#11203,#11204,#11205);
#11203 = CARTESIAN_POINT('',(67.05,-96.2,-7.));
#11204 = DIRECTION('',(0.,0.,-1.));
#11205 = DIRECTION('',(-1.,0.,0.));
#11206 = ADVANCED_FACE('',(#11207),#11213,.T.);
#11207 = FACE_BOUND('',#11208,.T.);
#11208 = EDGE_LOOP('',(#11209,#11210,#11211,#11212));
#11209 = ORIENTED_EDGE('',*,*,#10848,.F.);
#11210 = ORIENTED_EDGE('',*,*,#10929,.F.);
#11211 = ORIENTED_EDGE('',*,*,#10903,.F.);
#11212 = ORIENTED_EDGE('',*,*,#10879,.F.);
#11213 = PLANE('',#11214);
#11214 = AXIS2_PLACEMENT_3D('',#11215,#11216,#11217);
#11215 = CARTESIAN_POINT('',(8.7,-96.2,-7.));
#11216 = DIRECTION('',(0.,0.,-1.));
#11217 = DIRECTION('',(-1.,0.,0.));
#11218 = ADVANCED_FACE('',(#11219),#11238,.F.);
#11219 = FACE_BOUND('',#11220,.F.);
#11220 = EDGE_LOOP('',(#11221,#11229,#11230,#11231));
#11221 = ORIENTED_EDGE('',*,*,#11222,.T.);
#11222 = EDGE_CURVE('',#11223,#11035,#11225,.T.);
#11223 = VERTEX_POINT('',#11224);
#11224 = CARTESIAN_POINT('',(69.25,-2.5,-2.));
#11225 = LINE('',#11226,#11227);
#11226 = CARTESIAN_POINT('',(69.25,-2.5,-2.));
#11227 = VECTOR('',#11228,1.);
#11228 = DIRECTION('',(0.,0.,-1.));
#11229 = ORIENTED_EDGE('',*,*,#11042,.T.);
#11230 = ORIENTED_EDGE('',*,*,#11222,.F.);
#11231 = ORIENTED_EDGE('',*,*,#11232,.F.);
#11232 = EDGE_CURVE('',#11223,#11223,#11233,.T.);
#11233 = CIRCLE('',#11234,1.);
#11234 = AXIS2_PLACEMENT_3D('',#11235,#11236,#11237);
#11235 = CARTESIAN_POINT('',(70.25,-2.5,-2.));
#11236 = DIRECTION('',(0.,0.,1.));
#11237 = DIRECTION('',(1.,0.,0.));
#11238 = CYLINDRICAL_SURFACE('',#11239,1.);
#11239 = AXIS2_PLACEMENT_3D('',#11240,#11241,#11242);
#11240 = CARTESIAN_POINT('',(70.25,-2.5,-2.));
#11241 = DIRECTION('',(0.,0.,-1.));
#11242 = DIRECTION('',(1.,0.,0.));
#11243 = ADVANCED_FACE('',(#11244),#11263,.F.);
#11244 = FACE_BOUND('',#11245,.F.);
#11245 = EDGE_LOOP('',(#11246,#11254,#11255,#11256));
#11246 = ORIENTED_EDGE('',*,*,#11247,.T.);
#11247 = EDGE_CURVE('',#11248,#11060,#11250,.T.);
#11248 = VERTEX_POINT('',#11249);
#11249 = CARTESIAN_POINT('',(4.5,-2.5,-2.));
#11250 = LINE('',#11251,#11252);
#11251 = CARTESIAN_POINT('',(4.5,-2.5,-2.));
#11252 = VECTOR('',#11253,1.);
#11253 = DIRECTION('',(0.,0.,-1.));
#11254 = ORIENTED_EDGE('',*,*,#11067,.T.);
#11255 = ORIENTED_EDGE('',*,*,#11247,.F.);
#11256 = ORIENTED_EDGE('',*,*,#11257,.F.);
#11257 = EDGE_CURVE('',#11248,#11248,#11258,.T.);
#11258 = CIRCLE('',#11259,1.);
#11259 = AXIS2_PLACEMENT_3D('',#11260,#11261,#11262);
#11260 = CARTESIAN_POINT('',(5.5,-2.5,-2.));
#11261 = DIRECTION('',(0.,0.,1.));
#11262 = DIRECTION('',(1.,0.,0.));
#11263 = CYLINDRICAL_SURFACE('',#11264,1.);
#11264 = AXIS2_PLACEMENT_3D('',#11265,#11266,#11267);
#11265 = CARTESIAN_POINT('',(5.5,-2.5,-2.));
#11266 = DIRECTION('',(0.,0.,-1.));
#11267 = DIRECTION('',(1.,0.,0.));
#11268 = ADVANCED_FACE('',(#11269),#11288,.F.);
#11269 = FACE_BOUND('',#11270,.F.);
#11270 = EDGE_LOOP('',(#11271,#11279,#11280,#11281));
#11271 = ORIENTED_EDGE('',*,*,#11272,.T.);
#11272 = EDGE_CURVE('',#11273,#11085,#11275,.T.);
#11273 = VERTEX_POINT('',#11274);
#11274 = CARTESIAN_POINT('',(3.75,-65.2,-2.));
#11275 = LINE('',#11276,#11277);
#11276 = CARTESIAN_POINT('',(3.75,-65.2,-2.));
#11277 = VECTOR('',#11278,1.);
#11278 = DIRECTION('',(0.,0.,-1.));
#11279 = ORIENTED_EDGE('',*,*,#11092,.T.);
#11280 = ORIENTED_EDGE('',*,*,#11272,.F.);
#11281 = ORIENTED_EDGE('',*,*,#11282,.F.);
#11282 = EDGE_CURVE('',#11273,#11273,#11283,.T.);
#11283 = CIRCLE('',#11284,1.);
#11284 = AXIS2_PLACEMENT_3D('',#11285,#11286,#11287);
#11285 = CARTESIAN_POINT('',(4.75,-65.2,-2.));
#11286 = DIRECTION('',(0.,0.,1.));
#11287 = DIRECTION('',(1.,0.,0.));
#11288 = CYLINDRICAL_SURFACE('',#11289,1.);
#11289 = AXIS2_PLACEMENT_3D('',#11290,#11291,#11292);
#11290 = CARTESIAN_POINT('',(4.75,-65.2,-2.));
#11291 = DIRECTION('',(0.,0.,-1.));
#11292 = DIRECTION('',(1.,0.,0.));
#11293 = ADVANCED_FACE('',(#11294),#11313,.F.);
#11294 = FACE_BOUND('',#11295,.F.);
#11295 = EDGE_LOOP('',(#11296,#11304,#11305,#11306));
#11296 = ORIENTED_EDGE('',*,*,#11297,.T.);
#11297 = EDGE_CURVE('',#11298,#11110,#11300,.T.);
#11298 = VERTEX_POINT('',#11299);
#11299 = CARTESIAN_POINT('',(5.,-102.5,-2.));
#11300 = LINE('',#11301,#11302);
#11301 = CARTESIAN_POINT('',(5.,-102.5,-2.));
#11302 = VECTOR('',#11303,1.);
#11303 = DIRECTION('',(0.,0.,-1.));
#11304 = ORIENTED_EDGE('',*,*,#11117,.T.);
#11305 = ORIENTED_EDGE('',*,*,#11297,.F.);
#11306 = ORIENTED_EDGE('',*,*,#11307,.F.);
#11307 = EDGE_CURVE('',#11298,#11298,#11308,.T.);
#11308 = CIRCLE('',#11309,1.);
#11309 = AXIS2_PLACEMENT_3D('',#11310,#11311,#11312);
#11310 = CARTESIAN_POINT('',(6.,-102.5,-2.));
#11311 = DIRECTION('',(0.,0.,1.));
#11312 = DIRECTION('',(1.,0.,0.));
#11313 = CYLINDRICAL_SURFACE('',#11314,1.);
#11314 = AXIS2_PLACEMENT_3D('',#11315,#11316,#11317);
#11315 = CARTESIAN_POINT('',(6.,-102.5,-2.));
#11316 = DIRECTION('',(0.,0.,-1.));
#11317 = DIRECTION('',(1.,0.,0.));
#11318 = ADVANCED_FACE('',(#11319),#11338,.F.);
#11319 = FACE_BOUND('',#11320,.F.);
#11320 = EDGE_LOOP('',(#11321,#11329,#11330,#11331));
#11321 = ORIENTED_EDGE('',*,*,#11322,.T.);
#11322 = EDGE_CURVE('',#11323,#11135,#11325,.T.);
#11323 = VERTEX_POINT('',#11324);
#11324 = CARTESIAN_POINT('',(68.75,-102.5,-2.));
#11325 = LINE('',#11326,#11327);
#11326 = CARTESIAN_POINT('',(68.75,-102.5,-2.));
#11327 = VECTOR('',#11328,1.);
#11328 = DIRECTION('',(0.,0.,-1.));
#11329 = ORIENTED_EDGE('',*,*,#11142,.T.);
#11330 = ORIENTED_EDGE('',*,*,#11322,.F.);
#11331 = ORIENTED_EDGE('',*,*,#11332,.F.);
#11332 = EDGE_CURVE('',#11323,#11323,#11333,.T.);
#11333 = CIRCLE('',#11334,1.);
#11334 = AXIS2_PLACEMENT_3D('',#11335,#11336,#11337);
#11335 = CARTESIAN_POINT('',(69.75,-102.5,-2.));
#11336 = DIRECTION('',(0.,0.,1.));
#11337 = DIRECTION('',(1.,0.,0.));
#11338 = CYLINDRICAL_SURFACE('',#11339,1.);
#11339 = AXIS2_PLACEMENT_3D('',#11340,#11341,#11342);
#11340 = CARTESIAN_POINT('',(69.75,-102.5,-2.));
#11341 = DIRECTION('',(0.,0.,-1.));
#11342 = DIRECTION('',(1.,0.,0.));
#11343 = ADVANCED_FACE('',(#11344),#11363,.F.);
#11344 = FACE_BOUND('',#11345,.F.);
#11345 = EDGE_LOOP('',(#11346,#11354,#11355,#11356));
#11346 = ORIENTED_EDGE('',*,*,#11347,.T.);
#11347 = EDGE_CURVE('',#11348,#11160,#11350,.T.);
#11348 = VERTEX_POINT('',#11349);
#11349 = CARTESIAN_POINT('',(70.,-65.2,-2.));
#11350 = LINE('',#11351,#11352);
#11351 = CARTESIAN_POINT('',(70.,-65.2,-2.));
#11352 = VECTOR('',#11353,1.);
#11353 = DIRECTION('',(0.,0.,-1.));
#11354 = ORIENTED_EDGE('',*,*,#11167,.T.);
#11355 = ORIENTED_EDGE('',*,*,#11347,.F.);
#11356 = ORIENTED_EDGE('',*,*,#11357,.F.);
#11357 = EDGE_CURVE('',#11348,#11348,#11358,.T.);
#11358 = CIRCLE('',#11359,1.);
#11359 = AXIS2_PLACEMENT_3D('',#11360,#11361,#11362);
#11360 = CARTESIAN_POINT('',(71.,-65.2,-2.));
#11361 = DIRECTION('',(0.,0.,1.));
#11362 = DIRECTION('',(1.,0.,0.));
#11363 = CYLINDRICAL_SURFACE('',#11364,1.);
#11364 = AXIS2_PLACEMENT_3D('',#11365,#11366,#11367);
#11365 = CARTESIAN_POINT('',(71.,-65.2,-2.));
#11366 = DIRECTION('',(0.,0.,-1.));
#11367 = DIRECTION('',(1.,0.,0.));
#11368 = ADVANCED_FACE('',(#11369),#11372,.F.);
#11369 = FACE_BOUND('',#11370,.T.);
#11370 = EDGE_LOOP('',(#11371));
#11371 = ORIENTED_EDGE('',*,*,#11232,.F.);
#11372 = PLANE('',#11373);
#11373 = AXIS2_PLACEMENT_3D('',#11374,#11375,#11376);
#11374 = CARTESIAN_POINT('',(70.25,-2.5,-2.));
#11375 = DIRECTION('',(0.,0.,1.));
#11376 = DIRECTION('',(1.,0.,0.));
#11377 = ADVANCED_FACE('',(#11378),#11381,.F.);
#11378 = FACE_BOUND('',#11379,.T.);
#11379 = EDGE_LOOP('',(#11380));
#11380 = ORIENTED_EDGE('',*,*,#11257,.F.);
#11381 = PLANE('',#11382);
#11382 = AXIS2_PLACEMENT_3D('',#11383,#11384,#11385);
#11383 = CARTESIAN_POINT('',(5.5,-2.5,-2.));
#11384 = DIRECTION('',(0.,0.,1.));
#11385 = DIRECTION('',(1.,0.,0.));
#11386 = ADVANCED_FACE('',(#11387),#11390,.F.);
#11387 = FACE_BOUND('',#11388,.T.);
#11388 = EDGE_LOOP('',(#11389));
#11389 = ORIENTED_EDGE('',*,*,#11282,.F.);
#11390 = PLANE('',#11391);
#11391 = AXIS2_PLACEMENT_3D('',#11392,#11393,#11394);
#11392 = CARTESIAN_POINT('',(4.75,-65.2,-2.));
#11393 = DIRECTION('',(0.,0.,1.));
#11394 = DIRECTION('',(1.,0.,0.));
#11395 = ADVANCED_FACE('',(#11396),#11399,.F.);
#11396 = FACE_BOUND('',#11397,.T.);
#11397 = EDGE_LOOP('',(#11398));
#11398 = ORIENTED_EDGE('',*,*,#11307,.F.);
#11399 = PLANE('',#11400);
#11400 = AXIS2_PLACEMENT_3D('',#11401,#11402,#11403);
#11401 = CARTESIAN_POINT('',(6.,-102.5,-2.));
#11402 = DIRECTION('',(0.,0.,1.));
#11403 = DIRECTION('',(1.,0.,0.));
#11404 = ADVANCED_FACE('',(#11405),#11408,.F.);
#11405 = FACE_BOUND('',#11406,.T.);
#11406 = EDGE_LOOP('',(#11407));
#11407 = ORIENTED_EDGE('',*,*,#11332,.F.);
#11408 = PLANE('',#11409);
#11409 = AXIS2_PLACEMENT_3D('',#11410,#11411,#11412);
#11410 = CARTESIAN_POINT('',(69.75,-102.5,-2.));
#11411 = DIRECTION('',(0.,0.,1.));
#11412 = DIRECTION('',(1.,0.,0.));
#11413 = ADVANCED_FACE('',(#11414),#11417,.F.);
#11414 = FACE_BOUND('',#11415,.T.);
#11415 = EDGE_LOOP('',(#11416));
#11416 = ORIENTED_EDGE('',*,*,#11357,.F.);
#11417 = PLANE('',#11418);
#11418 = AXIS2_PLACEMENT_3D('',#11419,#11420,#11421);
#11419 = CARTESIAN_POINT('',(71.,-65.2,-2.));
#11420 = DIRECTION('',(0.,0.,1.));
#11421 = DIRECTION('',(1.,0.,0.));
#11422 = ( GEOMETRIC_REPRESENTATION_CONTEXT(3) 
GLOBAL_UNCERTAINTY_ASSIGNED_CONTEXT((#11426)) 
GLOBAL_UNIT_ASSIGNED_CONTEXT((#11423,#11424,#11425)) 
REPRESENTATION_CONTEXT('Context #1',
  '3D Context with UNIT and UNCERTAINTY') );
#11423 = ( LENGTH_UNIT() NAMED_UNIT(*) SI_UNIT(.MILLI.,.METRE.) );
#11424 = ( NAMED_UNIT(*) PLANE_ANGLE_UNIT() SI_UNIT($,.RADIAN.) );
#11425 = ( NAMED_UNIT(*) SI_UNIT($,.STERADIAN.) SOLID_ANGLE_UNIT() );
#11426 = UNCERTAINTY_MEASURE_WITH_UNIT(LENGTH_MEASURE(2.E-04),#11423,
  'distance_accuracy_value','confusion accuracy');
#11427 = PRODUCT_RELATED_PRODUCT_CATEGORY('part',$,(#7));
#11428 = MECHANICAL_DESIGN_GEOMETRIC_PRESENTATION_REPRESENTATION('',(
    #11429),#11422);
#11429 = STYLED_ITEM('color',(#11430),#15);
#11430 = PRESENTATION_STYLE_ASSIGNMENT((#11431,#11437));
#11431 = SURFACE_STYLE_USAGE(.BOTH.,#11432);
#11432 = SURFACE_SIDE_STYLE('',(#11433));
#11433 = SURFACE_STYLE_FILL_AREA(#11434);
#11434 = FILL_AREA_STYLE('',(#11435));
#11435 = FILL_AREA_STYLE_COLOUR('',#11436);
#11436 = COLOUR_RGB('',0.800000010877,0.800000010877,0.90196104065);
#11437 = CURVE_STYLE('',#11438,POSITIVE_LENGTH_MEASURE(0.1),#11439);
#11438 = DRAUGHTING_PRE_DEFINED_CURVE_FONT('continuous');
#11439 = COLOUR_RGB('',9.803921802644E-02,9.803921802644E-02,
  9.803921802644E-02);
ENDSEC;
END-ISO-10303-21;
